name,category,start,end,success,USD raised,USD aimed,ROI rate,accepted currency,integrity,team,vision,product,marketing,community,risk,video,website,whitepaper,facebook,twitter,follower,following,total tweet,ICO tweet,instagram,linkedin,reddit,github,youtube channel,medium,bitcointalk,steemit,slack,CEO,cofounder,CTO,event,youtube channel link,github link
Midas Protocol,Trading,2018-05-15,2018-07-01,1,9019600,9000000,Normal, ,5,5,5,5,mid,mid,mid,1,1,1,1,1,2174,245,124,112,0,0,0,0,1,1,0,0,0, , , ,2,https://www.youtube.com/channel/UCHCphQZNkVr20YZG5BGnOCQ, 
Squeezer,Blockchain Service,2018-06-20,2018-06-30,1,14805000,15000000,Normal, ,5,5,5,5,mid,mid,mid,1,1,1,1,1,26240,6,76,9,0,0,0,1,1,1,1,0,0, , , ,0,https://www.youtube.com/channel/UC4oipFLgQW7e98Gei-7NEIQ,SqueezerIO
Databroker DAO,Data Service,2018-04-26,2018-06-30,0,3544538,12300000,Normal, ,5,5,5,5,mid,mid,mid,1,1,1,1,1,3783,2229,680,192,0,0,1,1,1,1,1,0,0, , , ,5,https://www.youtube.com/channel/UCUmxSlaliIuF0Z3yNw8y_uA,DataBrokerDAO
Essentia,Protocol,2018-06-25,2018-06-29,1,25500000,25500000,Not rated, ,5,5,5,5,mid,mid,mid,0,1,1,1,1,18616,41,96,19,0,1,1,1,0,1,1,0,0, , , ,1, ,essentiaone
INCX,Exchange,2018-06-11,2018-06-29,1,5131500,5100000,Normal, ,5,5,5,5,mid,mid,mid,0,1,1,1,1,20805,8,79,64,0,1,1,0,1,1,0,0,0, , , ,0,https://www.youtube.com/channel/UCSvXPpv3mQgOc0C2XFYLfWg, 
TraceTo,Verification,2018-06-08,2018-06-29,1,12478800,12500000,Normal, ,5,5,5,5,mid,mid,mid,0,1,1,1,1,6881,118,241,110,0,1,0,1,0,1,1,0,0, , , ,16, ,traceto
Elysian,E-commerce,2018-06-04,2018-06-26,1,7000000,7000000,Normal,ETH,5,5,5,5,mid,mid,mid,1,1,1,1,1,5581,392,268,103,0,1,1,1,1,1,1,1,0, , , ,1,https://www.youtube.com/channel/UCm0BGtPu1nB-7HbeJsHKJTw,Elysian-ELY
DAV Network,Blockchain Service,2018-06-11,2018-06-25,0,28508200,38000000,Normal, ,5,5,5,5,mid,mid,mid,1,1,1,1,1,4370,66,688,179,0,1,1,1,1,1,1,0,0, , , ,11,https://www.youtube.com/channel/UCPuAOygDwCiLOdLosiQJJ1w,DAVFoundation
GoNetwork,Blockchain Service,2018-06-11,2018-06-25,1,0,0,Not rated, ,5,5,5,5,mid,mid,mid,1,1,1,0,1,50191,66,72,4,0,1,0,1,1,1,1,0,0, , , ,0,https://www.youtube.com/channel/UCpu6zDStXGUl5_FvNtTzaag,gonetwork-project
Metronome,Currency,2018-06-18,2018-06-25,1,0,0,Normal, ,5,5,5,5,mid,mid,mid,0,1,1,1,1,9962,51,287,35,0,1,1,1,0,1,0,0,0, , , ,3, ,autonomoussoftware
Multiversum,Blockchain,2018-05-01,2018-06-25,0,21721869,35000000,Normal, ,5,5,5,5,mid,mid,mid,1,1,1,1,1,2392,246,102,69,0,0,1,1,1,1,1,0,0, , , ,3,https://www.youtube.com/watch?v=SsvMFGNTEwQ,MultiversumBlockchain
Hashgard,Blockchain,2018-01-01,2018-06-01,1,0,0,Normal, ,5,5,5,5,mid,mid,mid,0,1,1,1,1,4936,16,35,13,0,1,1,0,0,1,0,0,0, , , ,0, , 
AIRBLOC Protocol,Data Service,2018-06-15,2018-06-19,1,10427400,10400000,Normal, ,5,5,5,5,mid,mid,mid,1,1,1,1,1,1096,0,47,20,0,0,1,1,1,1,0,0,0, , , ,1,https://www.youtube.com/channel/UCKYRUMFyIYs_h4tyz1tKP3w,airbloc
OneLedger,Blockchain Service,2018-06-15,2018-06-16,1,15000015,15000000,Normal,ETH,5,5,5,5,mid,mid,mid,0,1,1,0,1,6042,0,68,6,0,1,1,1,0,1,0,0,0, , , ,0, ,Oneledger/
FANTOM,Blockchain,2018-06-15,2018-06-16,1,39653398,39400000,Very High, ,5,5,5,5,mid,mid,mid,1,1,1,1,1,7247,23,132,72,0,1,0,1,0,1,0,0,0, , , ,4, ,Fantom-foundation
Alchemint,Currency,2018-06-09,2018-06-12,1,30000000,30000000,Normal,"ETH, NEO",5,5,5,5,mid,mid,mid,0,1,1,1,1,3746,83,215,24,0,1,1,0,1,0,0,0,0, , , ,0,https://www.youtube.com/channel/UCwrtClCx049XDnyYFB6P2qw, 
MoneyToken,Finance,2018-05-02,2018-06-07,1,36174400,41500000,Normal, ,0,0,0,0,mid,mid,mid,1,1,1,1,1,30943,176,99,64,0,0,0,1,1,1,1,0,0, , ,Alex Rass,12,https://www.youtube.com/channel/UCz9r7r5BSoq4eE6guMa7P-w,nan
Atonomi,Blockchain Service,2018-06-06,2018-06-06,1,25000000,25000000,High, ,5,5,5,5,mid,mid,mid,0,1,1,1,1,12650,1624,165,12,0,1,1,1,1,0,0,0,0, , , ,1,https://www.youtube.com/channel/UCA3uN6KJAD2B0IRWpJIVClQ,atonomi
Arweave,Data Service,2018-06-03,2018-06-06,1,8700000,8700000,Normal, ,5,5,5,5,mid,mid,mid,1,1,1,1,1,3531,274,244,12,0,1,1,1,1,1,0,0,0, , , ,2,https://www.youtube.com/channel/UCdM3INQ5NAsNjWU8-2y_xjw,ArweaveTeam/arweave
HybridBlock,Trading,2018-05-23,2018-06-06,1,47830000,50000000,Normal,"ETH, BTC, NEO",5,5,5,5,mid,mid,mid,1,1,1,1,1,4253,12,182,84,0,1,1,0,1,1,1,0,0, , , ,0,https://www.youtube.com/channel/UCbzLOZaEegUfTVBJQeSc0sw, 
Cool Cousin,Dapp,2018-05-15,2018-06-05,1,10008209,10400000,Low,ETH,0,0,0,0,mid,mid,mid,1,1,1,1,1,10199,1696,855,61,0,1,1,1,1,1,1,0,0,Itay Nagler, ,Gil Azrielant,5,https://www.youtube.com/channel/UClQ-OmPE_Y9moK8iUjJZ3-g,nan
QuarkChain,Blockchain,2018-06-02,2018-06-03,1,20000000,20000000,Very High, ,5,5,5,5,mid,mid,mid,1,1,1,1,1,21732,48,305,144,0,0,1,1,0,0,0,1,0, , , ,5, ,QuarkChain
Cardstack,Blockchain Service,2018-05-31,2018-06-01,1,35000000,35000000,Not rated, ,5,5,5,5,mid,mid,mid,1,1,1,0,1,5793,237,439,113,0,1,1,1,0,1,1,0,0, , , ,4, ,cardstack/cardstack
BitRewards,Marketing,2018-04-12,2018-06-01,0,6715741,15000000,Normal, ,5,5,5,5,mid,mid,mid,1,1,1,1,1,19502,83,166,77,0,0,1,1,1,1,1,0,0, , , ,4,https://www.youtube.com/channel/UCWwXrCr1ofCuADGsFC13HkA,BitRewards
Omnitude,Blockchain Service,2018-03-28,2018-06-01,0,7497400,25000000,Not rated, ,0,0,0,0,mid,mid,mid,1,1,1,1,1,14923,734,1456,89,0,1,1,1,0,1,1,0,0,Chris Painter, , ,3, ,nan
RightMesh,Mobile,2018-05-30,2018-05-31,1,30000000,30000000,Normal, ,5,5,5,5,mid,mid,mid,1,1,1,1,1,27792,2639,804,112,0,1,1,1,1,1,0,0,0, , , ,9,https://www.youtube.com/channel/UCa-am0tFMgJbDP2_yYFhfRA,rightmesh
Bigbom,Advertising,2018-05-28,2018-05-30,1,6792000,6800000,Normal, ,5,5,5,5,mid,mid,mid,1,1,1,1,1,14004,5,162,58,0,0,0,1,1,1,0,0,0, , , ,0,https://www.youtube.com/channel/UCs6LAeB75nLLmHyQtGtl4uA,bigbomio
DCC,Finance,2018-05-28,2018-05-29,1,49000000,49000000,Normal, ,5,5,5,5,mid,mid,mid,1,1,1,1,1,11701,984,613,119,0,0,1,1,1,1,0,0,0, , , ,4,https://www.youtube.com/channel/UCX0Y5MQwTLGPtIP1jAJm9Ng,DistributedBanking/DCC
PCHAIN,Blockchain,2018-05-28,2018-05-28,1,26674000,26700000,High, ,5,5,5,5,mid,mid,mid,1,1,1,0,1,41291,181,81,29,0,0,0,1,0,1,0,0,0, , , ,1, ,pchain-org
Phantasma Protocol,Blockchain,2018-05-27,2018-05-28,1,9650000,9700000,High, ,5,5,5,5,mid,mid,mid,0,1,1,0,1,6587,30,105,46,0,1,1,1,0,1,0,0,0, , , ,1, ,PhantasmaProtocol
CarBlock,Real Business, ,2018-05-28,1,22920000,22900000,Normal, ,5,5,5,5,mid,mid,mid,1,1,1,1,1,1962,17,23,3,0,1,0,1,1,1,1,0,0, , , ,0,https://www.youtube.com/channel/UCjgN4_1Jvv1KlETeoWalBVA,carblock-io
Insureum,Insurance, ,2018-05-28,1,20000000,20000000,Normal, ,5,5,5,5,mid,mid,mid,1,1,1,1,1,2088,1147,222,30,0,0,0,1,1,0,1,0,0, , , ,2,https://www.youtube.com/channel/UCMcCdwW8V3r4uSTY2qxdNIA,TeamZikto/Contract
Sentinel Protocol,Security,2018-05-27,2018-05-27,1,27700000,27700000,Normal, ,5,5,5,5,mid,mid,mid,0,1,1,1,1,4373,52,148,29,0,0,1,0,0,1,0,0,0, , , ,1, , 
LemoChain,Data Service,2018-05-27,2018-05-27,1,6295404,6300000,Normal, ,5,5,5,5,mid,mid,mid,1,1,1,1,1,5313,41,59,14,0,0,1,1,1,1,0,0,0, , , ,0,https://www.youtube.com/channel/UCdXVejZk2aa8WnEt051G5ZA,LemoFoundationLtd
Egretia,Blockchain,2018-05-26,2018-05-26,1,23650450,23700000,Normal, ,5,5,5,5,mid,mid,mid,0,1,1,1,1,13079,14,137,57,0,1,1,1,0,1,1,0,0, , , ,4, ,Egretia
EdenChain,Blockchain,2018-05-24,2018-05-25,1,24000000,24000000,Normal,Token Issue: June 2018,5,5,5,5,mid,mid,mid,1,1,1,1,1,10575,3,101,23,0,1,1,0,0,1,0,0,0, , , ,3, , 
MVL Chain,Blockchain Service,2018-05-15,2018-05-24,0,9971500,20700000,Normal, ,5,5,5,5,mid,mid,mid,1,1,1,1,1,1551,836,272,80,0,1,0,0,1,1,1,0,0, , , ,5,https://www.youtube.com/channel/UCWIwx5KcQIaf7Ti6piFhnKw, 
Blue Whale,Blockchain Service,2018-05-24,2018-05-24,1,22700000,22700000,Normal, ,5,5,5,5,mid,mid,mid,0,1,1,1,1,3697,206,169,49,0,1,1,0,1,1,1,0,0, , , ,4,https://www.youtube.com/channel/UCj6pXevvLiO7YHm0fOMvwhw, 
Rate3 Network,Blockchain Service, ,2018-05-21,1,17500000,17500000,Normal, ,5,5,5,5,mid,mid,mid,1,1,1,0,1,13711,2630,403,48,0,0,1,1,1,1,1,0,0, , , ,4,https://www.youtube.com/channel/UCFS1YeleAZ-O9W034DfL1iA,rate-engineering
XYO Network,Blockchain Service,2018-03-20,2018-05-21,0,12000000,48000000,Normal, ,5,5,5,5,mid,mid,mid,1,1,1,1,1,7473,33,250,154,0,1,1,1,1,1,1,0,0, , , ,1,https://www.youtube.com/channel/UCyZDqb9pgntVHJVt1pxXtsw/featured,XYOracleNetwork
ATN,Artificial Intelligence, ,2018-05-20,1,0,0,Normal, ,5,5,5,5,mid,mid,mid,0,1,1,1,1,4605,178,522,59,0,1,1,1,0,0,0,1,0, , , ,2, ,atnio
TTC Protocol,Protocol,2018-04-18,2018-05-18,1,19110000,21200000,Not rated, ,5,5,5,5,mid,mid,mid,0,1,1,1,1,21525,33,61,33,0,1,0,1,0,1,0,0,0, , , ,2, ,TTCOffical/ico_smart_contract
Hero Node,Blockchain,2018-05-17,2018-05-17,1,21765720,21800000,Normal, ,5,5,5,5,mid,mid,mid,0,1,1,0,1,5835,69,139,41,0,1,1,1,0,1,0,0,0, , , ,1, ,hero-node
The Abyss (DAICO),Gaming,2018-04-18,2018-05-16,1,15352418,18000000,Normal, ,5,5,5,5,mid,mid,mid,1,1,1,1,1,17666,5,386,74,0,1,1,1,0,1,1,0,0, , , ,11, ,theabyssportal
VideoCoin,Blockchain Service,2018-01-01,2018-05-01,1,50000000,50000000,Normal, ,5,5,5,5,mid,mid,mid,0,1,1,1,1,2370,2082,295,87,0,1,1,0,1,1,1,0,0, , , ,6,https://www.youtube.com/channel/UChyso79nMDhzDm0l0e7UuYQ, 
Academy,Blockchain Service,2018-03-15,2018-05-15,1,0,0,Low, ,5,5,5,5,mid,mid,mid,1,1,1,1,1,1597,32,502,177,0,1,0,0,0,1,0,0,0, , , ,1, , 
Orbs,Blockchain, ,2018-05-15,1,0,0,Normal, ,5,5,5,5,mid,mid,mid,1,1,1,0,1,3355,17,368,1,0,1,1,1,1,1,0,0,0, , , ,0,https://www.youtube.com/channel/UCfpV4z-MGxeiabFkht1LNPQ,orbs-network
Quant Network,Blockchain Service,2018-05-01,2018-05-12,1,0,0,Normal,ETH,5,5,5,5,mid,mid,mid,1,1,1,1,1,4377,703,440,93,0,1,1,1,1,1,0,0,0, , , ,6,https://www.youtube.com/channel/UCsz53-6ZYJCI0TtE4M_kdkA,quantnetwork
Bezant,Payments,2018-05-03,2018-05-11,0,27500000,40000000,Normal, ,0,0,0,0,mid,mid,mid,1,1,1,1,1,1960,39,88,46,0,1,1,0,1,1,1,0,0,Chan Joon Kim, , ,9,https://www.youtube.com/channel/UCNBH-gqh6_q0Tf1gbbQJzCw,nan
HYCON,Blockchain,2018-03-30,2018-05-10,1,22932600,22900000,Normal, ,5,5,5,5,mid,mid,mid,1,1,1,1,1,3010,256,424,105,0,1,1,1,1,1,0,0,0, , , ,8,https://www.youtube.com/channel/UCG70VYa9wVjYB_rZ3cRSPyQ,Team-Hycon
Virtue Poker,Gambling,2018-04-25,2018-05-09,1,18548000,18500000,Normal, ,5,5,5,5,mid,mid,mid,1,1,1,1,1,3127,64,74,30,0,1,0,0,0,0,0,0,0, , , ,0, , 
Eligma,Blockchain Service,2018-04-17,2018-05-08,0,11250740,24000000,Normal, ,5,5,5,5,mid,mid,mid,1,1,1,1,1,8066,305,523,110,0,1,1,1,1,1,1,0,0, , , ,10,https://www.youtube.com/channel/UCfshAN27bKPe4f3uBIr7jjA,Eligma/Eligma
DAOstack,Blockchain Service,2018-05-08,2018-05-08,1,30000000,30000000,Normal, ,5,5,5,5,mid,mid,mid,1,1,1,0,1,5719,84,471,1,0,0,1,1,1,1,1,0,0, , , ,0,https://www.youtube.com/channel/UCX4GNxoP4GdGQk7pUp0j6JA/videos,daostack
HOLD,Finance,2018-05-04,2018-05-07,1,11300000,11300000,Normal, ,5,5,5,5,mid,mid,mid,0,1,1,0,1,11117,43,80,48,0,1,0,0,0,1,0,0,0, , , ,0, , 
Grain,Smart Contract,2018-04-16,2018-05-07,0,11303218,14800000,Normal,ETH,5,5,5,5,mid,mid,mid,1,1,1,1,1,5385,58,195,97,0,1,0,1,1,1,1,0,0, , , ,8,https://www.youtube.com/channel/UCGSjeO28gA7EhtLjpJ8vldA,grainio
Skrumble Network,Social Network,2018-05-05,2018-05-05,1,16472800,16500000,Normal, ,5,5,5,5,mid,mid,mid,1,1,1,1,1,2027,1755,2375,1,0,1,0,1,0,0,0,0,0, , , ,0, ,Skrumble
Libra Credit,Finance,2018-05-01,2018-05-05,1,26400000,26400000,Normal, ,5,5,5,5,mid,mid,mid,0,1,1,1,1,11583,99,142,38,0,1,1,1,0,1,1,0,0, , , ,4, ,libracredit
Merculet,Blockchain Service,2018-05-04,2018-05-04,1,28686240,28700000,Normal, ,5,5,5,5,mid,mid,mid,1,1,1,1,1,29035,5,146,58,0,1,1,1,0,1,1,0,0, , , ,6, ,Merculet
Project SHIVOM,Healthcare,2018-05-03,2018-05-03,1,35000000,35000000,Normal, ,5,5,5,5,mid,mid,mid,1,1,1,1,1,46139,1383,391,77,0,1,1,0,1,1,1,0,0, , , ,2,https://www.youtube.com/c/ProjectShivom, 
GoChain,Blockchain,2018-05-02,2018-05-03,1,13685000,13700000,High, ,5,5,5,5,mid,mid,mid,0,1,1,1,1,3518,90,467,1,0,1,1,1,0,1,1,0,0, , , ,0, ,gochain-io
Unibright,Blockchain Service,2018-04-21,2018-05-02,1,13542375,13500000,Not rated, ,5,5,5,5,mid,mid,mid,1,1,1,1,1,5344,341,226,57,0,1,1,0,1,1,1,0,0, , , ,7,https://www.youtube.com/channel/UC5rs94G9ZsUvce73PEWrV4w, 
Solve.Care,Healthcare,2018-03-31,2018-05-01,1,20000000,20000000,Normal, ,5,5,5,5,mid,mid,mid,1,1,1,1,1,3556,2704,281,74,0,0,1,1,1,1,1,0,0, , , ,2,https://www.youtube.com/channel/UCt75sklUcLfwYjTrn4asOBA,SolveCare
Blockchain Terminal,Trading,2018-04-01,2018-05-01,0,21500000,51500000,Normal, ,5,5,5,5,mid,mid,mid,1,1,1,1,1,18200,42,197,126,0,0,1,0,1,1,0,0,0, , , ,7,https://www.youtube.com/channel/UCyq4KYf3n1wTwkBRigt5AYw?view_as=subscriber, 
KodakOne,Blockchain Service, ,2018-05-01,1,0,0,Normal, ,5,5,5,5,mid,mid,mid,0,1,0,1,1,4226,32,94,11,0,1,0,0,1,1,0,0,0, , , ,0,https://www.youtube.com/channel/UCf5zbB1P-p_qWjgC4yRVVzw, 
CloudMoolah,Gaming,2018-03-30,2018-04-30,1,12300000,15000000,Not rated,ETH,5,5,5,5,mid,mid,mid,1,1,1,1,1,1317,196,212,81,0,0,1,0,0,1,1,0,0, , , ,3, , 
Mainframe,Blockchain Service,2018-03-01,2018-04-01,1,0,0,Normal, ,5,5,5,5,mid,mid,mid,1,1,1,1,1,7928,13,1487,1,0,1,1,1,1,0,0,0,0, , , ,0,https://www.youtube.com/channel/UCOhQaYVAUypRWHucouG3Sjg,MainframeHQ
DAEX,Blockchain,2018-04-28,2018-04-29,1,0,0,Normal, ,5,5,5,5,mid,mid,mid,0,1,1,0,1,11855,89,90,30,0,0,0,0,0,0,0,0,0, , , ,3, , 
Holo,Cloud Storage,2018-03-29,2018-04-28,1,20388500,20400000,Normal, ,5,5,5,5,mid,mid,mid,1,1,1,1,1,5601,1474,753,113,0,0,1,1,1,0,1,0,0, , , ,4,https://www.youtube.com/channel/UCSRJRJvkZHk3f1PemqT-R0g,holochain
Morpheus Network,Payments,2018-03-22,2018-04-22,0,9883347,18000000,Normal, ,5,5,5,5,mid,mid,mid,1,1,1,1,0,0,0,0,0,0,1,1,0,0,1,1,0,0, , , ,0, , 
DML,Blockchain Service,2018-04-16,2018-04-22,0,10425492,17900000,Normal, ,5,5,5,5,mid,mid,mid,1,1,1,1,1,2010,17,307,36,0,0,1,1,1,1,0,0,0, , , ,1,https://www.youtube.com/channel/UCT_qj3gQri8uARHWjHw1JNw,DecentralizedML
Nebula AI,Blockchain,2018-04-02,2018-04-20,0,5874054,17700000,Not rated, ,5,5,5,5,mid,mid,mid,1,1,1,1,1,1652,27,201,96,0,1,0,1,1,0,1,0,0, , , ,6,https://www.youtube.com/channel/UCWltsUAyiser4-_eLLGmpdg,nebulaai
NKN,Blockchain,2018-04-19,2018-04-19,1,12600000,12600000,High, ,5,5,5,5,mid,mid,mid,0,1,1,0,1,6992,142,234,29,0,1,1,1,0,1,1,0,0, , , ,1, ,nknorg
Lendingblock,Finance,2018-04-15,2018-04-18,1,10000000,10000000,Normal, ,5,5,5,5,mid,mid,mid,1,1,1,1,1,6193,4467,352,100,0,1,1,1,1,0,1,0,0, , , ,3,https://www.youtube.com/channel/UCSW4xLO-6zXYI6BVT0o64Eg,lendingblock
Auctus,Finance,2018-03-27,2018-04-17,1,3865575,3900000,Normal, ,5,5,5,5,mid,mid,mid,1,1,1,1,1,9915,432,536,104,0,1,1,1,0,1,0,0,0, , , ,11, ,AuctusProject
Open Platform,Blockchain Service, ,2018-04-17,1,18000000,18000000,Normal, ,5,5,5,5,mid,mid,mid,1,1,1,1,1,36547,3,881,61,0,1,1,0,1,0,1,0,0, , , ,0,https://www.youtube.com/channel/UCoNIXk5AUROlMy1XwIbbEvQ, 
Block Collider,Blockchain Service,2018-04-13,2018-04-16,1,7012829,7000000,High, ,5,5,5,5,mid,mid,mid,1,1,1,1,1,4083,0,123,22,0,1,1,1,0,0,0,0,0, , , ,1, ,blockcollider
Repux,Data Service,2018-03-06,2018-04-07,0,4700000,33100000,Normal, ,5,5,5,5,mid,mid,mid,1,1,1,1,1,3019,77,234,59,0,1,1,1,1,1,1,0,0, , , ,3,https://www.youtube.com/channel/UCCcDC1u2aGUUAV108zxC_8Q,repux/token
Coinvest,Trading,2018-03-09,2018-04-06,0,5300000,30000000,Not rated, ,5,5,5,5,mid,mid,mid,0,1,1,1,1,5586,2472,531,1,0,1,0,1,1,1,1,0,0, , , ,0,https://www.youtube.com/channel/UCX-pE6nXFg3uK2_cMQ5n6jA,CoinvestHQ
BitGuild,Gaming,2018-03-16,2018-04-06,1,13408025,16700000,Not rated, ,5,5,5,5,mid,mid,mid,0,1,1,1,1,13804,445,328,1,0,1,1,0,1,1,1,0,0, , , ,0,https://www.youtube.com/channel/UCvk-Ir3FoksiHMa2qqiymJQ, 
Thrive,Advertising,2018-03-10,2018-04-05,1,26031250,30600000,Normal,"ETH, BTC, LTC",5,5,5,5,mid,mid,mid,1,1,1,1,1,8494,1336,145,39,0,1,0,1,1,1,1,0,0, , , ,0,https://www.youtube.com/channel/UC-mEhSbHxY8tIG7T9MK-nZg,thrivelabs/
Chainium,Trading,2018-03-28,2018-04-04,0,3434946,5500000,Not rated, ,5,5,5,5,mid,mid,mid,1,1,1,1,1,12561,249,631,1,0,1,0,1,1,1,1,0,0, , , ,0,https://www.youtube.com/channel/UCeOea6Kxx-2DoPjc97E8a-w/featured,chainium
Seele,Blockchain,2018-04-03,2018-04-03,1,12133800,12100000,Not rated, ,5,5,5,5,mid,mid,mid,0,1,1,1,1,14442,45,185,21,0,1,1,1,0,1,1,0,0, , , ,1, ,seeleteam
Nexo,Banking,2018-03-06,2018-04-01,1,52500000,52500000,Normal, ,5,5,5,5,mid,mid,mid,1,1,1,1,1,38286,377,230,1,0,1,0,0,1,1,0,0,0, , , ,0,https://www.youtube.com/channel/UCDMuAzBypoeEV9i6v-dmQwA, 
Faceter,Verification,2018-02-15,2018-03-30,0,28610352,40800000,Normal, ,5,5,5,5,mid,mid,mid,1,1,1,1,1,3691,312,250,131,0,1,1,1,1,1,1,0,0, , , ,10,https://www.youtube.com/channel/UCNuni06vUuSyi_D5rQm6pww,faceterteam
Narrative network,Social Network,2018-02-20,2018-03-29,0,14642183,22800000,Normal,NEO,5,5,5,5,mid,mid,mid,0,1,1,0,1,3034,1408,541,1,0,1,0,0,0,0,1,0,0, , , ,0, , 
Effect.ai,Artificial Intelligence,2018-03-24,2018-03-28,0,13591090,18400000,Normal, ,5,5,5,5,mid,mid,mid,1,1,1,1,1,11074,176,382,1,0,1,1,1,1,1,1,0,0, , , ,0,https://www.youtube.com/channel/UCWzHpI310baipgvVMCxcwHA,effectai
Consensus,Artificial Intelligence, ,2018-03-28,1,0,0,Normal, ,5,5,5,5,mid,mid,mid,0,1,1,1,1,30853,105,124,2,0,1,1,0,0,1,1,0,0, , , ,0, , 
Loki,Currency,2018-03-01,2018-03-26,1,0,0,Normal, ,5,5,5,5,mid,mid,mid,0,1,1,0,1,3392,110,241,21,0,1,1,1,1,0,1,0,0, , , ,0,https://www.youtube.com/channel/UCN7LL0dEffQ7FSjbY5wwlnw,loki-project
Cappasity,Marketplace,2018-02-22,2018-03-23,0,5100000,20000000,Normal, ,5,5,5,5,mid,mid,mid,1,1,1,1,1,8981,276,2250,1,0,1,1,1,1,0,1,0,0, , , ,0,https://www.youtube.com/channel/UCRCSGdmb2ClX-3P9A6oXkAw,CappasityTech
Celsius,Finance,2018-03-16,2018-03-22,1,50000000,50000000,Normal, ,5,5,5,5,mid,mid,mid,1,1,1,1,1,16250,15428,651,1,0,1,1,0,1,1,1,0,0, , , ,0,https://www.youtube.com/channel/UC3yZY7UVs-zPKBuyNuPinbQ, 
PolySwarm,Security,2018-02-20,2018-03-22,0,25930000,50000000,Normal, ,5,5,5,5,mid,mid,mid,1,1,1,1,1,4437,97,940,1,0,1,0,1,1,1,1,0,0, , , ,0,https://www.youtube.com/channel/UClkA8JVQ--oMsPomOKM85fA,polyswarm
Viewly,Blockchain Service,2018-02-20,2018-03-22,1,12000000,12000000,Normal, ,5,5,5,5,mid,mid,mid,0,1,0,1,1,1306,173,190,63,0,1,0,1,0,1,0,0,0, , , ,5, ,Viewly/
Friendz,Marketing,2018-03-01,2018-03-21,0,18118800,50300000,Not rated, ,5,5,5,5,mid,mid,mid,1,1,1,1,1,55466,184,234,124,0,1,1,0,0,1,1,0,0, , , ,11, , 
Sapien Network,Social Network,2018-03-21,2018-03-21,0,11740619,30000000,Low, ,5,5,5,5,mid,mid,mid,1,1,1,1,1,8969,0,250,28,0,1,1,1,0,0,1,0,0, , , ,2, ,SapienNetwork
Valid,Verification,2018-02-24,2018-03-17,0,10730000,25000000,Not rated,"ETH, BTC, USD",5,5,5,5,mid,mid,mid,1,1,1,1,1,1399,191,352,118,0,1,1,1,1,0,1,0,0, , , ,16,https://www.youtube.com/channel/UCCjK3Sblx-Jxx8je84XakbQ,valid-global/
Switcheo Network,Exchange,2018-03-16,2018-03-17,1,8700000,8700000,Normal, ,5,5,5,5,mid,mid,mid,0,1,1,0,1,9437,44,186,16,0,1,1,1,0,1,0,0,0, , , ,2, ,ConjurTech/switcheo
Socialmedia.market,Marketing,2018-02-09,2018-03-16,1,8462740,9700000,Normal, ,5,5,5,5,mid,mid,mid,1,1,1,0,1,0,0,0,0,0,1,1,1,1,1,1,0,0, , , ,0,https://www.youtube.com/channel/UCPJ919jN8eCcVDkzbCR06nw,SocialMediaMarket
Dragon,Currency,2018-02-15,2018-03-15,0,320000000,407500000,Normal, ,5,5,5,5,mid,mid,mid,1,1,1,1,1,7796,330,898,1,0,1,1,0,1,1,1,0,0, , , ,0,https://www.youtube.com/channel/UCG9Ep0pYsSujqcfmCjHSlAQ, 
SyncFab,Blockchain Service,2018-02-15,2018-03-15,0,9155717,19700000,Normal, ,5,5,5,5,mid,mid,mid,1,1,1,1,1,8393,3678,944,55,0,1,1,1,1,1,1,0,0, , , ,6,https://www.youtube.com/user/syncfab,syncfab
Endor,Hybrid Intellingence,2018-02-19,2018-03-14,1,45000000,45000000,Normal, ,5,5,5,5,mid,mid,mid,1,1,1,1,1,0,0,0,0,0,1,1,1,1,1,0,0,0, , , ,0,https://www.youtube.com/channel/UCnFEc86wGKq58we4mXyftRA,EndorCoin
YGGDRASH,Blockchain,2018-03-12,2018-03-13,1,40000000,40000000,Not rated, ,5,5,5,5,mid,mid,mid,1,1,1,1,1,6511,17,96,29,0,1,1,1,0,1,1,0,0, , , ,1, ,yggdrash
Ocean Protocol,Blockchain Service,2018-03-07,2018-03-09,1,22100000,22100000,High, ,5,5,5,5,mid,mid,mid,1,1,1,0,1,10325,139,699,1,0,1,1,1,1,0,0,0,0, , , ,0,https://www.youtube.com/channel/UCH8TXwmWWAE9TZO0yTBHB3A,oceanprotocol
Sentinel Chain,Marketplace,2018-03-06,2018-03-09,1,14400000,14400000,Normal, ,0,0,0,0,mid,mid,mid,1,1,1,0,1,4083,1126,423,1,0,1,1,1,1,1,1,0,0,Roy Lai, , ,0,https://www.youtube.com/channel/UCvfvoCTvnH2OMAArfwXLaLA,nan
JET8,Marketing,2018-02-28,2018-03-06,1,32700000,36000000,Normal, ,5,5,5,5,mid,mid,mid,1,1,1,0,1,2110,138,313,116,0,1,1,1,1,1,0,0,0, , , ,2,https://www.youtube.com/channel/UCQ8Z1Qkl_Hx7vcj_S6r3QRw,jet8
DATx,Advertising, ,2018-03-06,1,44150000,44200000,Normal, ,5,5,5,5,mid,mid,mid,0,1,1,1,1,47825,29,178,52,0,0,1,1,0,1,1,0,0, , , ,0, ,DATx-Protocol
Zebi,Blockchain Service,2018-03-05,2018-03-05,1,8561100,8600000,Not rated, ,5,5,5,5,mid,mid,mid,1,1,1,1,1,17148,79,371,1,0,0,1,1,1,1,0,0,0, , , ,0,https://www.youtube.com/channel/UCrEFyjIGGznac_8nj9uhu2Q,zebidata/zebicrowdsale
IP Exchange,Marketplace,2018-02-28,2018-03-05,1,7904319,9300000,Normal, ,5,5,5,5,mid,mid,mid,1,1,1,1,1,2820,31,75,16,0,0,1,0,1,1,1,0,0, , , ,2,https://www.youtube.com/channel/UCWdhDPJgK6n66DM7sKxm49w, 
PolicyPal Network,Insurance,2018-03-03,2018-03-04,1,20482240,20200000,Normal, ,5,5,5,5,mid,mid,mid,0,1,1,0,1,10410,351,365,1,0,1,1,1,0,1,1,0,0, , , ,0, ,policypalnet
Cortex,Artificial Intelligence,2018-02-07,2018-03-02,1,34870400,34900000,Normal, ,5,5,5,5,mid,mid,mid,0,1,1,1,1,9702,76,137,1,0,1,1,1,0,1,0,0,0, , , ,0, ,CortexFoundation
TomoCoin,Blockchain,2018-03-01,2018-03-02,1,8575000,8500000,Normal, ,5,5,5,5,mid,mid,mid,1,1,1,1,1,9333,29,154,25,0,0,0,0,1,1,1,0,0, , , ,2,https://www.youtube.com/channel/UCXZ2rmjM84qS80RCj6vQ1gw, 
MAD Network,Advertising,2018-02-28,2018-03-01,1,25000000,25000000,Normal, ,5,5,5,5,mid,mid,mid,0,1,1,1,1,4119,150,304,28,0,1,1,0,0,0,1,0,0, , , ,1, , 
Rentberry,Real Estate,2017-12-05,2018-03-01,1,27500000,30000000,Normal, ,5,5,5,5,mid,mid,mid,1,1,1,1,1,16322,4308,609,126,0,0,1,1,1,0,1,0,0, , , ,2,https://www.youtube.com/channel/UC1tJKugchHhE_2Y9kWJNXLA,Rentberry
Bankera,Banking,2017-11-27,2018-03-01,0,150949194,215900000,Not rated, ,5,5,5,5,mid,mid,mid,1,1,1,1,1,25609,502,2354,1,0,0,0,0,0,1,1,0,0, , , ,0, , 
Crowd Genie,Finance,2017-12-25,2018-03-01,1,5550000,5000000,Normal, ,5,5,5,5,mid,mid,mid,1,1,1,1,0,0,0,0,0,0,0,0,1,1,1,1,0,0, , , ,0,https://www.youtube.com/playlist?list=PL2bOogx1dP7pOwt6Ul3DfyclOyNQyR58_,crowdgenie/smart-contract
Ignite Ratings,Trading,2018-01-15,2018-02-28,0,3003777,8700000,Normal, ,5,5,5,5,mid,mid,mid,1,1,1,1,1,14083,69,710,41,0,1,0,1,1,1,0,0,0, , , ,1,https://www.youtube.com/channel/UCaFZ0BYiqyjp0BE87i59a2g,IgniteRATINGS/IGNITE
FintruX,Finance,2018-02-07,2018-02-28,1,24714054,25000000,Normal, ,5,5,5,5,mid,mid,mid,1,1,1,1,1,3639,928,316,61,0,0,1,1,1,1,0,0,0, , , ,8,https://www.youtube.com/channel/UCl6fxREMFahDNNixg4leUig,FintruX
Bridge Protocol,Verification,2018-02-22,2018-02-28,1,0,0,Normal,NEO,5,5,5,5,mid,mid,mid,1,1,1,1,1,6758,189,691,1,0,1,1,0,1,0,1,0,0, , , ,0,https://www.youtube.com/channel/UC9diA7jwybSRfDil45tu3rg, 
AdHive,Advertising,2018-02-28,2018-02-28,1,17491749,17500000,Normal, ,5,5,5,5,mid,mid,mid,1,1,1,1,1,5386,970,462,8,0,1,1,1,1,1,1,0,0, , , ,0,https://www.youtube.com/channel/UCXJEC_hyhfK_vtsc-dEJBxw,adhivetv
HERO Token,Finance,2018-02-01,2018-02-28,0,36416517,173900000,Normal, ,5,5,5,5,mid,mid,mid,1,1,1,1,1,2346,1,658,173,0,0,1,0,1,1,1,0,0, , , ,0,https://www.youtube.com/channel/UCglbFRJUT6stLj7JfiCQPlA, 
NaPoleonX,Trading,2018-01-22,2018-02-28,0,13951976,18300000,Normal, ,5,5,5,5,mid,mid,mid,1,1,0,1,1,6043,2779,2430,2,0,1,1,1,1,1,1,0,0, , , ,0,https://www.youtube.com/channel/UCoN_vg-_GU09Yet6pyx9neA,ProjectNapoleonX
Lympo,Healthcare,2018-02-17,2018-02-28,1,16857899,12700000,Normal, ,5,5,5,5,mid,mid,mid,1,1,1,1,1,7863,2054,441,1,0,1,1,1,1,1,1,0,0, , , ,0,https://www.youtube.com/channel/UCxklkPMx5daiRhYMfpHCg0Q?view_as=subscriber,LympoICO
Havven,Currency,2018-02-26,2018-02-28,1,30000000,30000000,Normal, ,5,5,5,5,mid,mid,mid,0,1,1,1,1,11244,46,328,28,0,1,1,1,0,0,1,0,0, , , ,3, ,havven/havven
Huobi token,Exchange,2018-01-24,2018-02-28,1,300000000,300000000,High, ,5,5,5,5,mid,mid,mid,0,1,1,1,1,71653,331,2553,1,0,0,0,0,1,1,0,0,0, , , ,0,https://www.youtube.com/channel/UCABkgL5rRAk61E2Qtjtqcxw/featured, 
Banca,Finance,2018-02-26,2018-02-26,1,20000000,20000000,Normal, ,5,5,5,5,mid,mid,mid,0,1,1,0,1,7666,178,150,20,0,1,1,1,0,0,1,0,0, , , ,1, ,techbanca
Debitum Network,Finance,2018-01-25,2018-02-25,1,17200000,17200000,Not rated, ,5,5,5,5,mid,mid,mid,1,1,1,1,1,8159,348,340,69,0,1,1,1,1,1,1,0,0, , , ,1,https://www.youtube.com/channel/UCKWNaiGaJ2XfuDT1gRM7soA,debitum
Electrify.Asia,Energy,2018-02-23,2018-02-24,1,29102830,30000000,Not rated, ,5,5,5,5,mid,mid,mid,1,1,1,1,1,6081,570,430,6,0,1,0,1,1,0,0,0,0, , , ,0,https://www.youtube.com/channel/UCrgHrbn77JO8hhVsF0R8xdA/videos,electrifyasia
TE-FOOD,Blockchain Service,2018-02-22,2018-02-22,1,19089273,19100000,Normal, ,5,5,5,5,mid,mid,mid,1,1,1,1,1,10951,129,375,42,0,1,1,0,1,1,1,0,0, , , ,0,https://www.youtube.com/channel/UCt4dONFbQCo1qC14mF0Z9_g, 
BABB,Finance,2018-02-06,2018-02-21,1,20000000,20000000,Normal, ,5,5,5,5,mid,mid,mid,1,1,1,1,1,11102,660,1214,1,0,1,0,0,1,1,0,0,0, , , ,0,https://www.youtube.com/channel/UCQtkZd7sfzbEugz7VdFhv4Q/featured, 
dock.io,Data Service,2018-02-21,2018-02-21,1,20140818,20000000,Normal, ,5,5,5,5,mid,mid,mid,0,1,1,1,1,6,0,1,1,0,1,1,1,0,1,1,0,0, , , ,0, ,dockio
Lendroid,Trading,2018-02-19,2018-02-20,1,47500000,47500000,Normal, ,5,5,5,5,mid,mid,mid,0,1,1,0,1,11435,19,114,16,0,1,0,1,0,0,0,0,0, , , ,0, ,lendroidproject/lendroid-ens-loan
CLN,Payments,2018-02-14,2018-02-18,0,22895000,50000000,Normal, ,5,5,5,5,mid,mid,mid,1,1,1,1,1,3917,355,750,58,0,1,0,1,1,1,1,0,0, , , ,1,https://www.youtube.com/channel/UC2yHSENHrugHTPwTBV8x4KQ,colucom/CLN-solidity
CREDITS,Blockchain,2018-02-18,2018-02-18,1,22570394,20000000,High, ,5,5,5,5,mid,mid,mid,0,1,1,1,1,56824,150,1031,1,0,1,1,1,1,1,1,0,0, , , ,0,https://www.youtube.com/channel/UCD9jHWhwq4l03Yu5XnOPEhg/featured,CREDITSCOM
0chain,Blockchain,2018-02-07,2018-02-17,1,39000000,39000000,Not rated, ,5,5,5,5,mid,mid,mid,1,1,1,1,1,37341,0,94,13,0,1,1,1,1,1,0,0,0, , , ,0,https://www.youtube.com/channel/UCuRk0tjbTmc5GEYaFEISnAw,0chain
Gems,Blockchain Service, ,2018-02-16,1,0,0,Not rated, ,5,5,5,5,mid,mid,mid,0,1,1,0,1,19496,8,171,7,0,1,0,0,1,0,0,0,0, , , ,0,https://www.youtube.com/channel/UCn5o1UPQhXjYVKilsohkABA, 
REMME,Security,2018-02-13,2018-02-15,1,17544101,17500000,Not rated, ,5,5,5,5,mid,mid,mid,1,1,1,1,1,6558,561,560,1,0,1,1,1,1,1,0,0,0, , , ,0,https://www.youtube.com/channel/UCeSQ8UosUXwII-6JOh7Fi3g,Remmeauth
Winding Tree,Marketplace,2018-02-01,2018-02-15,1,14418196,10000000,Normal,ETH,5,5,5,5,mid,mid,mid,1,1,1,0,1,5001,489,745,1,0,1,1,1,1,0,1,0,0, , , ,0,https://www.youtube.com/channel/UCFuemEOhCfenYMoNdjD0Aew/featured,windingtree
IoTeX,Blockchain,2018-01-01,2018-02-01,1,0,0,Not rated, ,5,5,5,5,mid,mid,mid,0,1,1,0,1,13021,70,366,1,0,1,1,1,1,1,0,0,0, , , ,0,https://www.youtube.com/channel/UCdj3xY3LCktuamvuFusWOZw,iotexproject/iotex-core
Telegram ICO (TON),Blockchain,2017-10-15,2018-02-15,1,0,0,Normal, ,5,5,5,5,mid,mid,mid,1,0,1,0,0,0,0,0,0,0,0,0,0,0,0,0,0,0, , , ,0, , 
FundRequest,Blockchain Service,2018-02-12,2018-02-14,1,12121040,15000000,Normal, ,5,5,5,5,mid,mid,mid,1,1,1,1,1,13144,118,735,1,0,1,1,1,1,0,1,0,0, , , ,0,https://www.youtube.com/channel/UCHiEJCqisGBuOiMsFG1aLaQ,fundrequest/
EBCoin,Currency,2018-01-16,2018-02-13,0,8515810,25300000,Normal, ,5,5,5,5,mid,mid,mid,1,1,1,1,1,19564,64,203,109,0,1,0,1,1,1,1,0,0, , , ,4,https://www.youtube.com/channel/UCrBh44aLhQRxlHO5m_BfJ9Q,ebcoin
EximChain,Blockchain Service, ,2018-02-13,1,20000000,20000000,Normal, ,5,5,5,5,mid,mid,mid,0,1,1,1,1,5421,139,188,1,0,1,1,1,0,1,1,0,0, , , ,0, ,eximchain
Fusion,Blockchain,2018-02-01,2018-02-11,1,42185216,42200000,High, ,5,5,5,5,mid,mid,mid,1,1,1,1,1,8493,76,167,40,0,1,1,1,0,1,1,0,0, , , ,2, ,FusionFoundation
Globitex,Exchange,2018-02-10,2018-02-11,1,12270000,12300000,Normal, ,5,5,5,5,mid,mid,mid,1,1,1,1,1,5430,2211,393,54,0,0,1,0,1,1,0,0,0, , , ,5,https://www.youtube.com/channel/UCNy-8TmvXd7VlfIY9s5Cshg, 
COPYTRACK,Blockchain Service,2018-01-10,2018-02-10,0,11087368,62900000,Normal, ,5,5,5,5,mid,mid,mid,1,1,1,1,1,9819,454,373,68,0,0,1,0,0,1,1,0,0, , , ,2, , 
Dether,Payments,2018-02-07,2018-02-09,1,13444650,13400000,Not rated, ,5,5,5,5,mid,mid,mid,1,1,1,1,1,8267,188,458,49,0,0,1,1,1,1,1,0,0, , , ,1,https://www.youtube.com/channel/UCXkA5w4KdpnBMeIsu62ZS8w,dethertech
Insights Network,Blockchain Service,2018-02-05,2018-02-09,1,17376260,17400000,Normal, ,5,5,5,5,mid,mid,mid,0,1,1,0,1,6039,89,199,37,0,1,1,1,0,1,0,0,0, , , ,0, ,InsightsNetwork
GBX,Exchange,2018-02-07,2018-02-08,1,27000000,27000000,Normal, ,5,5,5,5,mid,mid,mid,1,1,1,1,1,6763,59,499,1,0,0,1,0,1,1,1,0,0, , , ,0,https://www.youtube.com/channel/UC8AFevz1jYcHMXN-GLnae2g, 
Refereum,Gaming, ,2018-02-08,1,32252400,32300000,High, ,5,5,5,5,mid,mid,mid,1,1,1,1,1,55084,336,949,1,0,0,1,0,0,1,0,0,0, , , ,0, , 
Current,Media, ,2018-02-07,1,36000000,36000000,Not rated, ,5,5,5,5,mid,mid,mid,1,1,1,1,1,8251,621,180,43,0,0,1,1,1,1,0,0,0, , , ,2,https://www.youtube.com/channel/UCgb5W27G00rZCdzTKjd_kpw,CurrentMediaNetwork
Datawallet,Blockchain Service,2018-02-05,2018-02-06,1,39436870,40000000,Normal, ,5,5,5,5,mid,mid,mid,0,1,1,0,1,6484,42,399,14,0,1,1,1,0,1,1,0,0, , , ,0, ,DataWallet
ArcBlock,Blockchain Service,2018-02-04,2018-02-04,1,45000000,45000000,High, ,5,5,5,5,mid,mid,mid,0,1,1,1,1,36948,22,271,58,0,0,1,1,0,1,1,0,0, , , ,3, ,arcblock
Republic Protocol,Trading,2018-02-03,2018-02-03,1,34299022,34400000,Normal, ,5,5,5,5,mid,mid,mid,0,1,1,0,1,4035,70,42,3,0,1,1,1,0,1,0,0,0, , , ,0, ,republicprotocol
The Bee Token,Real Estate,2018-01-31,2018-02-02,1,15000000,15000000,Normal, ,5,5,5,5,mid,mid,mid,1,1,1,1,1,35851,1707,787,96,0,1,1,1,0,1,1,0,0, , , ,0, ,thebeetoken
FuzeX,Card, ,2018-02-02,1,36241600,36200000,Normal, ,5,5,5,5,mid,mid,mid,1,1,1,1,1,5300,9,124,30,0,1,1,1,1,1,1,0,0, , , ,0,https://www.youtube.com/channel/UCKC_X1r-3yoBpVeuFcR8thQ,fuzex
MedicalChain,Healthcare,2018-02-01,2018-02-01,1,23991953,24000000,High, ,5,5,5,5,mid,mid,mid,1,1,1,1,1,15857,162,643,1,0,1,1,1,1,0,1,0,0, , , ,0,https://www.youtube.com/channel/UCZmFzvveq3E4AASPqP2XBeQ,medicalchain
WePower,Energy,2018-02-01,2018-02-01,1,40000000,40000000,High, ,5,5,5,5,mid,mid,mid,1,1,1,1,1,36254,2107,2459,1,0,0,0,1,1,1,1,0,0, , , ,0,https://www.youtube.com/channel/UCsocTWqQzDvoLBf2sVj96lQ,WePowerNetwork
iungo,Mobile,2017-12-07,2018-02-01,1,45978800,46000000,Normal, ,5,5,5,5,mid,mid,mid,1,1,1,1,1,5024,640,454,11,0,0,1,1,1,1,1,0,0, , , ,0,https://www.youtube.com/channel/UCR0FJ6lfu3Q9FVhQXaaa9Xw,iungonetwork
CrowdWiz,Trading,2017-11-20,2018-01-31,0,7234387,20000000,Normal,"ETH, BTC, LTC",5,5,5,5,mid,mid,mid,1,1,1,1,1,5501,1120,345,119,0,0,1,1,1,1,1,1,0, , , ,3,https://www.youtube.com/c/Crowdwiz,CrowdWiz-io
AMLT,Blockchain Service,2017-12-12,2018-01-30,1,19042042,16000000,Not rated, ,5,5,5,5,mid,mid,mid,1,1,1,1,1,6489,11,1919,1,0,1,1,0,1,0,1,0,0, , , ,0,https://www.youtube.com/channel/UCUDxGxLVXXV-Ry4b5D2HS-Q, 
dadi,Cloud Storage,2018-01-29,2018-01-29,1,29000000,29000000,Normal, ,5,5,5,5,mid,mid,mid,1,1,1,0,1,34016,262,1735,1,0,1,1,1,0,1,1,0,0, , , ,0, ,dadi
Storiqa,Marketplace,2017-11-28,2018-01-29,1,25000000,25000000,Normal, ,5,5,5,5,mid,mid,mid,1,1,1,1,1,13544,32,265,58,0,1,1,1,1,1,1,0,0, , , ,7,https://www.youtube.com/channel/UCU_VW6azYd0cXFACzofUy5w,Storiqa
APEX,Blockchain Service,2018-01-29,2018-01-29,1,25000000,25000000,Normal, ,5,5,5,5,mid,mid,mid,1,1,1,0,1,17040,59,372,82,0,1,0,0,0,0,0,0,0, , , ,1, , 
LiveEdu,Blockchain Service,2018-01-15,2018-01-28,1,10000000,10000000,Normal, ,5,5,5,5,mid,mid,mid,1,1,1,1,1,9423,6133,55650,1,0,0,0,1,1,1,1,0,0, , , ,0,https://www.youtube.com/channel/UCSE3yMEa2ck9usM4HaBLPZw,bokkypoobah/LiveEduCrowdsaleContractAudit
Sharpe Capital,Trading,2017-11-06,2018-01-28,1,7422000,7400000,Normal, ,5,5,5,5,mid,mid,mid,1,1,1,1,1,2912,1678,186,25,0,1,1,1,1,1,1,0,0, , , ,0,https://www.youtube.com/channel/UCGgKlPxTdQH5ua9prVMlH6Q/featured,sharpe-capital
Nucleus.Vision,Blockchain Service, ,2018-01-28,1,40000000,40000000,Normal, ,5,5,5,5,mid,mid,mid,1,1,1,1,1,63924,25,1247,1,0,1,1,1,1,1,1,0,0, , , ,0,https://www.youtube.com/channel/UCJ4LIGyMee0HnAx4rDvX0nw,NucleusVision
Experty,Blockchain Service, ,2018-01-26,1,9468000,9500000,Normal, ,5,5,5,5,mid,mid,mid,1,1,1,0,1,15606,258,1140,1,0,1,0,1,1,1,1,0,0, , , ,0,https://www.youtube.com/channel/UC4wc6GUUozN1_t-IAWu3-mA,Experty
CPChain,IOT, ,2018-01-24,1,30000000,30000000,Normal, ,5,5,5,5,mid,mid,mid,1,1,1,0,1,7194,27,84,1,0,0,0,0,0,0,0,0,0, , , ,0, , 
Restart Energy,Energy,2018-01-23,2018-01-23,1,30000000,30000000,Normal, ,5,5,5,5,mid,mid,mid,1,1,1,1,1,10646,189,247,4,0,1,1,0,1,0,1,0,0, , , ,1,https://www.youtube.com/channel/UC3EnYKC8QVOUg8T-3oAlK9w, 
Odyssey,Blockchain Service, ,2018-01-23,1,50000000,47600000,Normal, ,5,5,5,5,mid,mid,mid,0,1,1,0,1,903,20,416,145,0,0,1,1,1,1,0,0,0, , , ,2,https://www.youtube.com/channel/UC9mCpaOU-4ZkvDPoDXpLx7g,OdysseyProtocol
Elastos,Blockchain,2018-01-02,2018-01-23,1,94073200,94100000,Normal, ,5,5,5,5,mid,mid,mid,1,1,1,1,1,23958,19,356,1,0,1,1,1,1,1,0,0,0, , , ,0,https://www.youtube.com/channel/UCy5AjgpQIQq3bv8oy_L5WTQ,elastos
Ink Protocol,Blockchain Service,2018-01-22,2018-01-22,1,15000000,15000000,Not rated, ,5,5,5,5,mid,mid,mid,0,1,1,0,1,4940,51,167,22,0,1,0,0,0,1,0,0,0, , , ,1, , 
Pundi X,Blockchain Service,2018-01-21,2018-01-21,1,35000000,35000000,Normal, ,5,5,5,5,mid,mid,mid,1,1,1,1,1,33150,152,1019,1,0,1,0,1,1,1,1,0,0, , , ,0,https://www.youtube.com/channel/UCOIf6WeLEzZi3DQxzenTZeA,pundix
FORTUNA,Trading,2018-01-21,2018-01-21,1,2000000,2000000,Normal, ,5,5,5,5,mid,mid,mid,0,1,1,1,1,6180,27,273,1,0,1,1,0,0,1,1,0,0, , , ,0, , 
DATA,Advertising, ,2018-01-21,1,37988300,38000000,Normal, ,5,5,5,5,mid,mid,mid,0,1,1,1,1,67738,272,270,1,0,1,1,1,1,1,0,0,0, , , ,0,https://www.youtube.com/channel/UCdz-xjQG5XJBleJyYLMYrHw,Blockchain-DATA
Bluzelle,Data Service,2018-01-18,2018-01-20,1,19500000,19500000,Normal, ,5,5,5,5,mid,mid,mid,1,1,1,0,1,33849,3923,2014,1,0,1,1,1,1,0,1,0,0, , , ,0,https://www.youtube.com/channel/UCzhJz9g-T5BWjbPeJLKY_jw,njmurarka/bluzelle
Devery,Verification,2018-01-18,2018-01-19,1,10000000,10000000,Normal, ,5,5,5,5,mid,mid,mid,0,1,1,0,1,2935,63,41,2,0,1,1,1,0,1,0,0,0, , , ,0, ,devery
Mobius,Blockchain Service,2018-01-18,2018-01-19,1,39000000,39000000,Normal, ,5,5,5,5,mid,mid,mid,0,1,1,1,1,10221,51,512,1,0,1,1,1,0,1,0,0,0, , , ,0, ,mobius-network
Zeepin,Blockchain Service,2018-01-18,2018-01-18,1,62580000,62600000,Normal, ,5,5,5,5,mid,mid,mid,1,1,1,1,1,44591,259,222,42,0,1,1,0,1,1,0,0,0, , , ,7,https://www.youtube.com/channel/UCRMJC5LbbZux7awYljjFSDQ, 
OriginTrail,Blockchain Service,2018-01-15,2018-01-17,1,21513600,21500000,Not rated, ,5,5,5,5,mid,mid,mid,1,1,1,1,1,12321,533,855,1,0,1,1,1,0,1,1,0,0, , , ,0, ,origintrail
MatrixChain,Blockchain,2018-01-17,2018-01-17,1,12592104,12600000,Normal, ,5,5,5,5,mid,mid,mid,1,1,1,1,1,16079,105,465,1,0,0,1,1,1,0,1,0,0, , , ,0,https://www.youtube.com/channel/UCPW71zYx0Zlj946twmqEWZA,MatrixAINetwork
Envion,Mining,2017-12-15,2018-01-17,0,100000000,150000000,Low, ,5,5,5,5,mid,mid,mid,1,1,1,1,1,21301,482,1834,1,0,1,1,1,0,1,1,0,0, , , ,0, ,envion
InsurePal,Blockchain Service,2018-01-16,2018-01-16,1,18000000,18000000,Normal, ,5,5,5,5,mid,mid,mid,1,1,1,1,1,6438,1034,505,1,0,0,0,1,1,1,1,0,0, , , ,0,https://www.youtube.com/channel/UCgpEjq3P54FKDmJDyOjJ9vg,InsurePal
AidCoin,Marketplace,2018-01-16,2018-01-16,1,18632900,18600000,Not rated, ,5,5,5,5,mid,mid,mid,1,1,1,1,1,3033,102,158,22,0,1,1,1,0,1,1,0,0, , , ,5, ,AidCoinCo/aidcoin
Boon.Tech,Marketplace,2017-12-15,2018-01-16,0,5000000,10000000,Normal, ,5,5,5,5,mid,mid,mid,1,1,1,1,1,12454,1021,1548,1,0,0,0,1,1,0,1,0,0, , , ,0,https://www.youtube.com/channel/UCy8RUR0x8w-eniyj2OHc86g/videos?flow=grid&sort=p&view=0,boontech
PARETO,Media,2017-12-01,2018-01-16,1,0,0,Normal, ,5,5,5,5,mid,mid,mid,0,1,1,1,0,0,0,0,0,0,1,1,1,1,0,1,0,0, , , ,0,https://www.youtube.com/channel/UCWbAwsAEmNksqhhDlgBaSQA,ParetoNetwork
carVertical,Blockchain Service,2017-12-24,2018-01-16,1,19911150,19900000,Not rated, ,5,5,5,5,mid,mid,mid,1,1,0,1,1,13768,72,179,69,0,0,0,0,1,0,1,0,0, , , ,1,https://www.youtube.com/channel/UCRqoBXtP2v0H8C844YN8mdA, 
Thekey.vip,Verification,2018-01-15,2018-01-15,1,22000000,22000000,High, ,5,5,5,5,mid,mid,mid,0,1,1,1,1,30871,51,325,6,0,1,1,1,1,1,0,0,0, , , ,0,https://www.youtube.com/channel/UCDuN2bjI7cAhoIIxJ_nTaCQ,thekeygithub
Trinity,Blockchain Service,2018-01-14,2018-01-14,1,20000000,20000000,Normal, ,5,5,5,5,mid,mid,mid,1,1,1,0,1,16905,45,192,32,0,0,1,1,1,0,0,0,0, , , ,4,https://www.youtube.com/channel/UC7pIGSLLLFVecs14Zn0Dh5A,trinity-project/trinity
GatCoin,Marketing,2018-01-14,2018-01-14,1,14500000,14500000,Normal, ,5,5,5,5,mid,mid,mid,1,1,1,1,1,4424,133,444,39,0,1,1,1,1,1,1,0,0, , , ,2,https://www.youtube.com/channel/UCWw8bFGvev1wVYDBQ2R3lfg,gatcoin
Selfkey,Verification,2018-01-14,2018-01-14,1,21776392,21800000,Normal, ,5,5,5,5,mid,mid,mid,1,1,1,1,1,22168,1757,305,4,0,0,1,0,1,0,1,0,0, , , ,1,https://www.youtube.com/channel/UCsilze3-MhbCY3_QkKul3PQ, 
adbank,Blockchain Service,2017-12-14,2018-01-14,1,13962900,14000000,Not rated, ,5,5,5,5,mid,mid,mid,1,1,1,1,1,6359,40,822,1,0,1,1,1,1,1,1,0,0, , , ,0,https://www.youtube.com/channel/UCsZg2dWT9Y1qwCUNs9MEuhA,AdBank
Olympus Labs,Finance, ,2018-01-14,1,60324750,60300000,Normal, ,5,5,5,5,mid,mid,mid,0,1,1,1,1,35637,106,465,1,0,0,1,1,0,1,1,0,0, , , ,0, ,Olympus-Labs
LALA World,Finance,2018-01-05,2018-01-13,1,20191350,20200000,Normal, ,5,5,5,5,mid,mid,mid,1,1,1,1,1,10124,425,793,1,0,0,1,0,0,1,1,0,0, , , ,0, , 
Polymath,Blockchain Service, ,2018-01-13,1,0,0,Normal, ,5,5,5,5,mid,mid,mid,1,1,1,1,1,27509,161,861,1,0,0,1,0,0,0,1,0,0, , , ,0, , 
Latium,Collaboration,2017-11-15,2018-01-13,1,14400000,15000000,Not rated, ,5,5,5,5,mid,mid,mid,1,1,1,1,1,16622,13,389,93,0,0,0,0,0,0,0,0,0, , , ,0, , 
FortKnoxster,Mobile,2017-02-19,2018-01-12,1,15000000,15000000,Normal, ,5,5,5,5,mid,mid,mid,1,1,1,1,1,2975,236,403,77,0,0,1,0,1,1,1,0,0, , , ,0,https://www.youtube.com/channel/UCZB8URO26cktviSxp3SeHig/videos, 
aXpire,Finance,2018-01-08,2018-01-12,1,20000000,20000000,Normal, ,5,5,5,5,mid,mid,mid,1,1,1,1,1,6510,562,223,28,0,0,1,0,1,1,0,0,0, , , ,0,https://www.youtube.com/channel/UCGk_ARm1Dg0o8VgjYIpouFg, 
HOQU,Marketing,2017-11-27,2018-01-11,0,18782400,33200000,Not rated, ,5,5,5,5,mid,mid,mid,0,1,1,1,1,6213,53,224,66,0,0,1,1,1,0,1,0,0, , , ,13,https://www.youtube.com/channel/UCcfcY4aMC4liK8FAxmZP2Qw,hoqu-io
Loom Network,Blockchain Service,2018-01-05,2018-01-11,1,45808270,57000000,Normal, ,5,5,5,5,mid,mid,mid,0,1,0,0,1,12626,62,695,1,0,1,1,1,0,1,0,0,0, , , ,0, ,loomnetwork
Cypherium,Blockchain, ,2018-01-11,1,25000000,25000000,Normal, ,5,5,5,5,mid,mid,mid,1,1,1,1,1,5573,455,142,26,0,0,1,0,0,0,1,0,0, , , ,0, , 
SwissBorg,Banking,2017-12-07,2018-01-10,1,50000000,50000000,Not rated, ,5,5,5,5,mid,mid,mid,1,1,1,1,1,11236,437,1360,1,0,1,1,1,1,1,1,0,0, , , ,0,https://www.youtube.com/channel/UC_Jyx7gJXh3yHFxZSJIlIhQ,SwissBorg
CoinFi,Trading,2018-01-10,2018-01-10,1,0,0,High, ,5,5,5,5,mid,mid,mid,0,1,1,1,1,5130,383,650,1,0,1,1,1,1,1,0,0,0, , , ,0,https://www.youtube.com/channel/UCCN5q3_Dk9wwk3h4nt01K1w,coinfi
Block.array,Blockchain Service,2018-01-05,2018-01-10,1,14375000,14400000,Not rated, ,5,5,5,5,mid,mid,mid,0,1,1,0,1,2564,46,87,9,0,1,0,1,0,1,0,0,0, , , ,1, ,blockarraygroup
Ontology Network,Blockchain Service, ,2018-01-08,1,0,0,High, ,5,5,5,5,mid,mid,mid,0,1,1,1,1,56888,204,1212,1,0,1,1,1,0,1,0,0,0, , , ,0, ,ontio
Neuromation,Network,2018-01-07,2018-01-08,1,71669400,71700000,Not rated, ,5,5,5,5,mid,mid,mid,1,1,1,1,1,6835,127,309,43,0,1,1,0,1,1,1,0,0, , , ,2,https://www.youtube.com/channel/UC43ZGqyRIM30riSlQgmIlgQ, 
Shipchain,Blockchain Service, ,2018-01-06,1,30000000,30000000,Normal, ,5,5,5,5,mid,mid,mid,0,1,1,1,1,9209,277,970,1,0,1,0,1,0,1,1,0,0, , , ,0, ,ShipChain
Crypterium,Banking,2017-10-31,2018-01-06,1,51656963,47000000,Normal, ,5,5,5,5,mid,mid,mid,1,1,1,1,1,16527,527,1063,1,0,1,0,0,1,1,1,0,0, , , ,0,https://www.youtube.com/channel/UCulhwOW251X2fpRJ7bTCCvg, 
Theta token,Blockchain Service, ,2018-01-04,1,20000000,20000000,Normal, ,5,5,5,5,mid,mid,mid,1,1,1,1,1,50813,139,306,1,0,1,0,1,1,1,0,0,0, , , ,0,https://www.youtube.com/channel/UCTLBcj0nqZR9lrAhHccoPgQ,thetatoken
ZILLIQA,Blockchain,2017-12-27,2018-01-04,1,22000000,22000000,High, ,5,5,5,5,mid,mid,mid,1,1,1,0,1,46080,72,620,1,0,1,1,0,1,0,1,0,0, , , ,0,https://www.youtube.com/channel/UCvinnFbf0u71cajoxKcfZIQ, 
trade.io,Trading,2016-12-07,2017-01-04,0,31169749,135000000,Normal, ,5,5,5,5,mid,mid,mid,1,1,0,1,1,11456,90,567,1,0,1,1,0,1,1,1,0,0, , , ,0,https://www.youtube.com/channel/UC4LkJ1sK-nQ3bAC4Xv8sRag, 
Zipper,Mobile,2016-11-30,2017-01-04,1,19220000,19200000,Normal, ,5,5,5,5,mid,mid,mid,1,1,1,1,1,28,0,0,1,0,0,0,1,1,1,0,0,0, , , ,0,https://www.youtube.com/channel/UCVLmaCnsRzEHcKKfi1Wc4GA,zippiehq
IOST,Blockchain, ,2017-01-03,1,31255000,31300000,Normal, ,5,5,5,5,mid,mid,mid,1,1,1,0,1,194788,126,612,1,0,1,1,1,1,1,1,0,0, , , ,0,https://www.youtube.com/channel/UCyyPv5TQ01kRV48drO-ivpQ,iost-official?tab=repositories
Lamden,Blockchain Service, ,2017-01-03,1,10000000,10000000,Normal, ,5,5,5,5,mid,mid,mid,1,1,1,1,1,12391,266,380,1,0,1,1,1,1,0,1,0,0, , , ,0,https://www.youtube.com/channel/UCpk6krHUlmcf0FWnFFHFpZQ,Lamden/
Bloom,Finance,2016-11-30,2017-01-01,0,41420705,80500000,Normal, ,5,5,5,5,mid,mid,mid,1,1,1,1,1,7551,4,396,1,0,1,1,0,1,0,0,0,0, , , ,0,https://www.youtube.com/channel/UCaMfVoHQzwX47XKUawWVCzg, 
Spectiv,VR,2016-12-09,2017-01-01,0,7605767,10600000,Normal, ,5,5,5,5,mid,mid,mid,1,1,1,1,1,3296,35,352,1,0,1,0,0,1,1,0,0,0, , , ,0,https://www.youtube.com/channel/UCPrxpI__VFaV0PUh5W_FMug, 
Covesting,Trading,2017-11-24,2017-12-31,1,18750000,18800000,Not rated, ,5,5,5,5,mid,mid,mid,1,1,1,1,1,10369,36,290,71,0,1,0,1,1,1,1,0,0, , , ,1,https://www.youtube.com/channel/UCRFXGbSl6gWa_Fw-u90GTYg,covesting/covesting-io
LinkerCoin,Blockchain Service,2017-11-25,2017-12-31,1,10133235,10100000,Normal, ,5,5,5,5,mid,mid,mid,1,1,1,1,1,631,63,356,87,0,1,1,1,1,1,0,0,0, , , ,0,https://www.youtube.com/channel/UCwlpsYDS75x5ueEAAZUnZBQ/,linkercoinfoundation/Linker-Coin-Project
Finom,Business,2017-11-15,2017-12-31,0,41285458,102000000,Normal, ,5,5,5,5,mid,mid,mid,1,1,1,1,1,5692,93,530,1,0,1,0,0,1,1,1,0,0, , , ,0,https://www.youtube.com/channel/UCEKGeWFdNGiuZ6Qh7xtiGNg, 
Loci,Blockchain Service,2017-12-08,2017-12-31,0,7376751,19000000,Normal, ,5,5,5,5,mid,mid,mid,1,1,1,1,1,6668,251,475,44,0,1,1,1,1,1,0,0,0, , , ,2,https://www.youtube.com/channel/UCEHKR3SftdjzUNmvkVaensg,Locipro/loci-coin-sale
Telcoin,Mobile,2017-12-12,2017-12-31,1,25000000,25000000,High, ,5,5,5,5,mid,mid,mid,1,1,1,1,1,25829,588,229,91,0,1,1,1,1,1,1,0,0, , , ,12,https://www.youtube.com/channel/UCBEKBh64cZy7U3O7VtKsLOg,telcoin
STK Token,Currency,2017-12-29,2017-12-29,1,17000000,17000000,High, ,5,5,5,5,mid,mid,mid,1,1,1,1,1,10143,2208,208,30,0,0,1,1,1,1,1,0,0, , , ,3,https://www.youtube.com/channel/UCMxqeutTywTPW-3Z0KBDGFA,STKtoken
Gladius,Security,2017-11-24,2017-12-29,1,14681250,12500000,Not rated, ,5,5,5,5,mid,mid,mid,1,1,1,1,1,28248,17,383,83,0,0,0,0,1,1,1,0,0, , , ,8,https://www.youtube.com/channel/UCm4Sx7h9MfoQzZtgUuV9aOA, 
BitDegree,Marketplace,2017-12-01,2017-12-28,1,22127834,21600000,Normal, ,5,5,5,5,mid,mid,mid,1,1,1,1,1,20545,34,804,1,0,0,1,1,1,0,1,0,0, , , ,0,https://www.youtube.com/channel/UCuiGDksOmsM8y-_txG3wPYg,bitdegree
BANKEX,Finance,2017-11-28,2017-12-28,0,70600000,103500000,Normal, ,5,5,5,5,mid,mid,mid,1,1,1,1,1,3,0,1,1,0,0,1,1,1,0,1,0,0, , , ,0,https://www.youtube.com/bankex,BankEx
Jibrel Network,Trading,2017-11-27,2017-12-27,1,30000000,30000000,Normal, ,5,5,5,5,mid,mid,mid,0,1,1,0,1,6560,12,310,66,0,0,1,1,1,0,1,0,0, , , ,5,https://www.youtube.com/watch?v=LBMyd7Ql8QU,jibrelnetwork
CanYa,Marketplace,2017-11-26,2017-12-27,0,8336405,23000000,Not rated, ,5,5,5,5,mid,mid,mid,1,1,1,0,1,1384,0,7,1,0,0,0,1,1,0,1,0,0, , , ,0,https://www.youtube.com/channel/UCbbpsDWjpdC-4LjDnF4Ec6w/,CanYaCoinSale/
Nitro,Gaming,2017-11-30,2017-12-26,0,2694156,58000000,Normal, ,5,5,5,5,mid,mid,mid,1,1,1,1,1,3840,2150,599,5,0,0,1,0,1,1,1,0,0, , , ,0,https://www.youtube.com/channel/UCsWIHzRA02i2DhSYoQ5deAg, 
TokenPay,Currency,2017-12-07,2017-12-26,1,40948500,40900000,Normal, ,5,5,5,5,mid,mid,mid,1,1,1,1,1,24001,124,1517,1,0,0,0,1,1,1,1,0,0, , , ,0,https://www.youtube.com/channel/UC-79FZjJVb7f5jKDIcjm20g,tokenpay
Sirin Labs,Hi-Tech,2017-12-12,2017-12-26,1,0,0,Not rated, ,5,5,5,5,mid,mid,mid,1,1,1,1,1,16068,373,462,1,0,0,1,1,0,1,1,0,0, , , ,0, ,sirin-labs
Sola,Social Network,2017-11-27,2017-12-25,0,2233700,5000000,Normal, ,5,5,5,5,mid,mid,mid,0,1,1,1,1,2774,491,1315,60,0,1,0,1,0,1,1,0,0, , , ,2, ,solaplatform
INS Ecosystem,Marketplace,2017-12-04,2017-12-25,1,41500000,41500000,Not rated, ,5,5,5,5,mid,mid,mid,1,1,1,1,1,19991,225,955,1,0,1,1,1,1,0,1,0,0, , , ,0,https://www.youtube.com/channel/UCyAkkLSuxsuwBIRo6u1keHA/featured,ins-ecosystem
Uttoken,Trading,2017-11-30,2017-12-25,0,30854682,58500000,Normal, ,5,5,5,5,mid,mid,mid,0,1,1,1,1,3313,54,1682,65,0,0,0,1,1,1,1,0,0, , , ,12,https://www.youtube.com/user/theunitedtraders,unitedtraders
Zen Protocol,Blockchain,2017-11-30,2017-12-24,1,46368226,46400000,High, ,5,5,5,5,mid,mid,mid,0,1,1,1,1,2510,38,189,59,0,0,1,1,1,0,1,0,0, , , ,3,https://www.youtube.com/channel/UCVm4j3TrmD8mSvvExG_CAIw/videos,zenprotocol/zen-wallet
Hdac,Blockchain,2017-11-27,2017-12-23,0,20000000,87700000,Not rated, ,5,5,5,5,mid,mid,mid,1,1,0,1,1,3845,1,65,37,0,1,1,1,0,0,1,0,0, , , ,6, ,Hdactech
SingularityNET,Artificial Intelligence,2017-12-21,2017-12-22,1,32847814,32800000,Normal, ,5,5,5,5,mid,mid,mid,1,1,1,1,1,17653,291,791,1,0,1,1,1,1,0,1,0,0, , , ,0,https://www.youtube.com/channel/UCbTE8vfz5zuEK5uRnc2yjrw,singnet
Qlink,Mobile,2017-12-22,2017-12-22,1,19270800,19300000,High, ,5,5,5,5,mid,mid,mid,0,1,1,1,1,411,108,29,1,0,1,1,1,1,1,1,0,0, , , ,0,https://www.youtube.com/channel/UCbdnrnM7Zok47NI75NPdcrg,qlcchain/
PROPS,Currency,2017-12-22,2017-12-22,1,25000000,25000000,Normal, ,5,5,5,5,mid,mid,mid,1,1,1,0,1,6815,295,234,49,0,1,1,0,1,0,0,0,0, , , ,7,https://www.youtube.com/channel/UCGT1j-LLcqAp238aO309F_g, 
AppCoins,Mobile,2017-12-13,2017-12-20,1,15300000,15300000,Normal, ,5,5,5,5,mid,mid,mid,1,1,1,1,1,27277,72,371,47,0,0,1,1,0,1,1,0,0, , , ,0, ,Aptoide/AppCoins-white-paper
indaHash,Marketing,2017-11-29,2017-12-20,0,42715825,67000000,Normal, ,5,5,5,5,mid,mid,mid,1,1,1,1,1,9945,1181,1109,1,0,0,1,1,1,1,1,0,0, , , ,0,https://www.youtube.com/indahash,indahash
Aditus,Marketplace,2017-12-01,2017-12-20,0,7100193,22500000,Normal, ,5,5,5,5,mid,mid,mid,0,1,1,1,1,11967,32,92,1,0,1,1,1,0,1,1,0,0, , , ,0, ,aditus
CommerceBlock,Finance,2017-11-28,2017-12-19,0,8820470,25000000,Not rated, ,5,5,5,5,mid,mid,mid,1,1,1,1,1,3426,355,556,1,0,1,1,1,0,0,1,0,0, , , ,0, ,commerceblock
Bread,Payments,2017-12-19,2017-12-19,1,20021300,20000000,Normal, ,5,5,5,5,mid,mid,mid,1,1,1,1,1,6767,1,175,20,0,1,1,1,1,0,0,0,0, , , ,0,https://www.youtube.com/channel/UC33l26omZxKNf81927LjwDg,breadwallet
MiniApps,Blockchain Service,2017-10-18,2017-12-19,0,3236016,51800000,Normal, ,5,5,5,5,mid,mid,mid,1,1,1,0,1,0,0,0,0,0,0,0,0,1,1,1,0,0, , , ,0,https://www.youtube.com/c/MiniAppsPro, 
SophiaTX,Blockchain,2017-12-07,2017-12-17,0,23470356,82300000,High, ,5,5,5,5,mid,mid,mid,1,1,1,1,1,16140,602,532,1,0,1,1,0,1,0,1,0,0, , , ,0,https://www.youtube.com/channel/UC_kD79l5xj4UWA1X6vd6z3Q, 
Clout,Media,2017-11-17,2017-12-17,0,2651403,50000000,Normal, ,5,5,5,5,mid,mid,mid,1,1,0,1,1,3800,6,80,23,0,0,0,0,1,1,1,0,0, , , ,3,https://www.youtube.com/channel/UC5X6xEcbIYK4GEj6tD58aQg, 
NeuFund,Crowdfunding,2017-11-17,2017-12-17,1,0,0,Normal, ,5,5,5,5,mid,mid,mid,1,1,1,1,1,3252,554,823,1,0,1,1,1,1,0,1,0,0, , , ,0,https://www.youtube.com/channel/UClkh_1buHXDBIs8s14oboYw,orgs/Neufund
Bounty0x,Marketplace,2017-12-16,2017-12-16,1,1602927,1500000,Not rated, ,5,5,5,5,mid,mid,mid,1,1,1,0,1,14906,102,372,1,0,1,1,0,1,0,1,0,0, , , ,0,https://www.youtube.com/channel/UCz6Sy-x4BhFR8CDT2bjGrLw, 
Nebulas,Blockchain Service, ,2017-12-16,1,60000000,60000000,High, ,5,5,5,5,mid,mid,mid,1,1,1,1,1,23615,41,463,1,0,1,1,1,1,1,0,0,0, , , ,0,https://www.youtube.com/channel/UCjLeXpHykFS71FlXNrk9MWg,nebulasio
Coinlancer,Collaboration,2017-10-04,2017-12-16,0,11860153,50000000,Not rated, ,5,5,5,5,mid,mid,mid,1,1,1,1,1,3440,133,211,152,0,1,0,1,1,1,1,0,0, , , ,1,https://www.youtube.com/channel/UCu69wfN4Lq7a0f8H1I1s51Q,coinlancer
Naga,Finance,2017-12-01,2017-12-16,1,45318896,30000000,Normal, ,5,5,5,5,mid,mid,mid,1,1,1,0,1,10465,23,665,1,0,1,0,0,1,1,1,0,0, , , ,0,https://www.youtube.com/channel/UCVuYNdaqi-dgRbQiqGx_M3A, 
MediBloc,Healthcare,2017-11-13,2017-12-15,0,21271251,30000000,Not rated, ,5,5,5,5,mid,mid,mid,1,1,1,1,1,8483,59,411,54,0,1,0,1,1,1,1,0,0, , , ,7,https://www.youtube.com/channel/UC_bbdfVECp1qRJCR6P_-UDQ,Medibloc
DreamTeam,Gaming,2017-12-11,2017-12-15,0,5516229,45000000,Normal,"ETH, BTC",0,0,0,0,mid,mid,mid,1,1,1,1,1,3267,10,162,43,0,0,1,1,1,0,1,0,0,Alexander Kokhanovskyy, , ,0,https://www.youtube.com/channel/UCoJoacvTWfzTeayIMhmprPw?view_as=subscriber,nan
DeepBrain Chain,Artificial Intelligence,2017-12-15,2017-12-15,1,11755200,11800000,Normal, ,5,5,5,5,mid,mid,mid,1,1,1,1,1,44336,104,412,1,0,1,1,1,1,0,0,0,0, , , ,0,https://www.youtube.com/channel/UCq4ARWq5D0Vv9W1mhWJrzgw,DeepBrainChain
UpToken,Real Business,2017-10-16,2017-12-15,0,18934021,35000000,Normal, ,5,5,5,5,mid,mid,mid,1,1,1,1,1,3073,4891,309,90,0,1,1,1,0,0,0,0,0, , , ,5, ,coinme
Aigang,Insurance,2017-11-15,2017-12-15,0,4228920,31100000,Normal, ,5,5,5,5,mid,mid,mid,1,1,1,0,1,7727,2106,1574,79,0,1,0,1,1,1,0,0,0, , , ,5,https://www.youtube.com/channel/UCz3SOODJDvxV_vx47SYR8bw,AigangNetwork
GIFTO,Marketplace,2017-12-14,2017-12-14,1,10000000,10000000,Normal, ,5,5,5,5,mid,mid,mid,1,1,1,1,1,17313,116,409,1,0,1,1,1,1,1,1,0,0, , , ,0,https://www.youtube.com/channel/UCQjmTBnd_wPXhz6pY9nXJmQ,GIFTO-io
GUTS Tickets,Ticketing,2017-10-25,2017-12-13,0,7520874,17500000,Normal, ,5,5,5,5,mid,mid,mid,0,1,1,1,1,19698,561,538,1,0,1,1,0,0,0,1,0,0, , , ,0, , 
Wala,Finance,2017-12-01,2017-12-11,0,1195794,30000000,Normal,ETH,5,5,5,5,mid,mid,mid,1,1,1,0,1,3475,825,952,1,0,1,1,1,1,0,1,0,0, , , ,0,https://www.youtube.com/channel/UChGERgmukDJyqysFi-Q2Evw,GetDala/dala-smart-contracts
Spectre,Trading,2017-11-17,2017-12-10,0,16587120,30000000,Normal, ,5,5,5,5,mid,mid,mid,1,1,1,1,1,6779,218,700,87,0,1,1,0,1,1,1,0,0, , , ,2,https://www.youtube.com/channel/UCiP9p9LJLLZ48724nkOvetw, 
SportyFi,Blockchain Service,2017-11-21,2017-12-10,0,5087896,16000000,Normal, ,5,5,5,5,mid,mid,mid,1,1,1,1,1,0,0,0,0,0,1,1,1,1,1,1,0,0, , , ,0,https://www.youtube.com/channel/UCASh3Qp4dMiGKOKOOgZ6JsQ,sportyfi
aelf,Blockchain Service,2017-11-28,2017-12-10,1,24750000,24800000,Normal, ,5,5,5,5,mid,mid,mid,0,1,1,1,1,20550,94,380,1,0,0,1,1,0,1,0,0,0, , , ,0, ,aelfProject
Universa,Blockchain,2017-10-28,2017-12-09,0,28559233,99000000,High, ,5,5,5,5,mid,mid,mid,0,1,1,1,1,11196,19,730,1,0,0,1,1,0,1,1,0,0, , , ,0, ,UniversaBlockchain/universa
Storm,Collaboration,2017-11-07,2017-12-08,1,30716420,27600000,Normal, ,5,5,5,5,mid,mid,mid,1,1,1,1,1,27410,91,873,1,0,0,1,0,0,0,1,0,0, , , ,0, , 
Aphelion,Trading,2017-11-15,2017-12-08,0,4780661,6700000,Normal, ,5,5,5,5,mid,mid,mid,1,1,1,1,1,14349,143,193,118,0,1,1,1,1,0,1,0,0, , , ,2,https://www.youtube.com/channel/UC2mRNm5zGbV-ZmK0-NiQvgg/featured,aphtoken/
Hut34,Cloud Storage,2017-11-02,2017-12-07,0,3383665,26400000,Normal, ,5,5,5,5,mid,mid,mid,1,1,1,1,1,2052,700,2185,1,0,0,0,1,1,1,1,0,0, , , ,0,https://www.youtube.com/channel/UCiemFFyT2Sv2ulrRQfNI89Q,hut34
Leverj,Trading,2017-11-07,2017-12-07,0,13049080,51000000,High, ,5,5,5,5,mid,mid,mid,1,1,1,0,1,5255,2860,253,45,0,0,1,1,1,0,0,0,0, , , ,2,https://www.youtube.com/channel/UC9oq9zNCn5vFuWwtLuNLUfw,coinpit
Verify,Verification,2017-12-06,2017-12-06,1,2500000,2500000,Not rated, ,5,5,5,5,mid,mid,mid,1,1,1,1,1,7530,2,121,62,0,0,1,1,0,1,1,0,0, , , ,3, ,verifyas/
Cashaa,Banking,2017-11-06,2017-12-06,0,11110000,32000000,Low, ,5,5,5,5,mid,mid,mid,1,1,1,1,1,13315,99,989,1,0,1,1,1,1,1,1,0,0, , , ,0,https://www.youtube.com/channel/UCwRJjX6dNz49j3Pc0ROZJbg,cashaadev
fidentiaX,Insurance,2017-11-06,2017-12-05,0,1566283,2900000,Normal, ,5,5,5,5,mid,mid,mid,1,1,1,1,1,3919,64,265,25,0,1,1,0,1,1,1,0,0, , , ,0,https://www.youtube.com/channel/UCWbqz0pTA-UJB0EQK_rn-Pg, 
SmartMesh,Blockchain Service,2017-11-29,2017-12-04,1,15691200,16800000,Normal, ,5,5,5,5,mid,mid,mid,0,1,1,1,1,3812,297,152,22,0,1,0,1,1,1,0,0,0, , , ,0,https://www.youtube.com/channel/UCrrPpnGqu7PJeU13U0VRPBA?,SmartMeshFoundation
Crypto.tickets,Ticketing,2017-11-02,2017-12-03,0,1750000,4000000,Normal, ,5,5,5,5,mid,mid,mid,1,1,1,1,1,5549,871,141,42,0,1,1,0,1,0,1,0,0, , , ,0,https://www.youtube.com/channel/UCQ0DDUcj6To9hjccuvHTUYA/videos, 
DMarket,Gaming,2017-11-14,2017-12-01,0,19026768,53300000,Normal, ,5,5,5,5,mid,mid,mid,1,1,1,1,1,7337,1254,477,1,0,1,1,1,0,1,1,0,0, , , ,0, ,suntechsoft/dmarket-smartcontract
Blockstack,Network,2017-11-16,2017-12-01,1,50000000,50000000,Normal, ,5,5,5,5,mid,mid,mid,1,1,1,1,1,22984,1,882,19,0,1,1,1,1,0,1,0,0, , , ,1,https://www.youtube.com/channel/UC3J2iHnyt2JtOvtGVf_jpHQ,blockstack
Simple Token,Blockchain,2017-11-14,2017-12-01,1,21728192,20000000,High, ,5,5,5,5,mid,mid,mid,1,1,1,1,1,49,0,1,1,0,1,1,1,1,1,1,0,0, , , ,0,https://www.youtube.com/channel/UCrDo4vSElgUa_HzdvYqBZTA,Vezt
Vezt,Marketplace,2017-11-03,2017-12-01,0,1378806,15000000,Not rated, ,5,5,5,5,mid,mid,mid,1,1,0,1,1,5286,161,841,1,0,1,1,0,1,2,0,0,0, , , ,0,https://www.youtube.com/channel/UC9tizTLk-7gaBqSZ8Gtg0sQ, 
CRYPTO20,CryptoFund,2017-10-16,2017-12-01,0,37698373,75000000,Low, ,5,5,5,5,mid,mid,mid,1,1,1,1,1,9460,396,514,1,0,0,1,1,1,1,0,0,0, , , ,0,https://www.youtube.com/channel/UCD8q9H_MszuWbT8un5gLDAw,cryptotwenty
Sense,Smart Contract,2017-11-07,2017-12-01,1,15000000,15000000,Normal, ,5,5,5,5,mid,mid,mid,1,1,1,1,1,8929,9343,2806,1,0,0,1,1,0,1,1,0,0, , , ,0, ,sensetoken
Playkey,Gaming,2017-11-01,2017-12-01,1,0,0,Normal, ,5,5,5,5,mid,mid,mid,0,1,1,1,1,9893,295,346,1,0,1,1,1,1,1,1,0,0, , , ,0,https://www.youtube.com/channel/UCNicQqMS8fELXuPAl92_jAw,Playkey
PallyCoin,Social,2017-10-15,2017-11-30,0,861408,5000000,Normal, ,5,5,5,5,mid,mid,mid,1,1,1,1,1,1731,813,411,148,0,1,1,1,1,1,1,1,0, , , ,17,https://www.youtube.com/channel/UC4bi-SwrQGgAhh9BkA5m0aw,merlox/pally
LockChain,Marketplace,2017-10-29,2017-11-30,0,4055130,13200000,Normal, ,5,5,5,5,mid,mid,mid,1,1,1,1,1,37922,741,641,123,0,1,0,1,1,1,0,0,0, , , ,8,https://www.youtube.com/channel/UCKXPgotU1HYR-zSGhtF_4Qg,LockChainLtd/Smart-Contract
Genaro Network,Cloud Storage,2017-11-17,2017-11-30,0,11362000,29600000,Normal, ,5,5,5,5,mid,mid,mid,1,1,1,1,1,6162,4683,1137,1,0,1,1,1,1,1,0,0,0, , , ,0,https://www.youtube.com/channel/UCPkSHMmIM8WONHyRL00mwQg/featured,GenaroSanada
Esports,Gaming,2017-11-01,2017-11-30,0,5838211,41200000,Normal, ,5,5,5,5,mid,mid,mid,1,1,1,1,1,6231,343,1366,1,0,1,1,0,1,0,1,0,0, , , ,0,https://www.youtube.com/channel/UCFtLf5D2YA7ScebNzE1Qm1g/videos, 
ETHLend,Finance,2017-11-25,2017-11-30,1,17860000,17900000,High, ,5,5,5,5,mid,mid,mid,1,1,1,1,1,46535,2111,806,1,0,1,1,1,1,0,1,1,0, , , ,0,https://www.youtube.com/channel/UCZUFYgrvO7xpxzMjijgqWyQ,ETHLend
WaBi,Blockchain Service,2017-11-28,2017-11-30,1,11500000,11500000,High, ,5,5,5,5,mid,mid,mid,1,1,1,1,1,35291,126,738,1,0,1,1,0,1,1,1,0,0, , , ,0,https://www.youtube.com/channel/UCqPmhEMNHI50oNH0FwyLAPQ, 
Paycent,Finance,2017-11-02,2017-11-30,0,15525000,186300000,Normal, ,5,5,5,5,mid,mid,mid,1,1,1,1,1,2467,34,378,23,0,1,0,1,1,1,1,0,0, , , ,0,https://www.youtube.com/channel/UCNOUK_ymLmkN8b0WIBfmApw,PaycentGlobal
Game.com,Gaming,2017-11-01,2017-11-30,1,0,0,Normal, ,5,5,5,5,mid,mid,mid,0,1,0,1,1,2847,258,331,1,0,0,1,1,0,1,1,0,0, , , ,0, ,GameLeLe
Snovio,Business,2017-10-31,2017-11-30,0,2129106,10000000,Normal, ,5,5,5,5,mid,mid,mid,1,1,1,1,1,10750,16,559,1,0,1,1,0,1,1,1,0,0, , , ,0,https://www.youtube.com/channel/UCfvMUI2tXgc0Pcjk0hF5pSw, 
Presearch,Network,2017-09-09,2017-11-30,1,0,0,Normal, ,5,5,5,5,mid,mid,mid,1,1,1,1,1,3801,9,129,1,0,1,0,0,1,1,0,0,0, , , ,0,https://www.youtube.com/channel/UCgU-2uscwUP6x27mUpCGWwg, 
WAX,Gaming,2017-11-15,2017-11-29,1,9600000,9600000,Normal, ,5,5,5,5,mid,mid,mid,1,1,1,1,1,16648,207,1501,1,0,1,1,0,1,1,0,0,0, , , ,0,https://www.youtube.com/channel/UCQPwMpYKMDiudnw41QwliHQ, 
Datum,Marketplace,2017-10-29,2017-11-29,0,7581120,29400000,Normal, ,5,5,5,5,mid,mid,mid,1,1,1,1,1,36596,2852,1295,1,0,1,0,0,1,0,1,0,0, , , ,0,https://www.youtube.com/channel/UCqJepW8CF0havPLdmnJtuew, 
BitClave,Blockchain Service,2017-11-29,2017-11-29,1,25547000,25500000,Normal, ,5,5,5,5,mid,mid,mid,1,1,1,0,1,22802,1073,859,1,0,1,0,1,1,1,1,0,0, , , ,0,https://www.youtube.com/bitclave,bitclave/
Mercury Protocol,Blockchain Service,2017-10-25,2017-11-25,0,4749479,20000000,Normal, ,5,5,5,5,mid,mid,mid,1,1,1,0,1,5498,114,399,88,0,1,1,1,1,0,0,0,0, , , ,4,https://www.youtube.com/channel/UCa_tIG6rzXFBYpyMM_CuCQA/videos,mercuryprotocol
MyWish,Smart Contract,2017-10-25,2017-11-25,1,2670000,2700000,Normal, ,5,5,5,5,mid,mid,mid,1,1,1,1,1,4096,4,278,54,0,1,0,1,1,1,1,0,0, , , ,1,https://www.youtube.com/channel/UCBL6_ojQyXqgHRFRqB-ei-w,mywishplatform
Starbase,Crowdfunding,2017-11-09,2017-11-24,1,8842000,10000000,Normal, ,5,5,5,5,mid,mid,mid,1,1,1,1,1,23738,7316,2919,1,0,1,0,1,1,0,0,0,0, , , ,0,https://www.youtube.com/channel/UCZRWRaKqeH0OjAreoqkab2g,starbaseco
Flixxo,Social Network,2017-10-24,2017-11-24,0,4731021,12000000,Normal, ,5,5,5,5,mid,mid,mid,1,1,1,1,1,6378,788,305,86,0,1,1,0,1,1,1,0,0, , , ,2,https://www.youtube.com/channel/UCBmyuhQgtN88UAMGqSM4nIQ, 
Divi Project,Masternode,2017-10-27,2017-11-24,1,2592064,2000000,Normal, ,5,5,5,5,mid,mid,mid,1,1,1,1,1,5720,238,565,1,0,1,1,1,1,1,1,0,0, , , ,0,https://www.youtube.com/channel/UCihooU0crqQkBOvV0_lsRnw,divicoin
Aion,Blockchain,2017-11-24,2017-11-24,1,0,0,High, ,5,5,5,5,mid,mid,mid,1,1,0,1,1,51389,1433,927,1,0,1,1,1,1,0,0,0,0, , , ,0,https://youtube.com/channel/UCu4u9tYEgUyNL9KMgrCZvXQ,aionnetwork
ARToken,Marketplace,2017-10-25,2017-11-23,0,2813147,30000000,Normal, ,5,5,5,5,mid,mid,mid,1,1,1,1,1,8981,276,2250,1,0,1,1,1,1,1,0,0,0, , , ,0,https://www.youtube.com/channel/UCRCSGdmb2ClX-3P9A6oXkAw,CappasityTech
Science,Crowdfunding,2017-08-02,2017-11-22,0,12232781,100000000,Normal,"ETH, BTC, EOS, USD",5,5,5,5,mid,mid,mid,0,1,1,1,1,1238,107,1315,1,0,1,0,1,0,0,0,0,0, , , ,0, ,SCIToken/SCIToken
CyberMiles,Blockchain,2017-11-21,2017-11-22,1,30881582,30900000,High, ,5,5,5,5,mid,mid,mid,1,1,1,1,1,273986,139,402,1,0,1,1,1,1,1,1,0,0, , , ,0,https://www.youtube.com/watch?v=o3SE_DV9iTs,cybermiles
Bodhi,Market,2017-11-20,2017-11-22,1,0,0,Normal, ,5,5,5,5,mid,mid,mid,1,1,1,0,1,3708,67,276,1,0,1,1,0,1,1,1,0,0, , , ,0,https://www.youtube.com/channel/UCnQERM7WQGfcNUbetmywZXA, 
Time New Bank,Marketplace,2017-11-14,2017-11-21,1,14360000,14400000,Not rated, ,5,5,5,5,mid,mid,mid,0,1,1,0,1,15916,47,178,34,0,0,1,1,0,0,1,0,0, , , ,0, ,timenewbank
UTRUST,Finance,2017-11-02,2017-11-20,1,21000000,21000000,Normal, ,5,5,5,5,mid,mid,mid,1,1,1,1,1,28507,506,502,44,0,1,1,1,0,1,1,0,0, , , ,1, ,utrustdev
Zap Store,Blockchain Service,2017-10-21,2017-11-20,0,2827944,32200000,Normal, ,5,5,5,5,mid,mid,mid,1,1,1,1,1,95,0,1,1,0,0,1,1,1,0,1,0,0, , , ,0,https://www.youtube.com/channel/UCj53uS32K8UwQCytBwPqmtg,zapproject/
Quantstamp,Security,2017-11-17,2017-11-19,1,31320000,31300000,High, ,5,5,5,5,mid,mid,mid,0,1,1,1,1,57510,291,478,1,0,1,1,1,1,1,1,0,0, , , ,0,https://www.youtube.com/channel/UCXP3YLX4JdI0gGb9UKSunMg,quantstamp/token-distribution/
MicroMoney,Finance,2017-10-18,2017-11-18,0,10541585,30000000,Normal, ,5,5,5,5,mid,mid,mid,1,1,1,1,1,165683,2065,891,1,0,1,1,1,1,1,1,1,0, , , ,0,https://www.youtube.com/channel/UCKVXG3WEYPyxmsnwClF5vPg/videos,micro-money/prime
B2BX,Trading,2017-10-02,2017-11-17,0,8078602,29500000,Normal, ,5,5,5,5,mid,mid,mid,1,1,1,1,1,3972,5,302,69,0,1,1,0,1,1,1,0,0, , , ,7,https://www.youtube.com/channel/UC4KhGwIE_hoteTMqNjarBVw/featured, 
Oracles Network,Smart Contract,2017-11-17,2017-11-17,1,12641032,12600000,High, ,5,5,5,5,mid,mid,mid,1,1,1,0,1,15291,257,275,29,0,0,1,1,1,1,1,0,0, , , ,5,https://www.youtube.com/channel/UCPp7CZ1OPvBVhHOb8CDxU2A,oraclesorg
Privatix,Network,2017-10-19,2017-11-16,0,2391939,15000000,Normal, ,5,5,5,5,mid,mid,mid,1,1,1,1,1,3858,3386,160,47,0,1,1,1,1,1,1,0,0, , , ,0,https://www.youtube.com/channel/UC45KNwm-mmHADAR6jylrklg,Privatix
Publica,Marketplace,2017-11-01,2017-11-15,1,1046210,1000000,Normal, ,5,5,5,5,mid,mid,mid,1,1,1,1,1,9255,747,843,1,0,1,1,1,0,1,1,0,0, , , ,0, ,PublicaIO
Genesis Vision,Trading,2017-10-15,2017-11-15,0,2836732,23000000,Normal, ,5,5,5,5,mid,mid,mid,1,1,1,0,1,19543,57,399,1,0,0,1,1,0,1,1,0,0, , , ,0, ,GenesisVision
Soma,Marketplace,2017-09-26,2017-11-15,0,6049621,39800000,Normal, ,5,5,5,5,mid,mid,mid,1,1,1,1,1,5492,388,670,1,0,1,0,1,1,1,1,0,0, , , ,0,https://www.youtube.com/channel/UCXOislAVxYbZfb7ajiTcXJQ,Soma-co
Matryx,Collaboration,2017-09-13,2017-11-15,0,1984347,9000000,Normal, ,5,5,5,5,mid,mid,mid,0,1,1,1,1,2174,263,502,56,0,1,0,1,0,0,1,0,0, , , ,0, ,matryx
Grid+,Blockchain Service,2017-10-30,2017-11-12,0,32226790,89000000,High, ,5,5,5,5,mid,mid,mid,1,1,1,0,1,5055,68,268,137,0,0,0,1,0,0,0,0,0, , , ,8, ,gridplus
QASH,Trading,2017-11-05,2017-11-08,1,106400000,106400000,Normal, ,5,5,5,5,mid,mid,mid,1,1,1,1,1,21482,731,1439,1,0,1,1,0,1,0,1,1,0, , , ,0,https://www.youtube.com/channel/UCOR2GJnFoOgTazC5v6mBTSA, 
COMSA,Blockchain Service,2017-10-02,2017-11-06,1,0,0,Normal, ,5,5,5,5,mid,mid,mid,0,1,1,1,1,8683,1,100,53,0,1,0,0,1,0,1,0,0, , , ,1,https://www.youtube.com/channel/UCYlxKrV66AlIu7hRDCoDBeA, 
Ripio Credit Network,Finance,2017-10-24,2017-11-05,1,37863045,37900000,Normal, ,5,5,5,5,mid,mid,mid,1,1,1,1,1,21639,1801,257,80,0,1,1,1,1,1,1,0,0, , , ,0,https://www.youtube.com/channel/UCamqroruWBDSuND_-8tZ-yg,ripio/rcn-token
Ignis,Blockchain,2017-08-05,2017-11-04,1,21600000,21600000,High, ,5,5,5,5,mid,mid,mid,1,1,1,0,1,27317,91,1438,1,0,1,0,0,1,1,0,0,0, , , ,0,https://www.youtube.com/user/lyaffe1, 
Dragonchain,Blockchain Service,2017-10-02,2017-11-03,1,0,0,High, ,5,5,5,5,mid,mid,mid,1,1,1,1,1,76299,18,1958,1,0,1,0,1,1,0,0,0,0, , , ,0,https://www.youtube.com/channel/UC2_StJYNWFrQz2wiL8n6hoA,dragonchain/dragonchain
Raiden Network,Blockchain Service,2017-10-18,2017-11-01,1,33407260,33400000,High, ,5,5,5,5,mid,mid,mid,1,1,1,0,1,23715,59,47,15,0,0,1,1,1,1,0,0,0, , , ,0,https://www.youtube.com/channel/UCoUP_hnjUddEvbxmtNCcApg,raiden-network/raiden
Dentacoin,Business,2017-10-01,2017-11-01,0,1923507,28800000,Normal, ,5,5,5,5,mid,mid,mid,1,1,1,1,1,17878,487,831,1,0,1,1,1,1,0,0,0,0, , , ,0,https://www.youtube.com/channel/UCSL-UsN8dc4CzHWiCv-NfrQ,Dentacoin
Enjin Coin,Gaming,2017-10-03,2017-11-01,1,22959609,25000000,Normal, ,5,5,5,5,mid,mid,mid,1,1,1,1,1,35064,617,6246,1,0,0,1,1,1,1,1,0,0, , , ,0,https://www.youtube.com/channel/UC7F0a-BLue6W5E0Qcg-r5kw,enjin
Aeron,Blockchain Service,2017-09-19,2017-10-31,0,4897723,30000000,Normal, ,5,5,5,5,mid,mid,mid,1,1,1,1,1,30009,36,264,1,0,1,1,1,1,1,1,0,0, , , ,0,https://www.youtube.com/channel/UC5kHSnnbz8epwZOqVPci98w,aeronaero/aeron
CryptoPay,Card,2017-10-02,2017-10-30,0,18148220,64300000,Normal, ,5,5,5,5,mid,mid,mid,0,1,1,0,1,8776,1635,1205,1,0,1,1,1,0,1,1,0,0, , , ,0, ,cryptopay-dev
Horizon State,Blockchain Service,2017-10-16,2017-10-30,0,893520,61200000,Normal, ,5,5,5,5,mid,mid,mid,1,1,1,1,1,10408,15,570,1,0,1,1,0,1,1,1,0,0, , , ,0,https://www.youtube.com/channel/UCnpuPVNY6RkNTaCNq6odOxA, 
Etherparty,Smart Contract,2017-10-01,2017-10-29,0,33732274,65000000,Normal, ,5,5,5,5,mid,mid,mid,1,1,1,1,1,0,0,0,0,0,0,1,1,1,0,1,0,0, , , ,0,https://www.youtube.com/c/EtherpartyIo8,etherparty
Snip,Media,2017-09-29,2017-10-29,0,4972669,8500000,Normal, ,5,5,5,5,mid,mid,mid,1,1,1,1,1,2515,0,1642,1,0,1,0,1,1,1,1,0,0, , , ,0,https://www.youtube.com/channel/UC6d5FoTGtwWLMjcnfmnHkhQ,sniptoday
Swarm Fund,Real Assets,2017-10-21,2017-10-28,0,5370258,55000000,Normal, ,5,5,5,5,mid,mid,mid,1,1,1,0,1,11197,1770,347,1,0,1,0,1,1,0,1,0,0, , , ,0,https://www.youtube.com/channel/UCiA8w1wDJW6iXNvEh_Mr2cw,swarmfund
Polkadot,Blockchain,2017-10-15,2017-10-27,1,0,0,Very High, ,5,5,5,5,mid,mid,mid,1,1,1,0,1,22813,133,727,1,0,0,0,1,1,1,0,0,0, , , ,0,https://www.youtube.com/channel/UCB7PbjuZLEba_znc7mEGNgw,w3f
BLOCKv,Blockchain Service,2017-10-19,2017-10-25,0,21599100,40000000,Normal, ,5,5,5,5,mid,mid,mid,1,1,1,1,1,6566,80,283,74,0,0,1,0,0,1,1,0,0, , , ,2, , 
Astronaut,CryptoFund,2017-09-20,2017-10-25,1,0,0,Normal, ,5,5,5,5,mid,mid,mid,0,1,1,1,1,1970,136,274,77,0,0,0,0,0,1,0,0,0, , , ,3, , 
UnikoinGold,Bets,2017-09-22,2017-10-23,0,29436000,86400000,Normal, ,5,5,5,5,mid,mid,mid,0,1,1,1,1,20339,839,9304,1,0,1,1,1,0,0,1,0,0, , , ,0, ,unikoingold
COBINHOOD,Trading,2017-09-13,2017-10-23,0,13078406,25000000,Normal, ,5,5,5,5,mid,mid,mid,1,1,1,1,1,49883,318,1061,1,0,1,0,1,1,1,1,0,0, , , ,0,https://www.youtube.com/channel/UC-G2bQ-0voju8c2IxJJhGfA,cobinhood/
Electroneum,Currency,2017-09-14,2017-10-23,1,39934610,40000000,Normal, ,5,5,5,5,mid,mid,mid,0,1,1,1,1,126245,207,1134,1,0,1,0,1,0,0,1,0,0, , , ,0, ,electroneum
Ambrosus,Blockchain Service,2017-09-22,2017-10-22,0,32507330,97800000,Normal, ,5,5,5,5,mid,mid,mid,1,1,1,1,1,0,0,0,0,0,1,1,1,1,0,1,0,0, , , ,0,https://www.youtube.com/channel/UC27wKQU7KBgvtuTAOKD0BJg,http://github.com/ambrosus
Qvolta,Trading,2017-10-10,2017-10-20,0,729652,4700000,Normal, ,5,5,5,5,mid,mid,mid,1,1,1,1,1,3953,209,409,1,0,1,1,1,1,1,1,0,0, , , ,0,https://www.youtube.com/channel/UChxN3r5Qs0jg4dD-E09pMLg,qvolta?tab=repositories
DOVU,Mobile,2017-10-03,2017-10-17,0,6644682,28400000,Normal, ,5,5,5,5,mid,mid,mid,1,1,1,1,1,6943,2961,679,1,0,0,1,1,1,0,1,0,0, , , ,0,https://www.youtube.com/channel/UCxiQtFv5gIaxIr1hnF1PQOw,TokenMarketNet/ico
HEROcoin,Bets,2017-09-14,2017-10-16,0,2021034,16000000,Normal, ,5,5,5,5,mid,mid,mid,1,1,1,1,1,4382,591,841,1,0,1,1,0,1,0,1,0,0, , , ,0,https://www.youtube.com/channel/UCi6gLMu21XsrnWcdS0VOwdw, 
eidoo,Blockchain Service,2017-10-04,2017-10-16,0,27676992,51700000,Normal, ,5,5,5,5,mid,mid,mid,0,1,1,1,1,25115,121,1727,1,0,1,0,0,0,1,1,0,0, , , ,0, , 
Change Bank,Banking,2017-09-16,2017-10-16,0,15963255,40000000,Normal, ,5,5,5,5,mid,mid,mid,1,1,1,1,1,0,0,0,0,0,1,0,0,1,1,1,0,0, , , ,0,https://www.youtube.com/channel/UCWK5RDsAh3C7jVclziAVF7w, 
Request Network,Finance,2017-10-13,2017-10-16,1,33600000,33600000,Normal, ,5,5,5,5,mid,mid,mid,0,1,1,1,1,41837,17,232,73,0,1,1,1,0,0,1,0,0, , , ,0, ,RequestNetwork/
Credit Protocol,Finance,2017-10-01,2017-10-16,1,15300000,15300000,Normal, ,5,5,5,5,mid,mid,mid,0,1,1,1,1,9562,195,511,1,0,1,1,1,1,1,1,0,0, , , ,0,https://www.youtube.com/channel/UCqv0UBWjgjM5JZkxdQR7DYw,blockmason
Paragon,Social,2017-09-15,2017-10-16,0,6000000,100000000,Very Low, ,5,5,5,5,mid,mid,mid,1,1,1,1,1,4423,575,1100,1,0,1,1,0,0,0,1,0,0, , , ,0, , 
Doc.ai,Artificial Intelligence,2017-09-28,2017-10-14,0,11158215,31800000,Normal, ,5,5,5,5,mid,mid,mid,1,1,1,1,1,2784,828,1167,1,0,1,1,0,1,1,1,0,0, , , ,0,https://www.youtube.com/channel/UCAiPK8IxWx-pSLvqljnr6-g, 
bitJob,Marketplace,2017-09-12,2017-10-13,0,2726424,12000000,Normal, ,5,5,5,5,mid,mid,mid,1,1,1,1,1,6862,1483,905,1,0,1,1,1,1,1,1,0,0, , , ,0,https://www.youtube.com/channel/UCPtjrCU8pUztqQHY75a7npg,bitjobteam
Streamr,Blockchain Service,2017-10-12,2017-10-13,1,27000000,27000000,Normal, ,5,5,5,5,mid,mid,mid,1,1,1,0,1,17720,3074,944,1,0,1,1,0,1,1,0,0,0, , , ,0,https://www.youtube.com/channel/UCGWEA61RueG-9DV53s-ZyJQ, 
Anryze,Blockchain Service,2017-09-12,2017-10-12,0,1759099,6000000,Normal, ,5,5,5,5,mid,mid,mid,1,1,0,1,1,0,0,0,0,0,1,0,0,1,1,0,0,0, , , ,0,https://www.youtube.com/channel/UCHPXQw55HxzXqF2hGRPjA-w, 
Ties.Network,Collaboration,2017-09-21,2017-10-12,0,6399760,33600000,Normal, ,5,5,5,5,mid,mid,mid,1,1,1,1,1,7352,1,176,110,0,1,1,1,1,0,1,0,0, , , ,7,https://www.youtube.com/channel/UCjDS8EQ21VEBgKAgQgMIcVQ,http://github.com/tiesnetwork
AirSwap,Trading,2017-10-10,2017-10-11,1,12600000,12600000,High, ,5,5,5,5,mid,mid,mid,1,1,1,1,1,30402,20,589,1,0,1,1,1,1,1,1,0,0, , , ,0,https://www.youtube.com/channel/UCb2tLdHXs72fdtKXGD1uPAg,airswap
LAToken,Market,2017-08-22,2017-10-10,0,18880673,40000000,Not rated, ,5,5,5,5,mid,mid,mid,1,1,1,1,1,8437,243,514,1,0,1,0,0,1,0,1,0,0, , , ,0,https://www.youtube.com/channel/UCvTfsRYJYD2X26VXbqDVgTQ, 
Maecenas,Marketplace,2017-09-07,2017-10-10,1,15375432,18900000,Normal, ,5,5,5,5,mid,mid,mid,0,1,1,1,1,2533,163,439,1,0,1,0,0,0,1,0,0,0, , , ,0, , 
DomRaider,Blockchain Service,2017-09-12,2017-10-09,1,67200000,67200000,Normal, ,5,5,5,5,mid,mid,mid,1,1,1,1,1,9862,750,2862,1,0,1,1,0,1,1,1,0,0, , , ,0,https://www.youtube.com/domraider, 
PayPie,Finance,2017-10-08,2017-10-08,1,26000000,26000000,Normal, ,5,5,5,5,mid,mid,mid,0,1,1,1,1,7812,3,201,90,0,1,1,0,0,0,1,0,0, , , ,6, , 
Red Pulse,Market,2017-10-08,2017-10-08,1,14508923,14500000,High, ,5,5,5,5,mid,mid,mid,0,1,1,1,1,41920,467,3655,1,0,1,1,1,1,0,1,0,0, , , ,0,https://www.youtube.com/c/RedPulseToken,RedPulse
PowerLedger,Blockchain Service,2017-09-08,2017-10-06,1,0,0,Normal, ,5,5,5,5,mid,mid,mid,1,1,1,1,1,86150,2970,3471,1,0,1,1,0,0,1,1,0,0, , , ,0, , 
AirToken,Mobile,2017-10-01,2017-10-06,1,15000000,15000000,Normal, ,5,5,5,5,mid,mid,mid,1,1,1,0,1,5545,204,437,1,0,1,1,0,0,1,1,0,0, , , ,0, , 
Wanchain,Blockchain Service,2017-10-03,2017-10-04,1,35990000,36000000,High, ,5,5,5,5,mid,mid,mid,1,1,1,1,1,108176,75,182,30,0,1,1,1,1,0,1,0,0, , , ,1,https://www.youtube.com/channel/UCW_i8cncT0d1RyX7YCA_oKQ,wanchain
Real,Real Estate,2017-08-31,2017-09-30,0,10604571,33000000,Normal, ,5,5,5,5,mid,mid,mid,0,1,1,0,1,4536,104,220,107,0,0,0,1,0,1,1,0,0, , , ,5, ,RealEstateAssetLedger/real_contract
ALIS,Media,2017-09-01,2017-09-29,0,3705000,35600000,Normal, ,5,5,5,5,mid,mid,mid,0,1,1,0,1,16416,429,4252,1,0,1,1,1,0,1,0,0,0, , , ,0, ,AlisProject
Internxt,Cloud Storage,2017-09-07,2017-09-28,0,220800,41000000,Normal, ,5,5,5,5,mid,mid,mid,0,1,1,0,1,15440,1,426,1,0,1,0,1,0,1,1,0,0, , , ,0, ,internxt
Kin,Currency,2017-09-12,2017-09-25,0,48594816,75000000,Normal, ,5,5,5,5,mid,mid,mid,1,1,1,0,1,25213,212,526,1,0,1,1,0,0,1,0,0,0, , , ,0, , 
Cindicator,Hybrid Intellingence,2017-09-12,2017-09-24,1,15000000,15000000,Normal, ,5,5,5,5,mid,mid,mid,1,1,1,1,1,39494,19,2033,1,0,1,0,1,1,1,1,0,0, , , ,0,https://www.youtube.com/channel/UCNWkzeqsbFTYnyz3S3EceQg,cindicator
Modum,Blockchain Service,2017-09-01,2017-09-22,1,13350000,16400000,Not rated, ,5,5,5,5,mid,mid,mid,1,1,1,0,1,14555,186,532,1,0,1,1,1,1,0,0,0,0, , , ,0,https://www.youtube.com/channel/UCx-0ppn98Ehy5jL1EPeiv_w,modum-io
ICON,Blockchain,2017-09-20,2017-09-20,1,42750000,42800000,Very High, ,5,5,5,5,mid,mid,mid,1,1,1,1,1,107508,11,350,1,0,1,0,1,1,1,0,0,0, , , ,0,https://www.youtube.com/channel/UC5SrWL7CKY09cVtuDxHtizw,icon-project
ChainLink,Blockchain Service,2017-09-19,2017-09-19,1,32000000,32000000,High, ,5,5,5,5,mid,mid,mid,0,1,1,0,1,12513,8,24,3,0,1,0,0,0,0,1,0,0, , , ,1, , 
Substratum,Blockchain Service,2017-08-14,2017-09-17,0,13800000,45000000,Normal, ,5,5,5,5,mid,mid,mid,1,1,1,0,1,71276,22,1634,1,0,1,1,0,1,1,0,0,0, , , ,0,https://www.youtube.com/channel/UCxUJoTH0XLERKl55zGnFI6g/videos, 
KICKICO,Crowdfunding,2017-08-29,2017-09-16,1,21581925,12800000,Normal, ,5,5,5,5,mid,mid,mid,1,1,1,1,1,11027,546,936,1,0,1,1,0,1,1,0,0,0, , , ,0,https://www.youtube.com/channel/UC_zMuXu_P7idt84qOqDFMcw, 
KyberNetwork,Trading,2017-09-15,2017-09-16,1,46000000,46000000,Not rated, ,5,5,5,5,mid,mid,mid,1,1,1,0,1,86580,517,1174,1,0,1,0,1,1,0,0,0,0, , , ,0,https://www.youtube.com/channel/UCQ-8mEqsKM3x9dTT6rrqgJw,KyberNetwork
ICOS,Token Discounter,2017-08-15,2017-09-16,1,0,0,Normal, ,5,5,5,5,mid,mid,mid,0,1,1,1,1,0,0,0,0,0,1,0,0,0,1,1,0,0, , , ,0, , 
BitDice,Gambling,2017-08-15,2017-09-15,1,0,0,Not rated, ,5,5,5,5,mid,mid,mid,0,1,1,0,1,3513,26,269,63,0,0,1,0,0,1,1,1,0, , , ,0, , 
Social,Social Network,2017-08-17,2017-09-15,0,5243080,15000000,Low, ,5,5,5,5,mid,mid,mid,1,1,1,1,1,5865,159,497,1,0,0,1,0,1,1,1,0,0, , , ,0,https://www.youtube.com/channel/UCoSx37iRR5KZ2TgMSzgk_mg, 
Blackmoon,Trading,2017-09-12,2017-09-13,1,30000000,30000000,Low, ,5,5,5,5,mid,mid,mid,1,1,1,1,1,6489,68,343,1,0,1,1,1,1,1,1,0,0, , , ,0,https://www.youtube.com/channel/UCS34Ybq9NxTibHXKMqcijfg,blackmoonfg
Enigma,Trading,2017-09-11,2017-09-11,1,45000000,45000000,High, ,5,5,5,5,mid,mid,mid,0,1,1,0,1,62374,38,808,1,0,1,1,0,1,0,1,0,0, , , ,0,https://www.youtube.com/channel/UCyyl1qq8o7uIKd9caF1fanw, 
Rivetz,Security,2017-08-10,2017-09-10,1,18653920,20000000,Normal, ,5,5,5,5,mid,mid,mid,1,1,1,1,1,10335,1265,1327,1,0,0,1,0,1,0,0,0,0, , , ,0,https://www.youtube.com/channel/UC5mbk0LwtfOwuK1h-TFPCOw, 
Filecoin,Cloud Storage,2017-08-10,2017-09-08,1,257000000,40000000,Not rated, ,5,5,5,5,mid,mid,mid,1,1,1,0,1,22644,33,329,140,0,1,0,0,1,0,0,0,0, , , ,1,https://www.youtube.com/channel/UCJvMzILpV3b4AWXTEeQjcng, 
Hubii Network,Marketplace,2017-08-24,2017-09-07,0,7130256,50000000,Not rated, ,5,5,5,5,mid,mid,mid,1,1,1,0,1,4587,627,678,1,0,0,0,0,1,1,0,0,0, , , ,0,https://www.youtube.com/channel/UCkP1V8rj8pbBQtj1SmG0n0Q, 
Indorse,Blockchain Service,2017-08-08,2017-09-07,0,9247392,15000000,Normal, ,5,5,5,5,mid,mid,mid,1,1,1,1,1,9062,237,780,1,0,0,0,0,0,1,0,0,0, , , ,0, , 
Aventus,Ticketing,2017-09-06,2017-09-06,1,18780000,18800000,Not rated, ,5,5,5,5,mid,mid,mid,1,1,1,1,1,45371,265,756,1,0,1,1,1,1,1,1,0,0, , , ,0,https://www.youtube.com/channel/UC2Gi9w34uO9RvJ1hxIRHHcw,AventusProtocolFoundation
Viberate,Media,2017-09-05,2017-09-05,1,12000000,12000000,Not rated, ,5,5,5,5,mid,mid,mid,1,1,1,1,1,36310,2065,1178,1,0,1,1,0,1,1,1,0,0, , , ,0,https://www.youtube.com/channel/UCNqR72YOybyCZzVhb5oeQhw, 
Tron,Blockchain Service,2017-08-31,2017-09-02,1,70000000,70000000,Not rated, ,5,5,5,5,mid,mid,mid,0,1,1,1,1,318616,163,955,1,0,1,0,1,1,0,0,0,0, , , ,0,https://www.youtube.com/channel/UC5OPOGRq02iK-0T9sKse_kA?view_as=subscriber,tronprotocol
Everex,Blockchain Service,2017-07-24,2017-08-31,1,25840000,26000000,Not rated, ,5,5,5,5,mid,mid,mid,1,1,1,1,1,0,0,0,0,0,1,0,1,1,0,1,0,0, , , ,0,https://www.youtube.com/channel/UC0IYiy2fu66fGBk3MzUlgaQ,http://github.com/everexio
Monetha,Currency,2017-08-31,2017-08-31,1,35910000,35900000,Not rated, ,5,5,5,5,mid,mid,mid,1,1,1,1,1,19149,62,411,1,0,1,1,1,1,1,1,0,0, , , ,0,https://www.youtube.com/channel/UCtFfGdY6Kfi7qpBsCIAVc9g,monetha
ChronoLogic,Blockchain Service,2017-08-28,2017-08-30,0,7502120,13000000,Not rated, ,5,5,5,5,mid,mid,mid,1,1,1,0,0,0,0,0,0,0,1,1,1,1,0,1,0,0, , , ,0,https://www.youtube.com/channel/UCTAH_8hSgbzd8Mq84zMsZJQ,chronologic
DIMCOIN,Currency,2017-07-16,2017-08-27,1,14005746,13500000,Normal, ,5,5,5,5,mid,mid,mid,1,1,1,1,1,30955,195,1522,1,0,1,0,0,1,0,1,0,0, , , ,0,https://www.youtube.com/channel/UCT0Sq4kPSYK7oFNbXPiyDng, 
OPUS,Media,2017-07-24,2017-08-25,0,5737250,20000000,Not rated, ,5,5,5,5,mid,mid,mid,1,1,1,1,1,3687,10,121,47,0,0,1,1,1,1,1,0,0, , , ,1,https://www.youtube.com/channel/UCo5UJmWcifx6UfsAyHNzQFQ,Opus-foundation/contracts
Lampix,Hi-Tech,2017-08-09,2017-08-19,1,0,0,Not rated, ,5,5,5,5,mid,mid,mid,1,1,0,1,1,3399,788,918,1,0,1,1,0,1,0,0,0,0, , , ,0,https://www.youtube.com/channel/UCY3N6_p3fWC76XFrQlid0vQ, 
Decentraland,VR,2017-08-17,2017-08-19,1,24137000,20000000,Not rated, ,5,5,5,5,mid,mid,mid,1,1,1,1,1,36910,177,555,1,0,1,1,1,1,0,0,0,0, , , ,0,https://www.youtube.com/channel/UCLXcTgzr05cFZaN972nuEXw,decentraland
Agrello,Smart Contract,2017-07-17,2017-08-18,0,30100000,43200000,Not rated, ,5,5,5,5,mid,mid,mid,1,1,1,1,1,14954,1835,771,1,0,1,1,0,1,0,0,0,0, , , ,0,https://www.youtube.com/channel/UCJ939SlnjwRQvRpaKuA_iOw, 
0x,Blockchain Service,2017-08-12,2017-08-16,1,24000000,24000000,Not rated, ,5,5,5,5,mid,mid,mid,0,1,1,0,1,128897,52,510,1,0,0,1,1,0,0,0,0,0, , , ,0, ,0xProject
BlockCAT,Smart Contract,2017-08-15,2017-08-16,1,6284400,5000000,Not rated, ,5,5,5,5,mid,mid,mid,1,1,0,1,1,7946,135,875,1,0,0,0,1,1,1,0,0,0, , , ,0,https://www.youtube.com/channel/UCIKcZ8MT_A495kJMpUBRkDg,BlockCatIO
SALT,Finance,2017-08-01,2017-08-15,1,48500000,48500000,Normal, ,5,5,5,5,mid,mid,mid,1,1,1,1,1,44408,404,531,1,0,0,0,0,1,0,0,0,0, , , ,0,https://www.youtube.com/channel/UCkjrP9UbwR601fH3yVm_xSA, 
Tierion,Blockchain Service,2017-08-01,2017-08-09,1,25000000,25000000,Normal, ,5,5,5,5,mid,mid,mid,0,1,1,1,1,17275,337,761,1,0,1,1,1,0,1,1,0,0, , , ,0, ,tierion
Po.et,Verification,2017-08-08,2017-08-09,1,10000000,10000000,Not rated, ,5,5,5,5,mid,mid,mid,1,1,1,0,1,33147,46,823,1,0,0,1,1,0,0,0,0,0, , , ,0, ,poetapp
Tezos,Blockchain,2017-07-01,2017-07-14,1,0,0,Normal, ,5,5,5,5,mid,mid,mid,1,1,1,0,1,44869,1,585,119,0,0,1,1,1,0,0,0,0, , , ,1,https://www.youtube.com/channel/UCMeXYClRGsIfqS_sqMeolqQ,tezos/tezos
Polybius,Banking,2017-05-31,2017-06-30,0,62956169,100000000,Normal, ,5,5,5,5,mid,mid,mid,1,1,1,0,1,9638,2,133,46,0,1,0,0,1,0,0,0,0, , , ,0,https://www.youtube.com/channel/UCjvYmhdoQbaO-Yd4XcvT5nQ, 
EOS,Blockchain,2017-06-26,2017-06-26,1,0,0,High, ,5,5,5,5,mid,mid,mid,1,1,1,1,1,177069,47,968,1,0,0,0,1,0,1,0,0,0, , , ,0, ,eosio
TenX,Card, ,2017-06-24,1,0,0,Normal, ,5,5,5,5,mid,mid,mid,1,1,0,1,1,142152,62,1563,1,0,1,1,0,1,0,1,0,0, , , ,0,https://www.youtube.com/channel/UCrh49JX-9UQJbee6e4EGhog, 
Vegan Nation, ,2018-05-01,2018-07-01,1,38000006,10978800,Normal,USDEUR,0,0,0,0,mid,mid,mid,1,1,1,1,1,2221,3794,725,200,0,1,0,0,0,0,0,0,0,Isaac Thomas, , ,11, , 
Birdchain, ,2018-01-18,2018-05-31,0,1119380,4803225,Normal,BTCETH,9,9,9,9,high,mid-high,mid,1,1,1,1,1,9237,744,988,119,1,1,1,1,0,0,1,0,0, , , ,15, ,Birdchain
Bubbletone, ,2018-02-02,2018-06-15,0,7478040,15553300,Normal,ETHBTC,9,7,9,9,mid,mid-high,mid,1,1,1,1,1,5216,7,154,122,0,1,0,1,0,0,1,0,0,Yury Morozov, ,Oleg Pravdin,18, ,Clementvale-LTD
Acorn Collective, ,2018-01-29,2018-06-24,0,9800000,15553300,Normal,ETH,8,9,9,5,high,mid-high,mid,1,1,1,1,1,54194,10121,2420,159,0,1,1,1,0,0,1,0,0,Dr. Moritz Kurtz, ,Ed Earle,11, ,TheAcornCollective
BestMeta, ,2018-04-23,2018-06-15,0,3574611,15553300,Normal,BTCETHLTC,10,9,8,4,low,mid,mid,1,1,1,1,1,15665,314,165,36,0,1,0,0,0,0,0,0,0,MICHELE PES, , ,6, , 
Sharpay, ,2017-12-11,2018-05-31,0,4715852,20585250,Normal,ETHLTCBCHBTC,9,7,9,7,mid,mid,low-mid,1,1,1,1,1,2808,0,170,139,0,1,1,1,0,0,0,0,0,Anton Solodikov, ,Alexey Stukarchuk,9, , sharpay-io
Gamblica, ,2017-12-12,2018-06-01,1,0,0,Normal,BTCETH,9,6,8,7,mid,mid,mid,1,1,1,1,1,2025,26,155,145,1,1,1,1,0,0,1,0,0,Dmitry Yakovlev, ,Mikhail Ignatiev,3, ,gamblica-gmbc/gmbc
LocalCoinSwap, ,2018-04-15,2018-06-15,0,10568000,20585250,Normal,AUDBCHBTCCADETHEURGBPNZDUSDUSDTXRP,9,7,8,5,high,mid-high,mid-high,1,1,1,1,1,0,0,0,0,1,1,1,0,0,0,1,0,0, , ,Nathan Worsley,3, , 
Sandblock, ,2018-03-01,2018-06-16,0,1080039,5280802,Normal,BTCETHUSD,7,5,8,10,high,high,low-mid,1,1,1,1,1,12423,54,155,90,0,1,0,0,0,0,0,0,0, , , ,17, , 
Miner One, ,2018-02-15,2018-05-16,0,56286477,131288150,Normal,BTCETHEURLTC,9,8,9,2,mid,mid,high,1,1,1,1,1,1076,0,76,72,1,1,0,1,0,1,1,0,0,Pranas Slunys, , ,2, ,minerone
ADAMANT Messenger, ,2018-01-30,2018-06-30,0,3845782,5489400,Normal,BCHBTCDASHDOGEETHLSKLTC,8,3,8,9,low-mid,low,mid,1,1,1,1,1,891,27,339,197,0,0,0,1,0,0,1,0,0,Pavel Evgenov, , ,26, , adamant-im
HODLER, ,2018-03-01,2018-06-30,0,3792500,5489400,Normal,BCHBTCDASHLTC,8,5,8,7,low,low,high,1,1,1,1,1,611,909,210,199,0,1,0,1,0,0,0,0,0,Tobiasz Horodko, , ,4, ,HODLERTECH
Monaco Estate Token, ,2018-05-01,2018-06-30,1,0,0,Normal,ETH,9,8,8,3,mid,low,low-mid,1,1,1,1,1,1792,1804,84,36,0,0,1,1,0,0,1,0,0,Daniel Golding, , ,5, ,monacoestate/Monaco-Estate-Token-Sale-Smart-Contracts
Coinjanitor, ,2018-05-01,2018-05-31,0,2415589,6404300,Normal,BCHBTCBTGETCLTCUSDXMR,7,7,7,4,mid-high,low-mid,mid,1,1,1,1,1,2123,98,1126,134,1,1,1,0,0,1,1,0,0,Marc Kenigsberg, ,Asaf Yosifov,3, , 
Valorem Foundation, ,2017-12-15,2018-06-28,1,0,0,Normal,BTCETHUSD,8,5,7,5,mid,low-mid,high,1,1,1,1,1,14831,13421,726,197,0,0,1,1,0,0,1,0,0,Val Kleyman, , ,3, ,ValoremFoundation
Ice Rock Mining, ,2018-01-20,2018-05-25,1,8175069,6404300,Normal,USD,8,5,6,5,mid,mid,high,1,1,1,1,1,2933,25,446,183,0,1,1,0,0,0,1,0,0,Malik Murzashev, , ,5, , 
UUNIO, ,2018-03-01,2018-06-30,0,10,6404300,Normal,ETHQTUM,6,2,5,4,mid,low,high,1,1,1,1,1,423,118,91,78,0,0,0,0,0,1,0,0,0,Kiyoung Tack, , ,6, , 
Referpay Network, ,2018-06-04,2018-06-17,1,0,0,Normal,ETH,0,0,0,0,low,low,high,1,1,1,0,1,1335,0,14,14,0,0,1,1,0,1,1,0,0, , , ,3, ,REFERPAYNETWORK
A2B Taxi, ,2018-03-01,2018-06-15,1,0,0,Normal,BTCETHEURUSD,0,0,0,0,mid,mid,mid,1,1,1,1,1,6815,146,118,72,0,1,0,0,0,0,0,0,0, , , ,6, , 
AITHEON, ,2018-04-20,2018-06-03,1,25352867,4803225,Normal,ETHBTCBCHLTC,0,0,0,0,mid,mid,mid,1,1,1,1,1,9484,2580,309,197,1,1,1,0,0,0,0,0,0,Andrew Archer, , ,7, , 
Asura coin, ,2018-05-21,2018-06-15,1,0,0,Normal,NEO,0,0,0,0,mid,mid,mid,1,1,1,1,1,0,0,0,0,0,1,1,1,0,0,1,0,0,Peter Shen, , ,1, ,https://www.github.com/asuracoin
Baanx, ,2018-05-01,2018-05-24,0,3608254,16410103,Normal,BCHBTCETH,0,0,0,0,mid,mid,mid,1,1,1,1,1,8461,6379,928,76,0,1,0,0,0,1,0,0,0,Garth Howat, , ,8, , 
Bidium, ,2018-05-25,2018-06-15,1,0,0,Normal,ETHBTC,0,0,0,0,mid,mid,mid,1,1,1,1,1,6266,2608,231,178,0,1,1,0,0,0,1,0,0,Nausheen Ahmad, ,Garima Singh,3, , 
Bigbom Eco, ,2018-03-28,2018-06-10,1,0,0,Normal,ETHTOMOKNC,0,0,0,0,mid,mid,mid,1,1,1,1,1,14004,5,162,137,0,0,1,1,0,1,1,0,0,Nguyen Van Vung, ,Co Le Quoc Tuan,6, ,bigbomio
Bitcoin Empire, ,2018-04-04,2018-06-28,1,0,0,Normal,ETH,0,0,0,0,mid,mid,mid,1,1,1,1,1,2567,2918,1748,177,0,0,0,0,0,0,0,0,0, , , ,5, , 
BitFence, ,2018-04-01,2018-07-01,0,6562241,16410103,Normal,BTCDASHETHLTC,0,0,0,0,mid,mid,mid,1,1,1,1,1,11516,12219,91,86,1,1,1,1,0,0,1,0,0, , , ,8, , BitFence/         
Blockchain Hotels, ,2018-02-25,2018-06-30,0,6000,182980,Normal,BTCDASHETHLTC,0,0,0,0,mid,mid,mid,1,1,1,1,1,0,0,0,0,1,1,0,0,0,0,1,0,0,Pawel Alva Nazaruk, , ,1, , 
Calfin Global Crypto Exchange, ,2018-05-01,2018-06-30,0,6404300,53817620,Normal,BTCETH,0,0,0,0,mid,mid,mid,1,1,1,1,1,21002,25,39,36,1,1,1,1,0,1,1,0,0,Anandh Swami, ,Don Asok,5, ,cgcx
Carboneum Token, ,2018-03-08,2018-06-30,1,0,0,Normal,ETH,0,0,0,0,mid,mid,mid,1,1,1,1,1,19862,69,134,134,0,0,0,1,0,1,1,0,0,Max Kortrakul, , ,11, , CarboneumProject
Cardium, ,2018-04-16,2018-06-30,1,0,0,Normal,ETH,0,0,0,0,mid,mid,mid,1,1,1,1,1,3045,0,66,66,1,1,1,1,0,1,1,0,0,Philipp Klimov, ,Sergey Chernikov,6, , Cardium-world
CargoCoin, ,2018-04-01,2018-06-30,1,0,0,Normal,ETHBTCLTCXRPDASHUSDDOGE,0,0,0,0,mid,mid,mid,1,1,1,1,1,1491,12,247,194,0,1,1,1,0,1,1,0,0, , , ,3, ,CargoCoinRepo/Cargo-Coin
Chimaera, ,2018-03-23,2018-05-19,0,2000000,53817620,Normal,BTCDASHETCETHLTCZEC,0,0,0,0,mid,mid,mid,1,1,1,1,1,6856,1404,681,183,0,1,0,0,0,0,0,0,0,Andrew Colosimo, , ,8, , 
Coin Pennant , ,2018-06-01,2018-06-30,1,0,0,Normal,ETH,0,0,0,0,mid,mid,mid,1,1,1,1,1,0,0,0,0,0,0,1,1,0,1,1,0,0,Samo Music, ,"Crt Gerlec, PhD",2, ,coinpennant
Countinghouse Fund, ,2018-04-03,2018-06-12,0,1987620,9149000,Normal,ETH,0,0,0,0,mid,mid,mid,1,1,1,1,1,1205,577,329,189,0,1,1,1,0,0,1,0,0, , , ,8, ,Countinghouse
Cryde, ,2018-04-23,2018-06-26,1,0,0,Normal,ETHBTCLTCBCHZECXMRDASH,0,0,0,0,mid,mid,mid,1,1,1,1,1,2356,307,75,73,0,0,0,1,0,0,1,0,0, , ,Daniel Toth,4, ,crydeio
Cryptectum , ,2018-05-27,2018-06-17,1,0,0,Normal,ETH,0,0,0,0,mid,mid,mid,1,1,1,1,1,1233,42,86,35,0,1,0,1,0,0,1,0,0,Eduard Salm, , ,4, ,cryptectum/Smart-Contract
Crypto Cashback Rebate, ,2018-03-18,2018-06-18,1,45000002,9149000,Normal,ETHBTCLTCETCXRPBCH,0,0,0,0,mid,mid,mid,1,1,1,1,1,158,1,26,25,1,0,0,1,0,1,1,0,0,Vladimir Kapal, , ,3, ,cryptocashbackrebate
Cryptoflix, ,2018-05-15,2018-06-15,1,0,0,Normal,ETH,0,0,0,0,mid,mid,mid,1,1,1,1,1,4810,93,315,173,0,0,0,0,0,0,1,0,0,Christian Falkenberg Husum, , ,5, , 
Cryptonia Poker, ,2018-04-10,2018-07-01,0,6278501,16634711,Normal,ETHBTC,0,0,0,0,mid,mid,mid,1,1,1,1,1,1182,17,154,153,0,0,1,1,0,1,1,0,0,Lakshay Anand, , ,2, ,OnGridSystems/CryptoniaPokerContracts
Dafzo, ,2018-03-29,2018-06-30,1,0,0,Normal,ETHBTCBCH,0,0,0,0,mid,mid,mid,1,1,1,1,1,3499,1,86,68,0,1,0,0,0,1,1,0,0,Prateek Sharma, ,Deekshith Marla,10, , 
Dakuce, ,2018-05-01,2018-06-30,1,0,0,Normal,BTCETHLTCUSDT,0,0,0,0,mid,mid,mid,1,1,1,1,1,25557,0,76,64,1,1,1,1,0,1,1,0,0, , , ,7, ,DakuceExchange
DateCoin, ,2018-03-30,2018-05-30,0,5279430,12579875,Normal,BTCETH,0,0,0,0,mid,mid,mid,1,1,1,1,1,8832,56,382,189,1,1,1,1,0,1,1,0,0,Nikita Anufriev, , ,20, ,datecoin/DateCoin
DAV, ,2018-02-06,2018-06-25,0,11836061,24833130,Normal,ETH,0,0,0,0,mid,mid,mid,1,1,1,1,1,4370,66,688,179,0,1,1,1,0,0,1,0,0,Noam Copel, ,Tal Ater,14, ,DAVFoundation
Dorado, ,2018-02-07,2018-05-16,0,26596143,34994925,Normal,BTCETHLTCUSD,0,0,0,0,mid,mid,mid,1,1,1,1,1,2369,241,109,97,0,1,1,0,0,0,1,0,0, , , ,4, , 
DUCATUR, ,2018-05-01,2018-06-30,0,914900,7181965,Normal,ETHNEOBTCEOS,0,0,0,0,mid,mid,mid,1,1,1,1,1,17677,727,104,76,0,0,0,1,0,0,0,0,0,George Bell, ,Ivan Kocheshev,4, ,DucaturFw
Engagement Token, ,2018-01-15,2018-06-01,1,0,0,Normal,ETH,0,0,0,0,mid,mid,mid,1,1,1,1,1,479,75,84,82,0,1,0,0,0,0,1,0,0,Constantine Goltsev, ,Nick Urmach,18, , 
EQUI, ,2018-05-15,2018-06-30,1,7000000,7181965,Normal,BTCETHLTCXRP,0,0,0,0,mid,mid,mid,1,1,1,1,1,3206,149,586,200,0,0,1,0,0,1,1,0,0, ,Baroness Mone, ,6, , 
Fluence.ai, ,2018-04-15,2018-05-15,0,1097880,1829800,Normal,ETH,0,0,0,0,mid,mid,mid,1,1,1,1,1,2116,120,267,101,0,1,0,1,0,0,1,0,0, , ,Dmitry Kurinskiy,12, ,FluenceLabs
Flux, ,2018-04-17,2018-05-31,1,2900912,1829800,Normal,BNBBTCDASHETCETHEURKCSLTCUSDUSDTZEC,0,0,0,0,mid,mid,mid,1,1,1,1,1,3987,25,152,56,1,1,1,1,0,0,1,0,0,Alexandr Sushko, ,Dmitry Lut,5, ,fluxgames
Globatalent, ,2018-04-16,2018-06-30,0,11088000,16925650,Normal,BTCETHUSD,0,0,0,0,mid,mid,mid,1,1,1,1,1,9710,200,728,193,1,1,0,1,0,1,1,0,0,Sunil Bhardwaj, , ,30, ,Globatalent
Invox Finance, ,2018-04-03,2018-07-01,0,1345360,9149000,Normal,ETH,0,0,0,0,mid,mid,mid,1,1,1,1,1,8410,387,298,179,1,1,1,1,0,1,1,0,0,Alex Mezhvinsky, , ,16, ,Invox-Finance/ICO
Kakushin, ,2018-05-01,2018-06-30,0,1906531,45745000,Normal,ETHBTCBCHLTCDASH,0,0,0,0,mid,mid,mid,1,1,1,1,1,2887,10,120,75,1,1,1,0,0,1,1,0,0,Chandan Indoria, ,Sachin Bhargava,7, , 
Kinguin.io, ,2018-06-02,2018-06-24,1,0,0,Normal,BTCETHEURUSD,0,0,0,0,mid,mid,mid,1,1,1,1,1,273094,899,11583,190,1,0,0,0,0,1,1,0,0, , ,Nashat Wanli,4, , 
Korona Coin, ,2018-04-23,2018-06-21,1,0,0,Normal,ETH,0,0,0,0,mid,mid,mid,1,1,1,1,1,6404,96,109,51,1,1,1,0,0,1,1,0,0, , , ,9, , 
Marginless, ,2018-04-10,2018-05-31,0,2164195,9606450,Normal,BTCETHLTC,0,0,0,0,mid,mid,mid,1,1,1,1,1,13269,13,137,115,1,1,1,1,0,1,1,0,0,Lukas Jonaitis, , ,6, ,MarginlessNetwork/
Market.space, ,2018-04-16,2018-06-30,1,8736761,9606450,Normal,BCHBTCDASHLTCETCETHUSDUSDT,0,0,0,0,mid,mid,mid,1,1,1,0,1,839,134,593,200,0,1,1,0,0,1,1,0,0,Alexander Rakhmanov, ,Eugene Parafiynyk,4, , 
MF Chain, ,2018-04-04,2018-06-25,0,10,9606450,Normal,BTCLTCNEOETH,0,0,0,0,mid,mid,mid,1,1,1,1,1,19122,216,247,189,0,0,1,1,0,0,1,0,0, , , ,9, ,mfchain
Moentum, ,2018-02-21,2018-06-30,1,0,0,Normal,ETHUSD,0,0,0,0,mid,mid,mid,1,1,1,0,1,7,0,2,2,0,0,1,0,0,0,0,0,0,Sam Balabon, , ,1, , 
Neuromachine, ,2018-04-20,2018-06-15,0,2970000,9606450,Normal,ETHBTCLTCBCHBTGDASHETC,0,0,0,0,mid,mid,mid,1,1,1,1,1,20858,22,45,34,0,1,0,1,0,0,1,0,0,Valentin Korsunsky, , ,6, ,NRM-Neuromachine
ORS Group, ,2018-01-01,2018-05-24,1,14200000,9606450,Normal,ETH,0,0,0,0,mid,mid,mid,1,1,1,1,0,0,0,0,0,0,1,0,1,0,1,1,0,0, , , ,3, ,ORSGroup/ORS.Ico
RoBET, ,2018-02-01,2018-06-30,0,1601989,13723500,Normal,BTCETHUSD,0,0,0,0,mid,mid,mid,1,1,1,0,1,7,6,60,59,0,1,0,0,0,0,1,0,0,Edoardo Narduzzi, ,Alessandro Lentini,3, , 
RUSGAS, ,2018-04-17,2018-06-11,1,22066744,13723500,Normal,ETH,0,0,0,0,mid,mid,mid,1,1,1,0,1,659,0,105,104,0,0,0,0,0,0,0,0,0, , , ,5, , 
Safeguard , ,2018-06-07,2018-06-20,1,0,0,Normal,NEO,0,0,0,0,mid,mid,mid,1,1,1,1,1,5392,135,60,36,0,1,1,0,0,1,0,0,0,Ingmar Vroege, ,Gertjan Leemans,11, , 
SKYFchain, ,2018-05-01,2018-06-15,0,10,13723500,Normal,BTCETH,0,0,0,0,mid,mid,mid,1,1,1,1,1,4658,0,161,82,1,1,1,1,0,1,1,0,0,Alexander Timofeev, , ,10, ,SKYFchain
Smart Advertisement Transaction Token, ,2018-04-04,2018-07-01,1,0,0,Normal,BTCETHUSD,0,0,0,0,mid,mid,mid,1,1,1,1,1,450,90,59,59,0,1,0,1,0,0,1,0,0,Gauthier Bros, ,Stphanie Clement,6, ,Atayen/satt
Swapy Network, ,2018-03-19,2018-05-18,0,10657104,13723500,Normal,ETH,0,0,0,0,mid,mid,mid,1,1,1,1,1,5065,544,296,72,1,1,1,1,0,0,1,0,0,Edmilson Rodrigues, ,Tlio Braga,5, ,swapynetwork/swapy-exchange-protocol
Tradingene, ,2018-03-20,2018-06-23,1,0,0,Normal,BCHBTCETHLTCWAVES,0,0,0,0,mid,mid,mid,1,1,1,1,1,7511,28,225,171,1,0,1,0,0,1,1,0,0,Daniel Wolfe, , ,13, , 
Uulala, ,2018-03-25,2018-06-30,1,0,0,Normal,BTCETHUSD,0,0,0,0,mid,mid,mid,1,1,1,1,1,270,123,305,196,0,1,0,0,0,1,0,0,0,Oscar Garcia, ,Alan Alvardo,8, , 
WeevoCity, ,2018-03-26,2018-06-25,1,0,0,Normal,ETH,0,0,0,0,mid,mid,mid,1,1,1,1,1,1237,4904,86,85,0,0,1,1,0,0,1,0,0, , , ,1, , weevocity/ICO
