name,category,start,end,USD raised,USD aimed,ROI rate,accepted currency,integrity,team,vision,product,marketing,community,risk,video,website,whitepaper,facebook,twitter,instagram,linkedin,reddit,github,youtube channel,medium,bitcointalk,steemit,slack,CEO,cofounder,CTO,event,twitter link,instagram link,linkedin link,youtube channel link,github link
Midas Protocol,Trading,2018-05-15,2018-07-01,9019600,9000000,Normal, ,5,5,5,5,mid,mid,mid,1,1,1,1,1,0,0,0,0,1,1,0,0,0, , , ,0,MidasProtocol, , ,https://www.youtube.com/channel/UCHCphQZNkVr20YZG5BGnOCQ, 
Squeezer,Blockchain Service,2018-06-20,2018-06-30,14805000,15000000,Normal, ,5,5,5,5,mid,mid,mid,1,1,1,1,1,0,0,0,1,1,1,1,0,0, , , ,0,SqueezerIO, , ,https://www.youtube.com/channel/UC4oipFLgQW7e98Gei-7NEIQ,SqueezerIO
Databroker DAO,Data Service,2018-04-26,2018-06-30,3544538,12300000,Normal, ,5,5,5,5,mid,mid,mid,1,1,1,1,1,0,0,1,1,1,1,1,0,0, , , ,0,DataBrokerDAO, , ,https://www.youtube.com/channel/UCUmxSlaliIuF0Z3yNw8y_uA,DataBrokerDAO
Essentia,Protocol,2018-06-25,2018-06-29,25500000,25500000,Not rated, ,5,5,5,5,mid,mid,mid,0,1,1,1,1,0,1,1,1,0,1,1,0,0, , , ,0,essentia_one, ,essentiaone, ,essentiaone
INCX,Exchange,2018-06-11,2018-06-29,5131500,5100000,Normal, ,5,5,5,5,mid,mid,mid,0,1,1,1,1,0,1,1,0,1,1,0,0,0, , , ,0,INCryptoX, ,internationalcryptox,https://www.youtube.com/channel/UCSvXPpv3mQgOc0C2XFYLfWg, 
TraceTo,Verification,2018-06-08,2018-06-29,12478800,12500000,Normal, ,5,5,5,5,mid,mid,mid,0,1,1,1,1,0,1,0,1,0,1,1,0,0, , , ,0,tracetoio, ,traceto-io-pte-ltd, ,traceto
Elysian,E-commerce,2018-06-04,2018-06-26,7000000,7000000,Normal,ETH,5,5,5,5,mid,mid,mid,1,1,1,1,1,0,1,1,1,1,1,1,1,0, , , ,0,Elysian_ELY, ,elysian-ely,https://www.youtube.com/channel/UCm0BGtPu1nB-7HbeJsHKJTw,Elysian-ELY
DAV Network,Blockchain Service,2018-06-11,2018-06-25,28508200,38000000,Normal, ,5,5,5,5,mid,mid,mid,1,1,1,1,1,0,1,1,1,1,1,1,0,0, , , ,0,DavNetwork, ,dav-foundation,https://www.youtube.com/channel/UCPuAOygDwCiLOdLosiQJJ1w,DAVFoundation
GoNetwork,Blockchain Service,2018-06-11,2018-06-25,0,0,Not rated, ,5,5,5,5,mid,mid,mid,1,1,1,0,1,0,1,0,1,1,1,1,0,0, , , ,0,gonetwork_co, ,gotoken,https://www.youtube.com/channel/UCpu6zDStXGUl5_FvNtTzaag,gonetwork-project
Metronome,Currency,2018-06-18,2018-06-25,0,0,Normal, ,5,5,5,5,mid,mid,mid,0,1,1,1,1,0,1,1,1,0,1,0,0,0, , , ,0,MTNToken, ,bloq-inc-, ,autonomoussoftware
Multiversum,Blockchain,2018-05-01,2018-06-25,21721869,35000000,Normal, ,5,5,5,5,mid,mid,mid,1,1,1,1,1,0,0,1,1,1,1,1,0,0, , , ,0,MultiversumBC, , ,https://www.youtube.com/watch?v=SsvMFGNTEwQ,MultiversumBlockchain
Hashgard,Blockchain,2018-01-01,2018-06-01,0,0,Normal, ,5,5,5,5,mid,mid,mid,0,1,1,1,1,0,1,1,0,0,1,0,0,0, , , ,0,Hashgard1, ,hashgard, , 
AIRBLOC Protocol,Data Service,2018-06-15,2018-06-19,10427400,10400000,Normal, ,5,5,5,5,mid,mid,mid,1,1,1,1,1,0,0,1,1,1,1,0,0,0, , , ,0,AirblocOfficial, , ,https://www.youtube.com/channel/UCKYRUMFyIYs_h4tyz1tKP3w,airbloc
OneLedger,Blockchain Service,2018-06-15,2018-06-16,15000015,15000000,Normal,ETH,5,5,5,5,mid,mid,mid,0,1,1,0,1,0,1,1,1,0,1,0,0,0, , , ,0,OneLedgerTech, ,oneledger-innovative-tech-inc, ,Oneledger/
FANTOM,Blockchain,2018-06-15,2018-06-16,39653398,39400000,Very High, ,5,5,5,5,mid,mid,mid,1,1,1,1,1,0,1,0,1,0,1,0,0,0, , , ,0,FantomFDN, ,fantom-foundation, ,Fantom-foundation
Alchemint,Currency,2018-06-09,2018-06-12,30000000,30000000,Normal,"ETH, NEO",5,5,5,5,mid,mid,mid,0,1,1,1,1,0,1,1,0,1,0,0,0,0, , , ,0,Alchemint_SDT, ,alchemint,https://www.youtube.com/channel/UCwrtClCx049XDnyYFB6P2qw, 
MoneyToken,Finance,2018-05-02,2018-06-07,36174400,41500000,Normal, ,0,0,0,0,mid,mid,mid,1,1,1,1,1,0,0,0,1,1,1,1,0,0, , ,Alex Rass,3,MoneyToken, , ,https://www.youtube.com/channel/UCz9r7r5BSoq4eE6guMa7P-w,
Atonomi,Blockchain Service,2018-06-06,2018-06-06,25000000,25000000,High, ,5,5,5,5,mid,mid,mid,0,1,1,1,1,0,1,1,1,1,0,0,0,0, , , ,0,atonomi, ,atonomi,https://www.youtube.com/channel/UCA3uN6KJAD2B0IRWpJIVClQ,atonomi
Arweave,Data Service,2018-06-03,2018-06-06,8700000,8700000,Normal, ,5,5,5,5,mid,mid,mid,1,1,1,1,1,0,1,1,1,1,1,0,0,0, , , ,0,ArweaveTeam, ,arweave,https://www.youtube.com/channel/UCdM3INQ5NAsNjWU8-2y_xjw,ArweaveTeam/arweave
HybridBlock,Trading,2018-05-23,2018-06-06,47830000,50000000,Normal,"ETH, BTC, NEO",5,5,5,5,mid,mid,mid,1,1,1,1,1,0,1,1,0,1,1,1,0,0, , , ,0,HybridBlockHQ, ,hybrid-block-official,https://www.youtube.com/channel/UCbzLOZaEegUfTVBJQeSc0sw, 
Cool Cousin,Dapp,2018-05-15,2018-06-05,10008209,10400000,Low,ETH,0,0,0,0,mid,mid,mid,1,1,1,1,1,0,1,1,1,1,1,1,0,0,Itay Nagler, ,Gil Azrielant,3,coolcousinco, ,cool-cousin,https://www.youtube.com/channel/UClQ-OmPE_Y9moK8iUjJZ3-g,
QuarkChain,Blockchain,2018-06-02,2018-06-03,20000000,20000000,Very High, ,5,5,5,5,mid,mid,mid,1,1,1,1,1,0,0,1,1,0,0,0,1,0, , , ,0,Quark_Chain, , , ,QuarkChain
Cardstack,Blockchain Service,2018-05-31,2018-06-01,35000000,35000000,Not rated, ,5,5,5,5,mid,mid,mid,1,1,1,0,1,0,1,1,1,0,1,1,0,0, , , ,0,cardstack, ,cardstack-foundation, ,cardstack/cardstack
BitRewards,Marketing,2018-04-12,2018-06-01,6715741,15000000,Normal, ,5,5,5,5,mid,mid,mid,1,1,1,1,1,0,0,1,1,1,1,1,0,0, , , ,0,bitrewards, , ,https://www.youtube.com/channel/UCWwXrCr1ofCuADGsFC13HkA,BitRewards
Omnitude,Blockchain Service,2018-03-28,2018-06-01,7497400,25000000,Not rated, ,0,0,0,0,mid,mid,mid,1,1,1,1,1,0,1,1,1,0,1,1,0,0,Chris Painter, , ,3,Omnitudeorg, ,omnitude, ,
RightMesh,Mobile,2018-05-30,2018-05-31,30000000,30000000,Normal, ,5,5,5,5,mid,mid,mid,1,1,1,1,1,0,1,1,1,1,1,0,0,0, , , ,0,Right_Mesh, ,right-mesh,https://www.youtube.com/channel/UCa-am0tFMgJbDP2_yYFhfRA,rightmesh
Bigbom,Advertising,2018-05-28,2018-05-30,6792000,6800000,Normal, ,5,5,5,5,mid,mid,mid,1,1,1,1,1,0,0,0,1,1,1,0,0,0, , , ,0,bigbomglobal, , ,https://www.youtube.com/channel/UCs6LAeB75nLLmHyQtGtl4uA,bigbomio
DCC,Finance,2018-05-28,2018-05-29,49000000,49000000,Normal, ,5,5,5,5,mid,mid,mid,1,1,1,1,1,0,0,1,1,1,1,0,0,0, , , ,0,DccOfficial2018, , ,https://www.youtube.com/channel/UCX0Y5MQwTLGPtIP1jAJm9Ng,DistributedBanking/DCC
PCHAIN,Blockchain,2018-05-28,2018-05-28,26674000,26700000,High, ,5,5,5,5,mid,mid,mid,1,1,1,0,1,0,0,0,1,0,1,0,0,0, , , ,0,pchain_org, , , ,pchain-org
Phantasma Protocol,Blockchain,2018-05-27,2018-05-28,9650000,9700000,High, ,5,5,5,5,mid,mid,mid,0,1,1,0,1,0,1,1,1,0,1,0,0,0, , , ,0,phantasma_io, ,28608113, ,PhantasmaProtocol
CarBlock,Real Business, ,2018-05-28,22920000,22900000,Normal, ,5,5,5,5,mid,mid,mid,1,1,1,1,1,0,1,0,1,1,1,1,0,0, , , ,0,CarBlock_io, ,carblock,https://www.youtube.com/channel/UCjgN4_1Jvv1KlETeoWalBVA,carblock-io
Insureum,Insurance, ,2018-05-28,20000000,20000000,Normal, ,5,5,5,5,mid,mid,mid,1,1,1,1,1,0,0,0,1,1,0,1,0,0, , , ,0,insureum_zikto, , ,https://www.youtube.com/channel/UCMcCdwW8V3r4uSTY2qxdNIA,TeamZikto/Contract
Sentinel Protocol,Security,2018-05-27,2018-05-27,27700000,27700000,Normal, ,5,5,5,5,mid,mid,mid,0,1,1,1,1,0,0,1,0,0,1,0,0,0, , , ,0,s_protocol, , , , 
LemoChain,Data Service,2018-05-27,2018-05-27,6295404,6300000,Normal, ,5,5,5,5,mid,mid,mid,1,1,1,1,1,0,0,1,1,1,1,0,0,0, , , ,0,lemochain, , ,https://www.youtube.com/channel/UCdXVejZk2aa8WnEt051G5ZA,LemoFoundationLtd
Egretia,Blockchain,2018-05-26,2018-05-26,23650450,23700000,Normal, ,5,5,5,5,mid,mid,mid,0,1,1,1,1,0,1,1,1,0,1,1,0,0, , , ,0,Egretia_io, ,egretia, ,Egretia
EdenChain,Blockchain,2018-05-24,2018-05-25,24000000,24000000,Normal,Token Issue: June 2018,5,5,5,5,mid,mid,mid,1,1,1,1,1,0,1,1,0,0,1,0,0,0, , , ,0,edenchainio, ,edenpartnersinc, , 
MVL Chain,Blockchain Service,2018-05-15,2018-05-24,9971500,20700000,Normal, ,5,5,5,5,mid,mid,mid,1,1,1,1,1,0,1,0,0,1,1,1,0,0, , , ,0,mvlchain, ,mvlchain,https://www.youtube.com/channel/UCWIwx5KcQIaf7Ti6piFhnKw, 
Blue Whale,Blockchain Service,2018-05-24,2018-05-24,22700000,22700000,Normal, ,5,5,5,5,mid,mid,mid,0,1,1,1,1,0,1,1,0,1,1,1,0,0, , , ,0,BlueWhaleFdn, ,bwx,https://www.youtube.com/channel/UCj6pXevvLiO7YHm0fOMvwhw, 
Rate3 Network,Blockchain Service, ,2018-05-21,17500000,17500000,Normal, ,5,5,5,5,mid,mid,mid,1,1,1,0,1,0,0,1,1,1,1,1,0,0, , , ,0,OfficialRate3, , ,https://www.youtube.com/channel/UCFS1YeleAZ-O9W034DfL1iA,rate-engineering
XYO Network,Blockchain Service,2018-03-20,2018-05-21,12000000,48000000,Normal, ,5,5,5,5,mid,mid,mid,1,1,1,1,1,0,1,1,1,1,1,1,0,0, , , ,0,XYOracleNetwork, ,xyonetwork,https://www.youtube.com/channel/UCyZDqb9pgntVHJVt1pxXtsw/featured,XYOracleNetwork
ATN,Artificial Intelligence, ,2018-05-20,0,0,Normal, ,5,5,5,5,mid,mid,mid,0,1,1,1,1,0,1,1,1,0,0,0,1,0, , , ,0,atn_io, ,atn-io, ,atnio
TTC Protocol,Protocol,2018-04-18,2018-05-18,19110000,21200000,Not rated, ,5,5,5,5,mid,mid,mid,0,1,1,1,1,0,1,0,1,0,1,0,0,0, , , ,0,ttceco, ,ttc-protocol, ,TTCOffical/ico_smart_contract
Hero Node,Blockchain,2018-05-17,2018-05-17,21765720,21800000,Normal, ,5,5,5,5,mid,mid,mid,0,1,1,0,1,0,1,1,1,0,1,0,0,0, , , ,0,hero_node, ,heronode, ,hero-node
The Abyss (DAICO),Gaming,2018-04-18,2018-05-16,15352418,18000000,Normal, ,5,5,5,5,mid,mid,mid,1,1,1,1,1,0,1,1,1,0,1,1,0,0, , , ,0,theabyss, ,theabyss, ,theabyssportal
VideoCoin,Blockchain Service,2018-01-01,2018-05-01,50000000,50000000,Normal, ,5,5,5,5,mid,mid,mid,0,1,1,1,1,0,1,1,0,1,1,1,0,0, , , ,0,VideoCoinHQ, ,live-planet-inc.,https://www.youtube.com/channel/UChyso79nMDhzDm0l0e7UuYQ, 
Academy,Blockchain Service,2018-03-15,2018-05-15,0,0,Low, ,5,5,5,5,mid,mid,mid,1,1,1,1,1,0,1,0,0,0,1,0,0,0, , , ,0,AcademyToken, ,academytoken, , 
Orbs,Blockchain, ,2018-05-15,0,0,Normal, ,5,5,5,5,mid,mid,mid,1,1,1,0,1,0,1,1,1,1,1,0,0,0, , , ,0,orbs_network, ,orbs,https://www.youtube.com/channel/UCfpV4z-MGxeiabFkht1LNPQ,orbs-network
Quant Network,Blockchain Service,2018-05-01,2018-05-12,0,0,Normal,ETH,5,5,5,5,mid,mid,mid,1,1,1,1,1,0,1,1,1,1,1,0,0,0, , , ,0,quant_network, ,quantnetwork,https://www.youtube.com/channel/UCsz53-6ZYJCI0TtE4M_kdkA,quantnetwork
Bezant,Payments,2018-05-03,2018-05-11,27500000,40000000,Normal, ,0,0,0,0,mid,mid,mid,1,1,1,1,1,0,1,1,0,1,1,1,0,0,Chan Joon Kim, , ,3,bezant_io, ,bezantofficial,https://www.youtube.com/channel/UCNBH-gqh6_q0Tf1gbbQJzCw,
HYCON,Blockchain,2018-03-30,2018-05-10,22932600,22900000,Normal, ,5,5,5,5,mid,mid,mid,1,1,1,1,1,0,1,1,1,1,1,0,0,0, , , ,0,teamhycon, ,teamhycon,https://www.youtube.com/channel/UCG70VYa9wVjYB_rZ3cRSPyQ,Team-Hycon
Virtue Poker,Gambling,2018-04-25,2018-05-09,18548000,18500000,Normal, ,5,5,5,5,mid,mid,mid,1,1,1,1,1,0,1,0,0,0,0,0,0,0, , , ,0,Virtue_Poker, ,virtue-poker, , 
Eligma,Blockchain Service,2018-04-17,2018-05-08,11250740,24000000,Normal, ,5,5,5,5,mid,mid,mid,1,1,1,1,1,0,1,1,1,1,1,1,0,0, , , ,0,eligmacom, ,eligma,https://www.youtube.com/channel/UCfshAN27bKPe4f3uBIr7jjA,Eligma/Eligma
DAOstack,Blockchain Service,2018-05-08,2018-05-08,30000000,30000000,Normal, ,5,5,5,5,mid,mid,mid,1,1,1,0,1,0,0,1,1,1,1,1,0,0, , , ,0,daostack, , ,https://www.youtube.com/channel/UCX4GNxoP4GdGQk7pUp0j6JA/videos,daostack
HOLD,Finance,2018-05-04,2018-05-07,11300000,11300000,Normal, ,5,5,5,5,mid,mid,mid,0,1,1,0,1,0,1,0,0,0,1,0,0,0, , , ,0,HoldHQ, ,holdplatformltd, , 
Grain,Smart Contract,2018-04-16,2018-05-07,11303218,14800000,Normal,ETH,5,5,5,5,mid,mid,mid,1,1,1,1,1,0,1,0,1,1,1,1,0,0, , , ,0,Grain_io, ,grain-io,https://www.youtube.com/channel/UCGSjeO28gA7EhtLjpJ8vldA,grainio
Skrumble Network,Social Network,2018-05-05,2018-05-05,16472800,16500000,Normal, ,5,5,5,5,mid,mid,mid,1,1,1,1,1,0,1,0,1,0,0,0,0,0, , , ,0,skrumblehq, ,skrumble, ,Skrumble
Libra Credit,Finance,2018-05-01,2018-05-05,26400000,26400000,Normal, ,5,5,5,5,mid,mid,mid,0,1,1,1,1,0,1,1,1,0,1,1,0,0, , , ,0,LibraCredit, ,libracredit, ,libracredit
Merculet,Blockchain Service,2018-05-04,2018-05-04,28686240,28700000,Normal, ,5,5,5,5,mid,mid,mid,1,1,1,1,1,0,1,1,1,0,1,1,0,0, , , ,0,Merculet_io, ,merculet, ,Merculet
Project SHIVOM,Healthcare,2018-05-03,2018-05-03,35000000,35000000,Normal, ,5,5,5,5,mid,mid,mid,1,1,1,1,1,0,1,1,0,1,1,1,0,0, , , ,0,projectshivom, ,project-shivom,https://www.youtube.com/c/ProjectShivom, 
GoChain,Blockchain,2018-05-02,2018-05-03,13685000,13700000,High, ,5,5,5,5,mid,mid,mid,0,1,1,1,1,0,1,1,1,0,1,1,0,0, , , ,0,go_chain, ,gochain, ,gochain-io
Unibright,Blockchain Service,2018-04-21,2018-05-02,13542375,13500000,Not rated, ,5,5,5,5,mid,mid,mid,1,1,1,1,1,0,1,1,0,1,1,1,0,0, , , ,0,UnibrightIO, ,unibright,https://www.youtube.com/channel/UC5rs94G9ZsUvce73PEWrV4w, 
Solve.Care,Healthcare,2018-03-31,2018-05-01,20000000,20000000,Normal, ,5,5,5,5,mid,mid,mid,1,1,1,1,1,0,0,1,1,1,1,1,0,0, , , ,0,Solve_Care, , ,https://www.youtube.com/channel/UCt75sklUcLfwYjTrn4asOBA,SolveCare
Blockchain Terminal,Trading,2018-04-01,2018-05-01,21500000,51500000,Normal, ,5,5,5,5,mid,mid,mid,1,1,1,1,1,0,0,1,0,1,1,0,0,0, , , ,0,BCTerminal, , ,https://www.youtube.com/channel/UCyq4KYf3n1wTwkBRigt5AYw?view_as=subscriber, 
KodakOne,Blockchain Service, ,2018-05-01,0,0,Normal, ,5,5,5,5,mid,mid,mid,0,1,0,1,1,0,1,0,0,1,1,0,0,0, , , ,0,KodakOne, ,kodakone,https://www.youtube.com/channel/UCf5zbB1P-p_qWjgC4yRVVzw, 
CloudMoolah,Gaming,2018-03-30,2018-04-30,12300000,15000000,Not rated,ETH,5,5,5,5,mid,mid,mid,1,1,1,1,1,0,0,1,0,0,1,1,0,0, , , ,0,cloud_moolah, , , , 
Mainframe,Blockchain Service,2018-03-01,2018-04-01,0,0,Normal, ,5,5,5,5,mid,mid,mid,1,1,1,1,1,0,1,1,1,1,0,0,0,0, , , ,0,Mainframe_HQ, ,mainframehq,https://www.youtube.com/channel/UCOhQaYVAUypRWHucouG3Sjg,MainframeHQ
DAEX,Blockchain,2018-04-28,2018-04-29,0,0,Normal, ,5,5,5,5,mid,mid,mid,0,1,1,0,1,0,0,0,0,0,0,0,0,0, , , ,0,daexblockchain, , , , 
Holo,Cloud Storage,2018-03-29,2018-04-28,20388500,20400000,Normal, ,5,5,5,5,mid,mid,mid,1,1,1,1,1,0,0,1,1,1,0,1,0,0, , , ,0,H_O_L_O_, , ,https://www.youtube.com/channel/UCSRJRJvkZHk3f1PemqT-R0g,holochain
Morpheus Network,Payments,2018-03-22,2018-04-22,9883347,18000000,Normal, ,5,5,5,5,mid,mid,mid,1,1,1,1,0,0,1,1,0,0,1,1,0,0, , , ,0, , ,morpheus-network, , 
DML,Blockchain Service,2018-04-16,2018-04-22,10425492,17900000,Normal, ,5,5,5,5,mid,mid,mid,1,1,1,1,1,0,0,1,1,1,1,0,0,0, , , ,0,DecentralizedML, , ,https://www.youtube.com/channel/UCT_qj3gQri8uARHWjHw1JNw,DecentralizedML
Nebula AI,Blockchain,2018-04-02,2018-04-20,5874054,17700000,Not rated, ,5,5,5,5,mid,mid,mid,1,1,1,1,1,0,1,0,1,1,0,1,0,0, , , ,0,nebula_ai, ,nebula-ai,https://www.youtube.com/channel/UCWltsUAyiser4-_eLLGmpdg,nebulaai
NKN,Blockchain,2018-04-19,2018-04-19,12600000,12600000,High, ,5,5,5,5,mid,mid,mid,0,1,1,0,1,0,1,1,1,0,1,1,0,0, , , ,0,NKN_ORG, ,nknetwork, ,nknorg
Lendingblock,Finance,2018-04-15,2018-04-18,10000000,10000000,Normal, ,5,5,5,5,mid,mid,mid,1,1,1,1,1,0,1,1,1,1,0,1,0,0, , , ,0,lendingblock, ,lendingblock,https://www.youtube.com/channel/UCSW4xLO-6zXYI6BVT0o64Eg,lendingblock
Auctus,Finance,2018-03-27,2018-04-17,3865575,3900000,Normal, ,5,5,5,5,mid,mid,mid,1,1,1,1,1,0,1,1,1,0,1,0,0,0, , , ,0,AuctusProject, ,auctus-project, ,AuctusProject
Open Platform,Blockchain Service, ,2018-04-17,18000000,18000000,Normal, ,5,5,5,5,mid,mid,mid,1,1,1,1,1,0,1,1,0,1,0,1,0,0, , , ,0,OpenPlatformICO, ,theopenplatform,https://www.youtube.com/channel/UCoNIXk5AUROlMy1XwIbbEvQ, 
Block Collider,Blockchain Service,2018-04-13,2018-04-16,7012829,7000000,High, ,5,5,5,5,mid,mid,mid,1,1,1,1,1,0,1,1,1,0,0,0,0,0, , , ,0,blockcollider, ,blockcollider, ,blockcollider
Repux,Data Service,2018-03-06,2018-04-07,4700000,33100000,Normal, ,5,5,5,5,mid,mid,mid,1,1,1,1,1,0,1,1,1,1,1,1,0,0, , , ,0,repu_x, ,repux,https://www.youtube.com/channel/UCCcDC1u2aGUUAV108zxC_8Q,repux/token
Coinvest,Trading,2018-03-09,2018-04-06,5300000,30000000,Not rated, ,5,5,5,5,mid,mid,mid,0,1,1,1,1,0,1,0,1,1,1,1,0,0, , , ,0,CoinvestHQ, ,coinvesthq,https://www.youtube.com/channel/UCX-pE6nXFg3uK2_cMQ5n6jA,CoinvestHQ
BitGuild,Gaming,2018-03-16,2018-04-06,13408025,16700000,Not rated, ,5,5,5,5,mid,mid,mid,0,1,1,1,1,0,1,1,0,1,1,1,0,0, , , ,0,BitGuildPLAT, ,bitguild,https://www.youtube.com/channel/UCvk-Ir3FoksiHMa2qqiymJQ, 
Thrive,Advertising,2018-03-10,2018-04-05,26031250,30600000,Normal,"ETH, BTC, LTC",5,5,5,5,mid,mid,mid,1,1,1,1,1,0,1,0,1,1,1,1,0,0, , , ,0,WeareThrivelabs, ,thrivelabs.io,https://www.youtube.com/channel/UC-mEhSbHxY8tIG7T9MK-nZg,thrivelabs/
Chainium,Trading,2018-03-28,2018-04-04,3434946,5500000,Not rated, ,5,5,5,5,mid,mid,mid,1,1,1,1,1,0,1,0,1,1,1,1,0,0, , , ,0,ChainiumIO, ,chainium,https://www.youtube.com/channel/UCeOea6Kxx-2DoPjc97E8a-w/featured,chainium
Seele,Blockchain,2018-04-03,2018-04-03,12133800,12100000,Not rated, ,5,5,5,5,mid,mid,mid,0,1,1,1,1,0,1,1,1,0,1,1,0,0, , , ,0,SeeleTech, ,seeletech, ,seeleteam
Nexo,Banking,2018-03-06,2018-04-01,52500000,52500000,Normal, ,5,5,5,5,mid,mid,mid,1,1,1,1,1,0,1,0,0,1,1,0,0,0, , , ,0,NexoFinance, ,nexofinance,https://www.youtube.com/channel/UCDMuAzBypoeEV9i6v-dmQwA, 
Faceter,Verification,2018-02-15,2018-03-30,28610352,40800000,Normal, ,5,5,5,5,mid,mid,mid,1,1,1,1,1,0,1,1,1,1,1,1,0,0, , , ,0,FaceterOfficial, ,faceter,https://www.youtube.com/channel/UCNuni06vUuSyi_D5rQm6pww,faceterteam
Narrative network,Social Network,2018-02-20,2018-03-29,14642183,22800000,Normal,NEO,5,5,5,5,mid,mid,mid,0,1,1,0,1,0,1,0,0,0,0,1,0,0, , , ,0,narrative_hq, ,narrativehq, , 
Effect.ai,Artificial Intelligence,2018-03-24,2018-03-28,13591090,18400000,Normal, ,5,5,5,5,mid,mid,mid,1,1,1,1,1,0,1,1,1,1,1,1,0,0, , , ,0,effectaix, ,effectai,https://www.youtube.com/channel/UCWzHpI310baipgvVMCxcwHA,effectai
Consensus,Artificial Intelligence, ,2018-03-28,0,0,Normal, ,5,5,5,5,mid,mid,mid,0,1,1,1,1,0,1,1,0,0,1,1,0,0, , , ,0,consensus_ai, ,consensus-ai, , 
Loki,Currency,2018-03-01,2018-03-26,0,0,Normal, ,5,5,5,5,mid,mid,mid,0,1,1,0,1,0,1,1,1,1,0,1,0,0, , , ,0,loki_project, ,lokiproject,https://www.youtube.com/channel/UCN7LL0dEffQ7FSjbY5wwlnw,loki-project
Cappasity,Marketplace,2018-02-22,2018-03-23,5100000,20000000,Normal, ,5,5,5,5,mid,mid,mid,1,1,1,1,1,0,1,1,1,1,0,1,0,0, , , ,0,cappasity, ,cappasity-inc-,https://www.youtube.com/channel/UCRCSGdmb2ClX-3P9A6oXkAw,CappasityTech
Celsius,Finance,2018-03-16,2018-03-22,50000000,50000000,Normal, ,5,5,5,5,mid,mid,mid,1,1,1,1,1,0,1,1,0,1,1,1,0,0, , , ,0,CelsiusNetwork, ,celsiusnetwork,https://www.youtube.com/channel/UC3yZY7UVs-zPKBuyNuPinbQ, 
PolySwarm,Security,2018-02-20,2018-03-22,25930000,50000000,Normal, ,5,5,5,5,mid,mid,mid,1,1,1,1,1,0,1,0,1,1,1,1,0,0, , , ,0,polyswarm, ,polyswarm,https://www.youtube.com/channel/UClkA8JVQ--oMsPomOKM85fA,polyswarm
Viewly,Blockchain Service,2018-02-20,2018-03-22,12000000,12000000,Normal, ,5,5,5,5,mid,mid,mid,0,1,0,1,1,0,1,0,1,0,1,0,0,0, , , ,0,OfficialViewly, ,view-ly, ,Viewly/
Friendz,Marketing,2018-03-01,2018-03-21,18118800,50300000,Not rated, ,5,5,5,5,mid,mid,mid,1,1,1,1,1,0,1,1,0,0,1,1,0,0, , , ,0,Friendz_ICO, ,friendz-app, , 
Sapien Network,Social Network,2018-03-21,2018-03-21,11740619,30000000,Low, ,5,5,5,5,mid,mid,mid,1,1,1,1,1,0,1,1,1,0,0,1,0,0, , , ,0,sapien_network, ,sapien.network, ,SapienNetwork
Valid,Verification,2018-02-24,2018-03-17,10730000,25000000,Not rated,"ETH, BTC, USD",5,5,5,5,mid,mid,mid,1,1,1,1,1,0,1,1,1,1,0,1,0,0, , , ,0,valid_global, ,valid.global,https://www.youtube.com/channel/UCCjK3Sblx-Jxx8je84XakbQ,valid-global/
Switcheo Network,Exchange,2018-03-16,2018-03-17,8700000,8700000,Normal, ,5,5,5,5,mid,mid,mid,0,1,1,0,1,0,1,1,1,0,1,0,0,0, , , ,0,switcheonetwork, ,switcheonetwork, ,ConjurTech/switcheo
Socialmedia.market,Marketing,2018-02-09,2018-03-16,8462740,9700000,Normal, ,5,5,5,5,mid,mid,mid,1,1,1,0,1,0,1,1,1,1,1,1,0,0, , , ,0,SocialMedia_io, ,socialmedia-market,https://www.youtube.com/channel/UCPJ919jN8eCcVDkzbCR06nw,SocialMediaMarket
Dragon,Currency,2018-02-15,2018-03-15,320000000,407500000,Normal, ,5,5,5,5,mid,mid,mid,1,1,1,1,1,0,1,1,0,1,1,1,0,0, , , ,0,dragoncoin, ,dragon-corporation,https://www.youtube.com/channel/UCG9Ep0pYsSujqcfmCjHSlAQ, 
SyncFab,Blockchain Service,2018-02-15,2018-03-15,9155717,19700000,Normal, ,5,5,5,5,mid,mid,mid,1,1,1,1,1,0,1,1,1,1,1,1,0,0, , , ,0,syncfab, ,syncfab,https://www.youtube.com/user/syncfab,syncfab
Endor,Hybrid Intellingence,2018-02-19,2018-03-14,45000000,45000000,Normal, ,5,5,5,5,mid,mid,mid,1,1,1,1,1,0,1,1,1,1,1,0,0,0, , , ,0,endorscience, ,endor-software-ltd,https://www.youtube.com/channel/UCnFEc86wGKq58we4mXyftRA,EndorCoin
YGGDRASH,Blockchain,2018-03-12,2018-03-13,40000000,40000000,Not rated, ,5,5,5,5,mid,mid,mid,1,1,1,1,1,0,1,1,1,0,1,1,0,0, , , ,0,YggdrashNews, ,akashic-foundation, ,yggdrash
Ocean Protocol,Blockchain Service,2018-03-07,2018-03-09,22100000,22100000,High, ,5,5,5,5,mid,mid,mid,1,1,1,0,1,0,1,1,1,1,0,0,0,0, , , ,0,oceanprotocol, ,ocean-protocol,https://www.youtube.com/channel/UCH8TXwmWWAE9TZO0yTBHB3A,oceanprotocol
Sentinel Chain,Marketplace,2018-03-06,2018-03-09,14400000,14400000,Normal, ,0,0,0,0,mid,mid,mid,1,1,1,0,1,0,1,1,1,1,1,1,0,0,Roy Lai, , ,0,sentinelchain, ,sentinelchain,https://www.youtube.com/channel/UCvfvoCTvnH2OMAArfwXLaLA,
JET8,Marketing,2018-02-28,2018-03-06,32700000,36000000,Normal, ,5,5,5,5,mid,mid,mid,1,1,1,0,1,0,1,1,1,1,1,0,0,0, , , ,0,jet8app, ,jet8,https://www.youtube.com/channel/UCQ8Z1Qkl_Hx7vcj_S6r3QRw,jet8
DATx,Advertising, ,2018-03-06,44150000,44200000,Normal, ,5,5,5,5,mid,mid,mid,0,1,1,1,1,0,0,1,1,0,1,1,0,0, , , ,0,DATxOfficial, , , ,DATx-Protocol
Zebi,Blockchain Service,2018-03-05,2018-03-05,8561100,8600000,Not rated, ,5,5,5,5,mid,mid,mid,1,1,1,1,1,0,0,1,1,1,1,0,0,0, , , ,0,ZebidataIndia, , ,https://www.youtube.com/channel/UCrEFyjIGGznac_8nj9uhu2Q,zebidata/zebicrowdsale
IP Exchange,Marketplace,2018-02-28,2018-03-05,7904319,9300000,Normal, ,5,5,5,5,mid,mid,mid,1,1,1,1,1,0,0,1,0,1,1,1,0,0, , , ,0,ipexchange1, , ,https://www.youtube.com/channel/UCWdhDPJgK6n66DM7sKxm49w, 
PolicyPal Network,Insurance,2018-03-03,2018-03-04,20482240,20200000,Normal, ,5,5,5,5,mid,mid,mid,0,1,1,0,1,0,1,1,1,0,1,1,0,0, , , ,0,PolicyPalNET, ,policypal-network, ,policypalnet
Cortex,Artificial Intelligence,2018-02-07,2018-03-02,34870400,34900000,Normal, ,5,5,5,5,mid,mid,mid,0,1,1,1,1,0,1,1,1,0,1,0,0,0, , , ,0,CTXCBlockchain, ,cortex-labs, ,CortexFoundation
TomoCoin,Blockchain,2018-03-01,2018-03-02,8575000,8500000,Normal, ,5,5,5,5,mid,mid,mid,1,1,1,1,1,0,0,0,0,1,1,1,0,0, , , ,0,TomoChainANN, , ,https://www.youtube.com/channel/UCXZ2rmjM84qS80RCj6vQ1gw, 
MAD Network,Advertising,2018-02-28,2018-03-01,25000000,25000000,Normal, ,5,5,5,5,mid,mid,mid,0,1,1,1,1,0,1,1,0,0,0,1,0,0, , , ,0,madnetwork_, ,mad-network, , 
Rentberry,Real Estate,2017-12-05,2018-03-01,27500000,30000000,Normal, ,5,5,5,5,mid,mid,mid,1,1,1,1,1,0,0,1,1,1,0,1,0,0, , , ,0,rentberry_, , ,https://www.youtube.com/channel/UC1tJKugchHhE_2Y9kWJNXLA,Rentberry
Bankera,Banking,2017-11-27,2018-03-01,150949194,215900000,Not rated, ,5,5,5,5,mid,mid,mid,1,1,1,1,1,0,0,0,0,0,1,1,0,0, , , ,0,Bankeracom, , , , 
Crowd Genie,Finance,2017-12-25,2018-03-01,5550000,5000000,Normal, ,5,5,5,5,mid,mid,mid,1,1,1,1,0,0,0,0,1,1,1,1,0,0, , , ,0, , , ,https://www.youtube.com/playlist?list=PL2bOogx1dP7pOwt6Ul3DfyclOyNQyR58_,crowdgenie/smart-contract
Ignite Ratings,Trading,2018-01-15,2018-02-28,3003777,8700000,Normal, ,5,5,5,5,mid,mid,mid,1,1,1,1,1,0,1,0,1,1,1,0,0,0, , , ,0,igniteratings, ,ignite-ratings,https://www.youtube.com/channel/UCaFZ0BYiqyjp0BE87i59a2g,IgniteRATINGS/IGNITE
FintruX,Finance,2018-02-07,2018-02-28,24714054,25000000,Normal, ,5,5,5,5,mid,mid,mid,1,1,1,1,1,0,0,1,1,1,1,0,0,0, , , ,0,fintrux, , ,https://www.youtube.com/channel/UCl6fxREMFahDNNixg4leUig,FintruX
Bridge Protocol,Verification,2018-02-22,2018-02-28,0,0,Normal,NEO,5,5,5,5,mid,mid,mid,1,1,1,1,1,0,1,1,0,1,0,1,0,0, , , ,0,BridgeProtocol, ,bridge-protocol,https://www.youtube.com/channel/UC9diA7jwybSRfDil45tu3rg, 
AdHive,Advertising,2018-02-28,2018-02-28,17491749,17500000,Normal, ,5,5,5,5,mid,mid,mid,1,1,1,1,1,0,1,1,1,1,1,1,0,0, , , ,0,AdhiveTv, ,adhive.tv,https://www.youtube.com/channel/UCXJEC_hyhfK_vtsc-dEJBxw,adhivetv
HERO Token,Finance,2018-02-01,2018-02-28,36416517,173900000,Normal, ,5,5,5,5,mid,mid,mid,1,1,1,1,1,0,0,1,0,1,1,1,0,0, , , ,0,herotokenio, , ,https://www.youtube.com/channel/UCglbFRJUT6stLj7JfiCQPlA, 
NaPoleonX,Trading,2018-01-22,2018-02-28,13951976,18300000,Normal, ,5,5,5,5,mid,mid,mid,1,1,0,1,1,0,1,1,1,1,1,1,0,0, , , ,0,NapoleonXai, ,napoleonx,https://www.youtube.com/channel/UCoN_vg-_GU09Yet6pyx9neA,ProjectNapoleonX
Lympo,Healthcare,2018-02-17,2018-02-28,16857899,12700000,Normal, ,5,5,5,5,mid,mid,mid,1,1,1,1,1,0,1,1,1,1,1,1,0,0, , , ,0,Lympo_io, ,lympo,https://www.youtube.com/channel/UCxklkPMx5daiRhYMfpHCg0Q?view_as=subscriber,LympoICO
Havven,Currency,2018-02-26,2018-02-28,30000000,30000000,Normal, ,5,5,5,5,mid,mid,mid,0,1,1,1,1,0,1,1,1,0,0,1,0,0, , , ,0,havven_io, ,havven, ,havven/havven
Huobi token,Exchange,2018-01-24,2018-02-28,300000000,300000000,High, ,5,5,5,5,mid,mid,mid,0,1,1,1,1,0,0,0,0,1,1,0,0,0, , , ,0,HUOBI_Pro, , ,https://www.youtube.com/channel/UCABkgL5rRAk61E2Qtjtqcxw/featured, 
Banca,Finance,2018-02-26,2018-02-26,20000000,20000000,Normal, ,5,5,5,5,mid,mid,mid,0,1,1,0,1,0,1,1,1,0,0,1,0,0, , , ,0,Banca_Official, ,banca, ,techbanca
Debitum Network,Finance,2018-01-25,2018-02-25,17200000,17200000,Not rated, ,5,5,5,5,mid,mid,mid,1,1,1,1,1,0,1,1,1,1,1,1,0,0, , , ,0,DebitumNetwork, ,debitum-network,https://www.youtube.com/channel/UCKWNaiGaJ2XfuDT1gRM7soA,debitum
Electrify.Asia,Energy,2018-02-23,2018-02-24,29102830,30000000,Not rated, ,5,5,5,5,mid,mid,mid,1,1,1,1,1,0,1,0,1,1,0,0,0,0, , , ,0,electrifyasia, ,electrify.sg,https://www.youtube.com/channel/UCrgHrbn77JO8hhVsF0R8xdA/videos,electrifyasia
TE-FOOD,Blockchain Service,2018-02-22,2018-02-22,19089273,19100000,Normal, ,5,5,5,5,mid,mid,mid,1,1,1,1,1,0,1,1,0,1,1,1,0,0, , , ,0,TE_FOOD, ,te-food,https://www.youtube.com/channel/UCt4dONFbQCo1qC14mF0Z9_g, 
BABB,Finance,2018-02-06,2018-02-21,20000000,20000000,Normal, ,5,5,5,5,mid,mid,mid,1,1,1,1,1,0,1,0,0,1,1,0,0,0, , , ,0,getbabb, ,babb,https://www.youtube.com/channel/UCQtkZd7sfzbEugz7VdFhv4Q/featured, 
dock.io,Data Service,2018-02-21,2018-02-21,20140818,20000000,Normal, ,5,5,5,5,mid,mid,mid,0,1,1,1,1,0,1,1,1,0,1,1,0,0, , , ,0,dock_io, ,dockio, ,dockio
Lendroid,Trading,2018-02-19,2018-02-20,47500000,47500000,Normal, ,5,5,5,5,mid,mid,mid,0,1,1,0,1,0,1,0,1,0,0,0,0,0, , , ,0,lendroidproject, ,lendroid, ,lendroidproject/lendroid-ens-loan
CLN,Payments,2018-02-14,2018-02-18,22895000,50000000,Normal, ,5,5,5,5,mid,mid,mid,1,1,1,1,1,0,1,0,1,1,1,1,0,0, , , ,0,ColuNetwork, ,colu-co,https://www.youtube.com/channel/UC2yHSENHrugHTPwTBV8x4KQ,colucom/CLN-solidity
CREDITS,Blockchain,2018-02-18,2018-02-18,22570394,20000000,High, ,5,5,5,5,mid,mid,mid,0,1,1,1,1,0,1,1,1,1,1,1,0,0, , , ,0,creditscom, ,credits.com,https://www.youtube.com/channel/UCD9jHWhwq4l03Yu5XnOPEhg/featured,CREDITSCOM
0chain,Blockchain,2018-02-07,2018-02-17,39000000,39000000,Not rated, ,5,5,5,5,mid,mid,mid,1,1,1,1,1,0,1,1,1,1,1,0,0,0, , , ,0,0costcloud, ,0chain,https://www.youtube.com/channel/UCuRk0tjbTmc5GEYaFEISnAw,0chain
Gems,Blockchain Service, ,2018-02-16,0,0,Not rated, ,5,5,5,5,mid,mid,mid,0,1,1,0,1,0,1,0,0,1,0,0,0,0, , , ,0,gems, ,gems-protocol,https://www.youtube.com/channel/UCn5o1UPQhXjYVKilsohkABA, 
REMME,Security,2018-02-13,2018-02-15,17544101,17500000,Not rated, ,5,5,5,5,mid,mid,mid,1,1,1,1,1,0,1,1,1,1,1,0,0,0, , , ,0,remme_io, ,remme,https://www.youtube.com/channel/UCeSQ8UosUXwII-6JOh7Fi3g,Remmeauth
Winding Tree,Marketplace,2018-02-01,2018-02-15,14418196,10000000,Normal,ETH,5,5,5,5,mid,mid,mid,1,1,1,0,1,0,1,1,1,1,0,1,0,0, , , ,0,windingtree, ,winding-tree,https://www.youtube.com/channel/UCFuemEOhCfenYMoNdjD0Aew/featured,windingtree
IoTeX,Blockchain,2018-01-01,2018-02-01,0,0,Not rated, ,5,5,5,5,mid,mid,mid,0,1,1,0,1,0,1,1,1,1,1,0,0,0, , , ,0,iotex_io, ,iotex,https://www.youtube.com/channel/UCdj3xY3LCktuamvuFusWOZw,iotexproject/iotex-core
Telegram ICO (TON),Blockchain,2017-10-15,2018-02-15,0,0,Normal, ,5,5,5,5,mid,mid,mid,1,0,1,0,0,0,0,0,0,0,0,0,0,0, , , ,0, , , , , 
FundRequest,Blockchain Service,2018-02-12,2018-02-14,12121040,15000000,Normal, ,5,5,5,5,mid,mid,mid,1,1,1,1,1,0,1,1,1,1,0,1,0,0, , , ,0,fundrequest_io, ,fundrequest,https://www.youtube.com/channel/UCHiEJCqisGBuOiMsFG1aLaQ,fundrequest/
EBCoin,Currency,2018-01-16,2018-02-13,8515810,25300000,Normal, ,5,5,5,5,mid,mid,mid,1,1,1,1,1,0,1,0,1,1,1,1,0,0, , , ,0,EBCoinGlobal, ,https:www.linkedin.cominEBCoin,https://www.youtube.com/channel/UCrBh44aLhQRxlHO5m_BfJ9Q,ebcoin
EximChain,Blockchain Service, ,2018-02-13,20000000,20000000,Normal, ,5,5,5,5,mid,mid,mid,0,1,1,1,1,0,1,1,1,0,1,1,0,0, , , ,0,EximchainEXC, ,eximchain, ,eximchain
Fusion,Blockchain,2018-02-01,2018-02-11,42185216,42200000,High, ,5,5,5,5,mid,mid,mid,1,1,1,1,1,0,1,1,1,0,1,1,0,0, , , ,0,FUSIONProtocol, ,fusion-foundation, ,FusionFoundation
Globitex,Exchange,2018-02-10,2018-02-11,12270000,12300000,Normal, ,5,5,5,5,mid,mid,mid,1,1,1,1,1,0,0,1,0,1,1,0,0,0, , , ,0,globitex_, , ,https://www.youtube.com/channel/UCNy-8TmvXd7VlfIY9s5Cshg, 
COPYTRACK,Blockchain Service,2018-01-10,2018-02-10,11087368,62900000,Normal, ,5,5,5,5,mid,mid,mid,1,1,1,1,1,0,0,1,0,0,1,1,0,0, , , ,0,copytrackhq, , , , 
Dether,Payments,2018-02-07,2018-02-09,13444650,13400000,Not rated, ,5,5,5,5,mid,mid,mid,1,1,1,1,1,0,0,1,1,1,1,1,0,0, , , ,0,dether_io, , ,https://www.youtube.com/channel/UCXkA5w4KdpnBMeIsu62ZS8w,dethertech
Insights Network,Blockchain Service,2018-02-05,2018-02-09,17376260,17400000,Normal, ,5,5,5,5,mid,mid,mid,0,1,1,0,1,0,1,1,1,0,1,0,0,0, , , ,0,instartoken, ,insights-network, ,InsightsNetwork
GBX,Exchange,2018-02-07,2018-02-08,27000000,27000000,Normal, ,5,5,5,5,mid,mid,mid,1,1,1,1,1,0,0,1,0,1,1,1,0,0, , , ,0,GibBlockEx, , ,https://www.youtube.com/channel/UC8AFevz1jYcHMXN-GLnae2g, 
Refereum,Gaming, ,2018-02-08,32252400,32300000,High, ,5,5,5,5,mid,mid,mid,1,1,1,1,1,0,0,1,0,0,1,0,0,0, , , ,0,refereum, , , , 
Current,Media, ,2018-02-07,36000000,36000000,Not rated, ,5,5,5,5,mid,mid,mid,1,1,1,1,1,0,0,1,1,1,1,0,0,0, , , ,0,Current_CRNC, , ,https://www.youtube.com/channel/UCgb5W27G00rZCdzTKjd_kpw,CurrentMediaNetwork
Datawallet,Blockchain Service,2018-02-05,2018-02-06,39436870,40000000,Normal, ,5,5,5,5,mid,mid,mid,0,1,1,0,1,0,1,1,1,0,1,1,0,0, , , ,0,DataWalletHQ, ,pnyks, ,DataWallet
ArcBlock,Blockchain Service,2018-02-04,2018-02-04,45000000,45000000,High, ,5,5,5,5,mid,mid,mid,0,1,1,1,1,0,0,1,1,0,1,1,0,0, , , ,0,ArcBlock_io, , , ,arcblock
Republic Protocol,Trading,2018-02-03,2018-02-03,34299022,34400000,Normal, ,5,5,5,5,mid,mid,mid,0,1,1,0,1,0,1,1,1,0,1,0,0,0, , , ,0,republicorg, ,republic-protocol, ,republicprotocol
The Bee Token,Real Estate,2018-01-31,2018-02-02,15000000,15000000,Normal, ,5,5,5,5,mid,mid,mid,1,1,1,1,1,0,1,1,1,0,1,1,0,0, , , ,0,thebeetoken, ,thebeetoken, ,thebeetoken
FuzeX,Card, ,2018-02-02,36241600,36200000,Normal, ,5,5,5,5,mid,mid,mid,1,1,1,1,1,0,1,1,1,1,1,1,0,0, , , ,0,fuzex_co, ,fuzex-ag,https://www.youtube.com/channel/UCKC_X1r-3yoBpVeuFcR8thQ,fuzex
MedicalChain,Healthcare,2018-02-01,2018-02-01,23991953,24000000,High, ,5,5,5,5,mid,mid,mid,1,1,1,1,1,0,1,1,1,1,0,1,0,0, , , ,0,medical_chain, ,medicalchain-io,https://www.youtube.com/channel/UCZmFzvveq3E4AASPqP2XBeQ,medicalchain
WePower,Energy,2018-02-01,2018-02-01,40000000,40000000,High, ,5,5,5,5,mid,mid,mid,1,1,1,1,1,0,0,0,1,1,1,1,0,0, , , ,0,WePowerN, , ,https://www.youtube.com/channel/UCsocTWqQzDvoLBf2sVj96lQ,WePowerNetwork
iungo,Mobile,2017-12-07,2018-02-01,45978800,46000000,Normal, ,5,5,5,5,mid,mid,mid,1,1,1,1,1,0,0,1,1,1,1,1,0,0, , , ,0,iungonetwork, , ,https://www.youtube.com/channel/UCR0FJ6lfu3Q9FVhQXaaa9Xw,iungonetwork
CrowdWiz,Trading,2017-11-20,2018-01-31,7234387,20000000,Normal,"ETH, BTC, LTC",5,5,5,5,mid,mid,mid,1,1,1,1,1,0,0,1,1,1,1,1,1,0, , , ,0,Crowdwiz, , ,https://www.youtube.com/c/Crowdwiz,CrowdWiz-io
AMLT,Blockchain Service,2017-12-12,2018-01-30,19042042,16000000,Not rated, ,5,5,5,5,mid,mid,mid,1,1,1,1,1,0,1,1,0,1,0,1,0,0, , , ,0,AMLT_Token, ,amltoken,https://www.youtube.com/channel/UCUDxGxLVXXV-Ry4b5D2HS-Q, 
dadi,Cloud Storage,2018-01-29,2018-01-29,29000000,29000000,Normal, ,5,5,5,5,mid,mid,mid,1,1,1,0,1,0,1,1,1,0,1,1,0,0, , , ,0,dadi, ,dadi, ,dadi
Storiqa,Marketplace,2017-11-28,2018-01-29,25000000,25000000,Normal, ,5,5,5,5,mid,mid,mid,1,1,1,1,1,0,1,1,1,1,1,1,0,0, , , ,0,storiqa, ,storiqa,https://www.youtube.com/channel/UCU_VW6azYd0cXFACzofUy5w,Storiqa
APEX,Blockchain Service,2018-01-29,2018-01-29,25000000,25000000,Normal, ,5,5,5,5,mid,mid,mid,1,1,1,0,1,0,1,0,0,0,0,0,0,0, , , ,0,APEXnetworkCPX, ,apexnetwork, , 
LiveEdu,Blockchain Service,2018-01-15,2018-01-28,10000000,10000000,Normal, ,5,5,5,5,mid,mid,mid,1,1,1,1,1,0,0,0,1,1,1,1,0,0, , , ,0,liveedutv, , ,https://www.youtube.com/channel/UCSE3yMEa2ck9usM4HaBLPZw,bokkypoobah/LiveEduCrowdsaleContractAudit
Sharpe Capital,Trading,2017-11-06,2018-01-28,7422000,7400000,Normal, ,5,5,5,5,mid,mid,mid,1,1,1,1,1,0,1,1,1,1,1,1,0,0, , , ,0,sharpecapital, ,sharpe-capital,https://www.youtube.com/channel/UCGgKlPxTdQH5ua9prVMlH6Q/featured,sharpe-capital
Nucleus.Vision,Blockchain Service, ,2018-01-28,40000000,40000000,Normal, ,5,5,5,5,mid,mid,mid,1,1,1,1,1,0,1,1,1,1,1,1,0,0, , , ,0,NucleusVision, ,nucleusvision,https://www.youtube.com/channel/UCJ4LIGyMee0HnAx4rDvX0nw,NucleusVision
Experty,Blockchain Service, ,2018-01-26,9468000,9500000,Normal, ,5,5,5,5,mid,mid,mid,1,1,1,0,1,0,1,0,1,1,1,1,0,0, , , ,0,experty_io, ,experty_io,https://www.youtube.com/channel/UC4wc6GUUozN1_t-IAWu3-mA,Experty
CPChain,IOT, ,2018-01-24,30000000,30000000,Normal, ,5,5,5,5,mid,mid,mid,1,1,1,0,1,0,0,0,0,0,0,0,0,0, , , ,0,cpchain_io, , , , 
Restart Energy,Energy,2018-01-23,2018-01-23,30000000,30000000,Normal, ,5,5,5,5,mid,mid,mid,1,1,1,1,1,0,1,1,0,1,0,1,0,0, , , ,0,restartenergyio, ,restart-energy-democracy,https://www.youtube.com/channel/UC3EnYKC8QVOUg8T-3oAlK9w, 
Odyssey,Blockchain Service, ,2018-01-23,50000000,47600000,Normal, ,5,5,5,5,mid,mid,mid,0,1,1,0,1,0,0,1,1,1,1,0,0,0, , , ,0,ODYSSEYPROTOCOL, , ,https://www.youtube.com/channel/UC9mCpaOU-4ZkvDPoDXpLx7g,OdysseyProtocol
Elastos,Blockchain,2018-01-02,2018-01-23,94073200,94100000,Normal, ,5,5,5,5,mid,mid,mid,1,1,1,1,1,0,1,1,1,1,1,0,0,0, , , ,0,Elastos_org, ,elastos-foundation,https://www.youtube.com/channel/UCy5AjgpQIQq3bv8oy_L5WTQ,elastos
Ink Protocol,Blockchain Service,2018-01-22,2018-01-22,15000000,15000000,Not rated, ,5,5,5,5,mid,mid,mid,0,1,1,0,1,0,1,0,0,0,1,0,0,0, , , ,0,PayWithInk, ,ink-protocol, , 
Pundi X,Blockchain Service,2018-01-21,2018-01-21,35000000,35000000,Normal, ,5,5,5,5,mid,mid,mid,1,1,1,1,1,0,1,0,1,1,1,1,0,0, , , ,0,PundiXLabs, ,pundipundi,https://www.youtube.com/channel/UCOIf6WeLEzZi3DQxzenTZeA,pundix
FORTUNA,Trading,2018-01-21,2018-01-21,2000000,2000000,Normal, ,5,5,5,5,mid,mid,mid,0,1,1,1,1,0,1,1,0,0,1,1,0,0, , , ,0,Fortuna_FOTA, ,fortuna-blockchain, , 
DATA,Advertising, ,2018-01-21,37988300,38000000,Normal, ,5,5,5,5,mid,mid,mid,0,1,1,1,1,0,1,1,1,1,1,0,0,0, , , ,0,Blockchain_Data, ,blockchain-data-foundation,https://www.youtube.com/channel/UCdz-xjQG5XJBleJyYLMYrHw,Blockchain-DATA
Bluzelle,Data Service,2018-01-18,2018-01-20,19500000,19500000,Normal, ,5,5,5,5,mid,mid,mid,1,1,1,0,1,0,1,1,1,1,0,1,0,0, , , ,0,bluzellehq, ,bluzelle-networks,https://www.youtube.com/channel/UCzhJz9g-T5BWjbPeJLKY_jw,njmurarka/bluzelle
Devery,Verification,2018-01-18,2018-01-19,10000000,10000000,Normal, ,5,5,5,5,mid,mid,mid,0,1,1,0,1,0,1,1,1,0,1,0,0,0, , , ,0,deveryofficial, ,devery, ,devery
Mobius,Blockchain Service,2018-01-18,2018-01-19,39000000,39000000,Normal, ,5,5,5,5,mid,mid,mid,0,1,1,1,1,0,1,1,1,0,1,0,0,0, , , ,0,mobius_network, ,mobiusnetwork, ,mobius-network
Zeepin,Blockchain Service,2018-01-18,2018-01-18,62580000,62600000,Normal, ,5,5,5,5,mid,mid,mid,1,1,1,1,1,0,1,1,0,1,1,0,0,0, , , ,0,ZeepinChain, ,zeepin-foundation,https://www.youtube.com/channel/UCRMJC5LbbZux7awYljjFSDQ, 
OriginTrail,Blockchain Service,2018-01-15,2018-01-17,21513600,21500000,Not rated, ,5,5,5,5,mid,mid,mid,1,1,1,1,1,0,1,1,1,0,1,1,0,0, , , ,0,origin_trail, ,origintrail, ,origintrail
MatrixChain,Blockchain,2018-01-17,2018-01-17,12592104,12600000,Normal, ,5,5,5,5,mid,mid,mid,1,1,1,1,1,0,0,1,1,1,0,1,0,0, , , ,0,MatrixAINetwork, , ,https://www.youtube.com/channel/UCPW71zYx0Zlj946twmqEWZA,MatrixAINetwork
Envion,Mining,2017-12-15,2018-01-17,100000000,150000000,Low, ,5,5,5,5,mid,mid,mid,1,1,1,1,1,0,1,1,1,0,1,1,0,0, , , ,0,Envion_org, ,envion-ag, ,envion
InsurePal,Blockchain Service,2018-01-16,2018-01-16,18000000,18000000,Normal, ,5,5,5,5,mid,mid,mid,1,1,1,1,1,0,0,0,1,1,1,1,0,0, , , ,0,InsurePal_io, , ,https://www.youtube.com/channel/UCgpEjq3P54FKDmJDyOjJ9vg,InsurePal
AidCoin,Marketplace,2018-01-16,2018-01-16,18632900,18600000,Not rated, ,5,5,5,5,mid,mid,mid,1,1,1,1,1,0,1,1,1,0,1,1,0,0, , , ,0,aid_coin, ,aidcoin, ,AidCoinCo/aidcoin
Boon.Tech,Marketplace,2017-12-15,2018-01-16,5000000,10000000,Normal, ,5,5,5,5,mid,mid,mid,1,1,1,1,1,0,0,0,1,1,0,1,0,0, , , ,0,BoonTechUSA, , ,https://www.youtube.com/channel/UCy8RUR0x8w-eniyj2OHc86g/videos?flow=grid&sort=p&view=0,boontech
PARETO,Media,2017-12-01,2018-01-16,0,0,Normal, ,5,5,5,5,mid,mid,mid,0,1,1,1,0,0,1,1,1,1,0,1,0,0, , , ,0, , ,pareto-network-ltd,https://www.youtube.com/channel/UCWbAwsAEmNksqhhDlgBaSQA,ParetoNetwork
carVertical,Blockchain Service,2017-12-24,2018-01-16,19911150,19900000,Not rated, ,5,5,5,5,mid,mid,mid,1,1,0,1,1,0,0,0,0,1,0,1,0,0, , , ,0,carVertical_com, , ,https://www.youtube.com/channel/UCRqoBXtP2v0H8C844YN8mdA, 
Thekey.vip,Verification,2018-01-15,2018-01-15,22000000,22000000,High, ,5,5,5,5,mid,mid,mid,0,1,1,1,1,0,1,1,1,1,1,0,0,0, , , ,0,thekeyvip, ,thekeyofficial,https://www.youtube.com/channel/UCDuN2bjI7cAhoIIxJ_nTaCQ,thekeygithub
Trinity,Blockchain Service,2018-01-14,2018-01-14,20000000,20000000,Normal, ,5,5,5,5,mid,mid,mid,1,1,1,0,1,0,0,1,1,1,0,0,0,0, , , ,0,TrinityProtocol, , ,https://www.youtube.com/channel/UC7pIGSLLLFVecs14Zn0Dh5A,trinity-project/trinity
GatCoin,Marketing,2018-01-14,2018-01-14,14500000,14500000,Normal, ,5,5,5,5,mid,mid,mid,1,1,1,1,1,0,1,1,1,1,1,1,0,0, , , ,0,gatcoin, ,gatcoin,https://www.youtube.com/channel/UCWw8bFGvev1wVYDBQ2R3lfg,gatcoin
Selfkey,Verification,2018-01-14,2018-01-14,21776392,21800000,Normal, ,5,5,5,5,mid,mid,mid,1,1,1,1,1,0,0,1,0,1,0,1,0,0, , , ,0,SelfKey, , ,https://www.youtube.com/channel/UCsilze3-MhbCY3_QkKul3PQ, 
adbank,Blockchain Service,2017-12-14,2018-01-14,13962900,14000000,Not rated, ,5,5,5,5,mid,mid,mid,1,1,1,1,1,0,1,1,1,1,1,1,0,0, , , ,0,adbanknetwork, ,adbanknetwork,https://www.youtube.com/channel/UCsZg2dWT9Y1qwCUNs9MEuhA,AdBank
Olympus Labs,Finance, ,2018-01-14,60324750,60300000,Normal, ,5,5,5,5,mid,mid,mid,0,1,1,1,1,0,0,1,1,0,1,1,0,0, , , ,0,olympuslabsbc, , , ,Olympus-Labs
LALA World,Finance,2018-01-05,2018-01-13,20191350,20200000,Normal, ,5,5,5,5,mid,mid,mid,1,1,1,1,1,0,0,1,0,0,1,1,0,0, , , ,0,MyLaLaWorld, , , , 
Polymath,Blockchain Service, ,2018-01-13,0,0,Normal, ,5,5,5,5,mid,mid,mid,1,1,1,1,1,0,0,1,0,0,0,1,0,0, , , ,0,polymathnetwork, , , , 
Latium,Collaboration,2017-11-15,2018-01-13,14400000,15000000,Not rated, ,5,5,5,5,mid,mid,mid,1,1,1,1,1,0,0,0,0,0,0,0,0,0, , , ,0,LatiumCoin, , , , 
FortKnoxster,Mobile,2017-02-19,2018-01-12,15000000,15000000,Normal, ,5,5,5,5,mid,mid,mid,1,1,1,1,1,0,0,1,0,1,1,1,0,0, , , ,0,FortKnoxster, , ,https://www.youtube.com/channel/UCZB8URO26cktviSxp3SeHig/videos, 
aXpire,Finance,2018-01-08,2018-01-12,20000000,20000000,Normal, ,5,5,5,5,mid,mid,mid,1,1,1,1,1,0,0,1,0,1,1,0,0,0, , , ,0,aXpire_official, , ,https://www.youtube.com/channel/UCGk_ARm1Dg0o8VgjYIpouFg, 
HOQU,Marketing,2017-11-27,2018-01-11,18782400,33200000,Not rated, ,5,5,5,5,mid,mid,mid,0,1,1,1,1,0,0,1,1,1,0,1,0,0, , , ,0,HOQU_IO, , ,https://www.youtube.com/channel/UCcfcY4aMC4liK8FAxmZP2Qw,hoqu-io
Loom Network,Blockchain Service,2018-01-05,2018-01-11,45808270,57000000,Normal, ,5,5,5,5,mid,mid,mid,0,1,0,0,1,0,1,1,1,0,1,0,0,0, , , ,0,loomnetwork, ,loom-network, ,loomnetwork
Cypherium,Blockchain, ,2018-01-11,25000000,25000000,Normal, ,5,5,5,5,mid,mid,mid,1,1,1,1,1,0,0,1,0,0,0,1,0,0, , , ,0,CypheriumChain, , , , 
SwissBorg,Banking,2017-12-07,2018-01-10,50000000,50000000,Not rated, ,5,5,5,5,mid,mid,mid,1,1,1,1,1,0,1,1,1,1,1,1,0,0, , , ,0,swissborg, ,swissborg,https://www.youtube.com/channel/UC_Jyx7gJXh3yHFxZSJIlIhQ,SwissBorg
CoinFi,Trading,2018-01-10,2018-01-10,0,0,High, ,5,5,5,5,mid,mid,mid,0,1,1,1,1,0,1,1,1,1,1,0,0,0, , , ,0,coin_fi, ,coinfi,https://www.youtube.com/channel/UCCN5q3_Dk9wwk3h4nt01K1w,coinfi
Block.array,Blockchain Service,2018-01-05,2018-01-10,14375000,14400000,Not rated, ,5,5,5,5,mid,mid,mid,0,1,1,0,1,0,1,0,1,0,1,0,0,0, , , ,0,blockarraygroup, ,blockarray, ,blockarraygroup
Ontology Network,Blockchain Service, ,2018-01-08,0,0,High, ,5,5,5,5,mid,mid,mid,0,1,1,1,1,0,1,1,1,0,1,0,0,0, , , ,0,OntologyNetwork, ,ontology-network-official, ,ontio
Neuromation,Network,2018-01-07,2018-01-08,71669400,71700000,Not rated, ,5,5,5,5,mid,mid,mid,1,1,1,1,1,0,1,1,0,1,1,1,0,0, , , ,0,neuromation_io, ,neuromation-technologies,https://www.youtube.com/channel/UC43ZGqyRIM30riSlQgmIlgQ, 
Shipchain,Blockchain Service, ,2018-01-06,30000000,30000000,Normal, ,5,5,5,5,mid,mid,mid,0,1,1,1,1,0,1,0,1,0,1,1,0,0, , , ,0,shipchain, ,shipchain, ,ShipChain
Crypterium,Banking,2017-10-31,2018-01-06,51656963,47000000,Normal, ,5,5,5,5,mid,mid,mid,1,1,1,1,1,0,1,0,0,1,1,1,0,0, , , ,0,crypterium, ,crypterium,https://www.youtube.com/channel/UCulhwOW251X2fpRJ7bTCCvg, 
Theta token,Blockchain Service, ,2018-01-04,20000000,20000000,Normal, ,5,5,5,5,mid,mid,mid,1,1,1,1,1,0,1,0,1,1,1,0,0,0, , , ,0,thetatoken, ,theta-labs-inc,https://www.youtube.com/channel/UCTLBcj0nqZR9lrAhHccoPgQ,thetatoken
ZILLIQA,Blockchain,2017-12-27,2018-01-04,22000000,22000000,High, ,5,5,5,5,mid,mid,mid,1,1,1,0,1,0,1,1,0,1,0,1,0,0, , , ,0,zilliqa, ,zilliqa,https://www.youtube.com/channel/UCvinnFbf0u71cajoxKcfZIQ, 
trade.io,Trading,2016-12-07,2017-01-04,31169749,135000000,Normal, ,5,5,5,5,mid,mid,mid,1,1,0,1,1,0,1,1,0,1,1,1,0,0, , , ,0,TradeToken, ,trade-io,https://www.youtube.com/channel/UC4LkJ1sK-nQ3bAC4Xv8sRag, 
Zipper,Mobile,2016-11-30,2017-01-04,19220000,19200000,Normal, ,5,5,5,5,mid,mid,mid,1,1,1,1,1,0,0,0,1,1,1,0,0,0, , , ,0,zipperglobal, , ,https://www.youtube.com/channel/UCVLmaCnsRzEHcKKfi1Wc4GA,zippiehq
IOST,Blockchain, ,2017-01-03,31255000,31300000,Normal, ,5,5,5,5,mid,mid,mid,1,1,1,0,1,0,1,1,1,1,1,1,0,0, , , ,0,iostoken, ,iostproject,https://www.youtube.com/channel/UCyyPv5TQ01kRV48drO-ivpQ,iost-official?tab=repositories
Lamden,Blockchain Service, ,2017-01-03,10000000,10000000,Normal, ,5,5,5,5,mid,mid,mid,1,1,1,1,1,0,1,1,1,1,0,1,0,0, , , ,0,lamdentau, ,lamden,https://www.youtube.com/channel/UCpk6krHUlmcf0FWnFFHFpZQ,Lamden/
Bloom,Finance,2016-11-30,2017-01-01,41420705,80500000,Normal, ,5,5,5,5,mid,mid,mid,1,1,1,1,1,0,1,1,0,1,0,0,0,0, , , ,0,Bloom, ,hellobloom,https://www.youtube.com/channel/UCaMfVoHQzwX47XKUawWVCzg, 
Spectiv,VR,2016-12-09,2017-01-01,7605767,10600000,Normal, ,5,5,5,5,mid,mid,mid,1,1,1,1,1,0,1,0,0,1,1,0,0,0, , , ,0,spectivvr, ,spectivvr,https://www.youtube.com/channel/UCPrxpI__VFaV0PUh5W_FMug, 
Covesting,Trading,2017-11-24,2017-12-31,18750000,18800000,Not rated, ,5,5,5,5,mid,mid,mid,1,1,1,1,1,0,1,0,1,1,1,1,0,0, , , ,0,covesting, ,covesting,https://www.youtube.com/channel/UCRFXGbSl6gWa_Fw-u90GTYg,covesting/covesting-io
LinkerCoin,Blockchain Service,2017-11-25,2017-12-31,10133235,10100000,Normal, ,5,5,5,5,mid,mid,mid,1,1,1,1,1,0,1,1,1,1,1,0,0,0, , , ,0,Linkercoin, ,linkercoin,https://www.youtube.com/channel/UCwlpsYDS75x5ueEAAZUnZBQ/,linkercoinfoundation/Linker-Coin-Project
Finom,Business,2017-11-15,2017-12-31,41285458,102000000,Normal, ,5,5,5,5,mid,mid,mid,1,1,1,1,1,0,1,0,0,1,1,1,0,0, , , ,0,finom_company, ,finom.io,https://www.youtube.com/channel/UCEKGeWFdNGiuZ6Qh7xtiGNg, 
Loci,Blockchain Service,2017-12-08,2017-12-31,7376751,19000000,Normal, ,5,5,5,5,mid,mid,mid,1,1,1,1,1,0,1,1,1,1,1,0,0,0, , , ,0,lociplatform, ,lociplatform,https://www.youtube.com/channel/UCEHKR3SftdjzUNmvkVaensg,Locipro/loci-coin-sale
Telcoin,Mobile,2017-12-12,2017-12-31,25000000,25000000,High, ,5,5,5,5,mid,mid,mid,1,1,1,1,1,0,1,1,1,1,1,1,0,0, , , ,0,telcoin_team, ,telcoin,https://www.youtube.com/channel/UCBEKBh64cZy7U3O7VtKsLOg,telcoin
STK Token,Currency,2017-12-29,2017-12-29,17000000,17000000,High, ,5,5,5,5,mid,mid,mid,1,1,1,1,1,0,0,1,1,1,1,1,0,0, , , ,0,stktoken, , ,https://www.youtube.com/channel/UCMxqeutTywTPW-3Z0KBDGFA,STKtoken
Gladius,Security,2017-11-24,2017-12-29,14681250,12500000,Not rated, ,5,5,5,5,mid,mid,mid,1,1,1,1,1,0,0,0,0,1,1,1,0,0, , , ,0,gladiusio, , ,https://www.youtube.com/channel/UCm4Sx7h9MfoQzZtgUuV9aOA, 
BitDegree,Marketplace,2017-12-01,2017-12-28,22127834,21600000,Normal, ,5,5,5,5,mid,mid,mid,1,1,1,1,1,0,0,1,1,1,0,1,0,0, , , ,0,bitdegree_org, , ,https://www.youtube.com/channel/UCuiGDksOmsM8y-_txG3wPYg,bitdegree
BANKEX,Finance,2017-11-28,2017-12-28,70600000,103500000,Normal, ,5,5,5,5,mid,mid,mid,1,1,1,1,1,0,0,1,1,1,0,1,0,0, , , ,0,BankExProtocol, , ,https://www.youtube.com/bankex,BankEx
Jibrel Network,Trading,2017-11-27,2017-12-27,30000000,30000000,Normal, ,5,5,5,5,mid,mid,mid,0,1,1,0,1,0,0,1,1,1,0,1,0,0, , , ,0,JibrelNetwork, , ,https://www.youtube.com/watch?v=LBMyd7Ql8QU,jibrelnetwork
CanYa,Marketplace,2017-11-26,2017-12-27,8336405,23000000,Not rated, ,5,5,5,5,mid,mid,mid,1,1,1,0,1,0,0,0,1,1,0,1,0,0, , , ,0,canya_io, , ,https://www.youtube.com/channel/UCbbpsDWjpdC-4LjDnF4Ec6w/,CanYaCoinSale/
Nitro,Gaming,2017-11-30,2017-12-26,2694156,58000000,Normal, ,5,5,5,5,mid,mid,mid,1,1,1,1,1,0,0,1,0,1,1,1,0,0, , , ,0,NitroToken, , ,https://www.youtube.com/channel/UCsWIHzRA02i2DhSYoQ5deAg, 
TokenPay,Currency,2017-12-07,2017-12-26,40948500,40900000,Normal, ,5,5,5,5,mid,mid,mid,1,1,1,1,1,0,0,0,1,1,1,1,0,0, , , ,0,tokenpay, , ,https://www.youtube.com/channel/UC-79FZjJVb7f5jKDIcjm20g,tokenpay
Sirin Labs,Hi-Tech,2017-12-12,2017-12-26,0,0,Not rated, ,5,5,5,5,mid,mid,mid,1,1,1,1,1,0,0,1,1,0,1,1,0,0, , , ,0,SIRINLABS, , , ,sirin-labs
Sola,Social Network,2017-11-27,2017-12-25,2233700,5000000,Normal, ,5,5,5,5,mid,mid,mid,0,1,1,1,1,0,1,0,1,0,1,1,0,0, , , ,0,solaplatform, ,plag-, ,solaplatform
INS Ecosystem,Marketplace,2017-12-04,2017-12-25,41500000,41500000,Not rated, ,5,5,5,5,mid,mid,mid,1,1,1,1,1,0,1,1,1,1,0,1,0,0, , , ,0,ins_ecosystem, ,insecosystem,https://www.youtube.com/channel/UCyAkkLSuxsuwBIRo6u1keHA/featured,ins-ecosystem
Uttoken,Trading,2017-11-30,2017-12-25,30854682,58500000,Normal, ,5,5,5,5,mid,mid,mid,0,1,1,1,1,0,0,0,1,1,1,1,0,0, , , ,0,Uttoken, , ,https://www.youtube.com/user/theunitedtraders,unitedtraders
Zen Protocol,Blockchain,2017-11-30,2017-12-24,46368226,46400000,High, ,5,5,5,5,mid,mid,mid,0,1,1,1,1,0,0,1,1,1,0,1,0,0, , , ,0,zen_protocol, , ,https://www.youtube.com/channel/UCVm4j3TrmD8mSvvExG_CAIw/videos,zenprotocol/zen-wallet
Hdac,Blockchain,2017-11-27,2017-12-23,20000000,87700000,Not rated, ,5,5,5,5,mid,mid,mid,1,1,0,1,1,0,1,1,1,0,0,1,0,0, , , ,0,hdactech, ,hdac, ,Hdactech
SingularityNET,Artificial Intelligence,2017-12-21,2017-12-22,32847814,32800000,Normal, ,5,5,5,5,mid,mid,mid,1,1,1,1,1,0,1,1,1,1,0,1,0,0, , , ,0,singularity_net, ,singularitynet,https://www.youtube.com/channel/UCbTE8vfz5zuEK5uRnc2yjrw,singnet
Qlink,Mobile,2017-12-22,2017-12-22,19270800,19300000,High, ,5,5,5,5,mid,mid,mid,0,1,1,1,1,0,1,1,1,1,1,1,0,0, , , ,0,QlinkMobi, ,qlcchain,https://www.youtube.com/channel/UCbdnrnM7Zok47NI75NPdcrg,qlcchain/
PROPS,Currency,2017-12-22,2017-12-22,25000000,25000000,Normal, ,5,5,5,5,mid,mid,mid,1,1,1,0,1,0,1,1,0,1,0,0,0,0, , , ,0,PROPSproject, ,props-younow,https://www.youtube.com/channel/UCGT1j-LLcqAp238aO309F_g, 
AppCoins,Mobile,2017-12-13,2017-12-20,15300000,15300000,Normal, ,5,5,5,5,mid,mid,mid,1,1,1,1,1,0,0,1,1,0,1,1,0,0, , , ,0,AppCoinsProject, , , ,Aptoide/AppCoins-white-paper
indaHash,Marketing,2017-11-29,2017-12-20,42715825,67000000,Normal, ,5,5,5,5,mid,mid,mid,1,1,1,1,1,0,0,1,1,1,1,1,0,0, , , ,0,indaHash, , ,https://www.youtube.com/indahash,indahash
Aditus,Marketplace,2017-12-01,2017-12-20,7100193,22500000,Normal, ,5,5,5,5,mid,mid,mid,0,1,1,1,1,0,1,1,1,0,1,1,0,0, , , ,0,aditusnet, ,https:www.linkedin.cominaditus-adi-38b545152, ,aditus
CommerceBlock,Finance,2017-11-28,2017-12-19,8820470,25000000,Not rated, ,5,5,5,5,mid,mid,mid,1,1,1,1,1,0,1,1,1,0,0,1,0,0, , , ,0,commerceblock, ,commerceblock, ,commerceblock
Bread,Payments,2017-12-19,2017-12-19,20021300,20000000,Normal, ,5,5,5,5,mid,mid,mid,1,1,1,1,1,0,1,1,1,1,0,0,0,0, , , ,0,breadtoken, ,breadwallet,https://www.youtube.com/channel/UC33l26omZxKNf81927LjwDg,breadwallet
MiniApps,Blockchain Service,2017-10-18,2017-12-19,3236016,51800000,Normal, ,5,5,5,5,mid,mid,mid,1,1,1,0,1,0,0,0,0,1,1,1,0,0, , , ,0,miniapps_pro, , ,https://www.youtube.com/c/MiniAppsPro, 
SophiaTX,Blockchain,2017-12-07,2017-12-17,23470356,82300000,High, ,5,5,5,5,mid,mid,mid,1,1,1,1,1,0,1,1,0,1,0,1,0,0, , , ,0,Sophia_TX_, ,sophiatx,https://www.youtube.com/channel/UC_kD79l5xj4UWA1X6vd6z3Q, 
Clout,Media,2017-11-17,2017-12-17,2651403,50000000,Normal, ,5,5,5,5,mid,mid,mid,1,1,0,1,1,0,0,0,0,1,1,1,0,0, , , ,0,clout_media, , ,https://www.youtube.com/channel/UC5X6xEcbIYK4GEj6tD58aQg, 
NeuFund,Crowdfunding,2017-11-17,2017-12-17,0,0,Normal, ,5,5,5,5,mid,mid,mid,1,1,1,1,1,0,1,1,1,1,0,1,0,0, , , ,0,neufundorg, ,neufund,https://www.youtube.com/channel/UClkh_1buHXDBIs8s14oboYw,orgs/Neufund
Bounty0x,Marketplace,2017-12-16,2017-12-16,1602927,1500000,Not rated, ,5,5,5,5,mid,mid,mid,1,1,1,0,1,0,1,1,0,1,0,1,0,0, , , ,0,bounty0x, ,bounty0xnetwork,https://www.youtube.com/channel/UCz6Sy-x4BhFR8CDT2bjGrLw, 
Nebulas,Blockchain Service, ,2017-12-16,60000000,60000000,High, ,5,5,5,5,mid,mid,mid,1,1,1,1,1,0,1,1,1,1,1,0,0,0, , , ,0,nebulasio, ,nebulas.io,https://www.youtube.com/channel/UCjLeXpHykFS71FlXNrk9MWg,nebulasio
Coinlancer,Collaboration,2017-10-04,2017-12-16,11860153,50000000,Not rated, ,5,5,5,5,mid,mid,mid,1,1,1,1,1,0,1,0,1,1,1,1,0,0, , , ,0,Coin_Lancer, ,coinlancer,https://www.youtube.com/channel/UCu69wfN4Lq7a0f8H1I1s51Q,coinlancer
Naga,Finance,2017-12-01,2017-12-16,45318896,30000000,Normal, ,5,5,5,5,mid,mid,mid,1,1,1,0,1,0,1,0,0,1,1,1,0,0, , , ,0,naga_coin, ,thenagacoin,https://www.youtube.com/channel/UCVuYNdaqi-dgRbQiqGx_M3A, 
MediBloc,Healthcare,2017-11-13,2017-12-15,21271251,30000000,Not rated, ,5,5,5,5,mid,mid,mid,1,1,1,1,1,0,1,0,1,1,1,1,0,0, , , ,0,_MediBloc, ,medibloc,https://www.youtube.com/channel/UC_bbdfVECp1qRJCR6P_-UDQ,Medibloc
DreamTeam,Gaming,2017-12-11,2017-12-15,5516229,45000000,Normal,"ETH, BTC",0,0,0,0,mid,mid,mid,1,1,1,1,1,0,0,1,1,1,0,1,0,0,Alexander Kokhanovskyy, , ,0,DreamTeam_Token, , ,https://www.youtube.com/channel/UCoJoacvTWfzTeayIMhmprPw?view_as=subscriber,
DeepBrain Chain,Artificial Intelligence,2017-12-15,2017-12-15,11755200,11800000,Normal, ,5,5,5,5,mid,mid,mid,1,1,1,1,1,0,1,1,1,1,0,0,0,0, , , ,0,DeepBrainChain, ,deepbrain-chain,https://www.youtube.com/channel/UCq4ARWq5D0Vv9W1mhWJrzgw,DeepBrainChain
UpToken,Real Business,2017-10-16,2017-12-15,18934021,35000000,Normal, ,5,5,5,5,mid,mid,mid,1,1,1,1,1,0,1,1,1,0,0,0,0,0, , , ,0,uptoken, ,coinme, ,coinme
Aigang,Insurance,2017-11-15,2017-12-15,4228920,31100000,Normal, ,5,5,5,5,mid,mid,mid,1,1,1,0,1,0,1,0,1,1,1,0,0,0, , , ,0,AigangNetwork, ,aigang.network,https://www.youtube.com/channel/UCz3SOODJDvxV_vx47SYR8bw,AigangNetwork
GIFTO,Marketplace,2017-12-14,2017-12-14,10000000,10000000,Normal, ,5,5,5,5,mid,mid,mid,1,1,1,1,1,0,1,1,1,1,1,1,0,0, , , ,0,GIFTO_io, ,asia-innovations,https://www.youtube.com/channel/UCQjmTBnd_wPXhz6pY9nXJmQ,GIFTO-io
GUTS Tickets,Ticketing,2017-10-25,2017-12-13,7520874,17500000,Normal, ,5,5,5,5,mid,mid,mid,0,1,1,1,1,0,1,1,0,0,0,1,0,0, , , ,0,gutstickets, ,guts-tickets, , 
Wala,Finance,2017-12-01,2017-12-11,1195794,30000000,Normal,ETH,5,5,5,5,mid,mid,mid,1,1,1,0,1,0,1,1,1,1,0,1,0,0, , , ,0,getwala, ,dalafoundation,https://www.youtube.com/channel/UChGERgmukDJyqysFi-Q2Evw,GetDala/dala-smart-contracts
Spectre,Trading,2017-11-17,2017-12-10,16587120,30000000,Normal, ,5,5,5,5,mid,mid,mid,1,1,1,1,1,0,1,1,0,1,1,1,0,0, , , ,0,SpectreAI, ,spectreai,https://www.youtube.com/channel/UCiP9p9LJLLZ48724nkOvetw, 
SportyFi,Blockchain Service,2017-11-21,2017-12-10,5087896,16000000,Normal, ,5,5,5,5,mid,mid,mid,1,1,1,1,1,0,1,1,1,1,1,1,0,0, , , ,0,sportyfi_io, ,25055326,https://www.youtube.com/channel/UCASh3Qp4dMiGKOKOOgZ6JsQ,sportyfi
aelf,Blockchain Service,2017-11-28,2017-12-10,24750000,24800000,Normal, ,5,5,5,5,mid,mid,mid,0,1,1,1,1,0,0,1,1,0,1,0,0,0, , , ,0,aelfblockchain, , , ,aelfProject
Universa,Blockchain,2017-10-28,2017-12-09,28559233,99000000,High, ,5,5,5,5,mid,mid,mid,0,1,1,1,1,0,0,1,1,0,1,1,0,0, , , ,0,Universa_News, , , ,UniversaBlockchain/universa
Storm,Collaboration,2017-11-07,2017-12-08,30716420,27600000,Normal, ,5,5,5,5,mid,mid,mid,1,1,1,1,1,0,0,1,0,0,0,1,0,0, , , ,0,Storm_Token, , , , 
Aphelion,Trading,2017-11-15,2017-12-08,4780661,6700000,Normal, ,5,5,5,5,mid,mid,mid,1,1,1,1,1,0,1,1,1,1,0,1,0,0, , , ,0,apheliontoken, ,11245374,https://www.youtube.com/channel/UC2mRNm5zGbV-ZmK0-NiQvgg/featured,aphtoken/
Hut34,Cloud Storage,2017-11-02,2017-12-07,3383665,26400000,Normal, ,5,5,5,5,mid,mid,mid,1,1,1,1,1,0,0,0,1,1,1,1,0,0, , , ,0,hut34project, , ,https://www.youtube.com/channel/UCiemFFyT2Sv2ulrRQfNI89Q,hut34
Leverj,Trading,2017-11-07,2017-12-07,13049080,51000000,High, ,5,5,5,5,mid,mid,mid,1,1,1,0,1,0,0,1,1,1,0,0,0,0, , , ,0,Leverj_io, , ,https://www.youtube.com/channel/UC9oq9zNCn5vFuWwtLuNLUfw,coinpit
Verify,Verification,2017-12-06,2017-12-06,2500000,2500000,Not rated, ,5,5,5,5,mid,mid,mid,1,1,1,1,1,0,0,1,1,0,1,1,0,0, , , ,0,verif_yas, , , ,verifyas/
Cashaa,Banking,2017-11-06,2017-12-06,11110000,32000000,Low, ,5,5,5,5,mid,mid,mid,1,1,1,1,1,0,1,1,1,1,1,1,0,0, , , ,0,CashaaLTD, ,cashaa,https://www.youtube.com/channel/UCwRJjX6dNz49j3Pc0ROZJbg,cashaadev
fidentiaX,Insurance,2017-11-06,2017-12-05,1566283,2900000,Normal, ,5,5,5,5,mid,mid,mid,1,1,1,1,1,0,1,1,0,1,1,1,0,0, , , ,0,fidentiaX, ,fidentiax,https://www.youtube.com/channel/UCWbqz0pTA-UJB0EQK_rn-Pg, 
SmartMesh,Blockchain Service,2017-11-29,2017-12-04,15691200,16800000,Normal, ,5,5,5,5,mid,mid,mid,0,1,1,1,1,0,1,0,1,1,1,0,0,0, , , ,0,smart_mesh, ,smartmesh-foundation,https://www.youtube.com/channel/UCrrPpnGqu7PJeU13U0VRPBA?,SmartMeshFoundation
Crypto.tickets,Ticketing,2017-11-02,2017-12-03,1750000,4000000,Normal, ,5,5,5,5,mid,mid,mid,1,1,1,1,1,0,1,1,0,1,0,1,0,0, , , ,0,CryptoTickets, ,crypto-tickets,https://www.youtube.com/channel/UCQ0DDUcj6To9hjccuvHTUYA/videos, 
DMarket,Gaming,2017-11-14,2017-12-01,19026768,53300000,Normal, ,5,5,5,5,mid,mid,mid,1,1,1,1,1,0,1,1,1,0,1,1,0,0, , , ,0,dmarket_com, ,d-market, ,suntechsoft/dmarket-smartcontract
Blockstack,Network,2017-11-16,2017-12-01,50000000,50000000,Normal, ,5,5,5,5,mid,mid,mid,1,1,1,1,1,0,1,1,1,1,0,1,0,0, , , ,0,blockstack, ,blockstack-labs,https://www.youtube.com/channel/UC3J2iHnyt2JtOvtGVf_jpHQ,blockstack
Simple Token,Blockchain,2017-11-14,2017-12-01,21728192,20000000,High, ,5,5,5,5,mid,mid,mid,1,1,1,1,1,0,1,1,1,1,1,1,0,0, , , ,0,TheSimpleToken, ,vezt,https://www.youtube.com/channel/UCrDo4vSElgUa_HzdvYqBZTA,Vezt
Vezt,Marketplace,2017-11-03,2017-12-01,1378806,15000000,Not rated, ,5,5,5,5,mid,mid,mid,1,1,0,1,1,0,1,1,0,1,2,0,0,0, , , ,0,VeztInc, ,vezt,https://www.youtube.com/channel/UC9tizTLk-7gaBqSZ8Gtg0sQ, 
CRYPTO20,CryptoFund,2017-10-16,2017-12-01,37698373,75000000,Low, ,5,5,5,5,mid,mid,mid,1,1,1,1,1,0,0,1,1,1,1,0,0,0, , , ,0,CRYPTOtwenty, , ,https://www.youtube.com/channel/UCD8q9H_MszuWbT8un5gLDAw,cryptotwenty
Sense,Smart Contract,2017-11-07,2017-12-01,15000000,15000000,Normal, ,5,5,5,5,mid,mid,mid,1,1,1,1,1,0,0,1,1,0,1,1,0,0, , , ,0,sensay, , , ,sensetoken
Playkey,Gaming,2017-11-01,2017-12-01,0,0,Normal, ,5,5,5,5,mid,mid,mid,0,1,1,1,1,0,1,1,1,1,1,1,0,0, , , ,0,Playkey_EN, ,playkey,https://www.youtube.com/channel/UCNicQqMS8fELXuPAl92_jAw,Playkey
PallyCoin,Social,2017-10-15,2017-11-30,861408,5000000,Normal, ,5,5,5,5,mid,mid,mid,1,1,1,1,1,0,1,1,1,1,1,1,1,0, , , ,0,pally_app, ,pally,https://www.youtube.com/channel/UC4bi-SwrQGgAhh9BkA5m0aw,merlox/pally
LockChain,Marketplace,2017-10-29,2017-11-30,4055130,13200000,Normal, ,5,5,5,5,mid,mid,mid,1,1,1,1,1,0,1,0,1,1,1,0,0,0, , , ,0,LockChainCo, ,lock-chain-co,https://www.youtube.com/channel/UCKXPgotU1HYR-zSGhtF_4Qg,LockChainLtd/Smart-Contract
Genaro Network,Cloud Storage,2017-11-17,2017-11-30,11362000,29600000,Normal, ,5,5,5,5,mid,mid,mid,1,1,1,1,1,0,1,1,1,1,1,0,0,0, , , ,0,GenaroNetwork, ,genaro-network,https://www.youtube.com/channel/UCPkSHMmIM8WONHyRL00mwQg/featured,GenaroSanada
Esports,Gaming,2017-11-01,2017-11-30,5838211,41200000,Normal, ,5,5,5,5,mid,mid,mid,1,1,1,1,1,0,1,1,0,1,0,1,0,0, , , ,0,EsportsDotCom, ,esports-com,https://www.youtube.com/channel/UCFtLf5D2YA7ScebNzE1Qm1g/videos, 
ETHLend,Finance,2017-11-25,2017-11-30,17860000,17900000,High, ,5,5,5,5,mid,mid,mid,1,1,1,1,1,0,1,1,1,1,0,1,1,0, , , ,0,ethlend1, ,ethlend,https://www.youtube.com/channel/UCZUFYgrvO7xpxzMjijgqWyQ,ETHLend
WaBi,Blockchain Service,2017-11-28,2017-11-30,11500000,11500000,High, ,5,5,5,5,mid,mid,mid,1,1,1,1,1,0,1,1,0,1,1,1,0,0, , , ,0,wabiico, ,wabi-project,https://www.youtube.com/channel/UCqPmhEMNHI50oNH0FwyLAPQ, 
Paycent,Finance,2017-11-02,2017-11-30,15525000,186300000,Normal, ,5,5,5,5,mid,mid,mid,1,1,1,1,1,0,1,0,1,1,1,1,0,0, , , ,0,PaycentGlobal, ,https:www.linkedin.comshowcasepaycentos,https://www.youtube.com/channel/UCNOUK_ymLmkN8b0WIBfmApw,PaycentGlobal
Game.com,Gaming,2017-11-01,2017-11-30,0,0,Normal, ,5,5,5,5,mid,mid,mid,0,1,0,1,1,0,0,1,1,0,1,1,0,0, , , ,0,gameblockchain, , , ,GameLeLe
Snovio,Business,2017-10-31,2017-11-30,2129106,10000000,Normal, ,5,5,5,5,mid,mid,mid,1,1,1,1,1,0,1,1,0,1,1,1,0,0, , , ,0,snovio_ico, ,snovio,https://www.youtube.com/channel/UCfvMUI2tXgc0Pcjk0hF5pSw, 
Presearch,Network,2017-09-09,2017-11-30,0,0,Normal, ,5,5,5,5,mid,mid,mid,1,1,1,1,1,0,1,0,0,1,1,0,0,0, , , ,0,presearchnews, ,presearch_org,https://www.youtube.com/channel/UCgU-2uscwUP6x27mUpCGWwg, 
WAX,Gaming,2017-11-15,2017-11-29,9600000,9600000,Normal, ,5,5,5,5,mid,mid,mid,1,1,1,1,1,0,1,1,0,1,1,0,0,0, , , ,0,wax_io, ,opskins-com---marketplace,https://www.youtube.com/channel/UCQPwMpYKMDiudnw41QwliHQ, 
Datum,Marketplace,2017-10-29,2017-11-29,7581120,29400000,Normal, ,5,5,5,5,mid,mid,mid,1,1,1,1,1,0,1,0,0,1,0,1,0,0, , , ,0,datumnetwork, ,datumfoundation,https://www.youtube.com/channel/UCqJepW8CF0havPLdmnJtuew, 
BitClave,Blockchain Service,2017-11-29,2017-11-29,25547000,25500000,Normal, ,5,5,5,5,mid,mid,mid,1,1,1,0,1,0,1,0,1,1,1,1,0,0, , , ,0,bitclave, ,bitclave,https://www.youtube.com/bitclave,bitclave/
Mercury Protocol,Blockchain Service,2017-10-25,2017-11-25,4749479,20000000,Normal, ,5,5,5,5,mid,mid,mid,1,1,1,0,1,0,1,1,1,1,0,0,0,0, , , ,0,mercuryprotocol, ,mercury-protocol,https://www.youtube.com/channel/UCa_tIG6rzXFBYpyMM_CuCQA/videos,mercuryprotocol
MyWish,Smart Contract,2017-10-25,2017-11-25,2670000,2700000,Normal, ,5,5,5,5,mid,mid,mid,1,1,1,1,1,0,1,0,1,1,1,1,0,0, , , ,0,mywishplatform, ,mywill-platform,https://www.youtube.com/channel/UCBL6_ojQyXqgHRFRqB-ei-w,mywishplatform
Starbase,Crowdfunding,2017-11-09,2017-11-24,8842000,10000000,Normal, ,5,5,5,5,mid,mid,mid,1,1,1,1,1,0,1,0,1,1,0,0,0,0, , , ,0,StarbaseCo, ,starbaseco,https://www.youtube.com/channel/UCZRWRaKqeH0OjAreoqkab2g,starbaseco
Flixxo,Social Network,2017-10-24,2017-11-24,4731021,12000000,Normal, ,5,5,5,5,mid,mid,mid,1,1,1,1,1,0,1,1,0,1,1,1,0,0, , , ,0,flixxo, ,flixxo,https://www.youtube.com/channel/UCBmyuhQgtN88UAMGqSM4nIQ, 
Divi Project,Masternode,2017-10-27,2017-11-24,2592064,2000000,Normal, ,5,5,5,5,mid,mid,mid,1,1,1,1,1,0,1,1,1,1,1,1,0,0, , , ,0,diviproject, ,the-divi-project,https://www.youtube.com/channel/UCihooU0crqQkBOvV0_lsRnw,divicoin
Aion,Blockchain,2017-11-24,2017-11-24,0,0,High, ,5,5,5,5,mid,mid,mid,1,1,0,1,1,0,1,1,1,1,0,0,0,0, , , ,0,Aion_Network, ,aion-network,https://youtube.com/channel/UCu4u9tYEgUyNL9KMgrCZvXQ,aionnetwork
ARToken,Marketplace,2017-10-25,2017-11-23,2813147,30000000,Normal, ,5,5,5,5,mid,mid,mid,1,1,1,1,1,0,1,1,1,1,1,0,0,0, , , ,0,cappasity, ,cappasity-inc-,https://www.youtube.com/channel/UCRCSGdmb2ClX-3P9A6oXkAw,CappasityTech
Science,Crowdfunding,2017-08-02,2017-11-22,12232781,100000000,Normal,"ETH, BTC, EOS, USD",5,5,5,5,mid,mid,mid,0,1,1,1,1,0,1,0,1,0,0,0,0,0, , , ,0,Sciblockchain, ,science-blockchain , ,SCIToken/SCIToken
CyberMiles,Blockchain,2017-11-21,2017-11-22,30881582,30900000,High, ,5,5,5,5,mid,mid,mid,1,1,1,1,1,0,1,1,1,1,1,1,0,0, , , ,0,cybermiles, ,cybermiles,https://www.youtube.com/watch?v=o3SE_DV9iTs,cybermiles
Bodhi,Market,2017-11-20,2017-11-22,0,0,Normal, ,5,5,5,5,mid,mid,mid,1,1,1,0,1,0,1,1,0,1,1,1,0,0, , , ,0,bodhitoken, ,bodhi-foundation-ltd,https://www.youtube.com/channel/UCnQERM7WQGfcNUbetmywZXA, 
Time New Bank,Marketplace,2017-11-14,2017-11-21,14360000,14400000,Not rated, ,5,5,5,5,mid,mid,mid,0,1,1,0,1,0,0,1,1,0,0,1,0,0, , , ,0,TimeNewBank, , , ,timenewbank
UTRUST,Finance,2017-11-02,2017-11-20,21000000,21000000,Normal, ,5,5,5,5,mid,mid,mid,1,1,1,1,1,0,1,1,1,0,1,1,0,0, , , ,0,UTRUST_Official, ,utrust-payment-solutions, ,utrustdev
Zap Store,Blockchain Service,2017-10-21,2017-11-20,2827944,32200000,Normal, ,5,5,5,5,mid,mid,mid,1,1,1,1,1,0,0,1,1,1,0,1,0,0, , , ,0,the_zapstore, , ,https://www.youtube.com/channel/UCj53uS32K8UwQCytBwPqmtg,zapproject/
Quantstamp,Security,2017-11-17,2017-11-19,31320000,31300000,High, ,5,5,5,5,mid,mid,mid,0,1,1,1,1,0,1,1,1,1,1,1,0,0, , , ,0,Quantstamp, ,quantstamp,https://www.youtube.com/channel/UCXP3YLX4JdI0gGb9UKSunMg,quantstamp/token-distribution/
MicroMoney,Finance,2017-10-18,2017-11-18,10541585,30000000,Normal, ,5,5,5,5,mid,mid,mid,1,1,1,1,1,0,1,1,1,1,1,1,1,0, , , ,0,MicromoneyIO, ,micromoney,https://www.youtube.com/channel/UCKVXG3WEYPyxmsnwClF5vPg/videos,micro-money/prime
B2BX,Trading,2017-10-02,2017-11-17,8078602,29500000,Normal, ,5,5,5,5,mid,mid,mid,1,1,1,1,1,0,1,1,0,1,1,1,0,0, , , ,0,b2broker_net, ,b2broker,https://www.youtube.com/channel/UC4KhGwIE_hoteTMqNjarBVw/featured, 
Oracles Network,Smart Contract,2017-11-17,2017-11-17,12641032,12600000,High, ,5,5,5,5,mid,mid,mid,1,1,1,0,1,0,0,1,1,1,1,1,0,0, , , ,0,poanetwork, , ,https://www.youtube.com/channel/UCPp7CZ1OPvBVhHOb8CDxU2A,oraclesorg
Privatix,Network,2017-10-19,2017-11-16,2391939,15000000,Normal, ,5,5,5,5,mid,mid,mid,1,1,1,1,1,0,1,1,1,1,1,1,0,0, , , ,0,Privatix1, ,privatix,https://www.youtube.com/channel/UC45KNwm-mmHADAR6jylrklg,Privatix
Publica,Marketplace,2017-11-01,2017-11-15,1046210,1000000,Normal, ,5,5,5,5,mid,mid,mid,1,1,1,1,1,0,1,1,1,0,1,1,0,0, , , ,0,PublicaIO, ,publica.io, ,PublicaIO
Genesis Vision,Trading,2017-10-15,2017-11-15,2836732,23000000,Normal, ,5,5,5,5,mid,mid,mid,1,1,1,0,1,0,0,1,1,0,1,1,0,0, , , ,0,genesis_vision, , , ,GenesisVision
Soma,Marketplace,2017-09-26,2017-11-15,6049621,39800000,Normal, ,5,5,5,5,mid,mid,mid,1,1,1,1,1,0,1,0,1,1,1,1,0,0, , , ,0,SomaToken, ,soma-decentralized-social-marketplace,https://www.youtube.com/channel/UCXOislAVxYbZfb7ajiTcXJQ,Soma-co
Matryx,Collaboration,2017-09-13,2017-11-15,1984347,9000000,Normal, ,5,5,5,5,mid,mid,mid,0,1,1,1,1,0,1,0,1,0,0,1,0,0, , , ,0,matryx_ai, ,matryx-ai, ,matryx
Grid+,Blockchain Service,2017-10-30,2017-11-12,32226790,89000000,High, ,5,5,5,5,mid,mid,mid,1,1,1,0,1,0,0,0,1,0,0,0,0,0, , , ,0,gridplus_energy, , , ,gridplus
QASH,Trading,2017-11-05,2017-11-08,106400000,106400000,Normal, ,5,5,5,5,mid,mid,mid,1,1,1,1,1,0,1,1,0,1,0,1,1,0, , , ,0,quoine_SG, ,quoine,https://www.youtube.com/channel/UCOR2GJnFoOgTazC5v6mBTSA, 
COMSA,Blockchain Service,2017-10-02,2017-11-06,0,0,Normal, ,5,5,5,5,mid,mid,mid,0,1,1,1,1,0,1,0,0,1,0,1,0,0, , , ,0,comsaglobal, ,comsa-global,https://www.youtube.com/channel/UCYlxKrV66AlIu7hRDCoDBeA, 
Ripio Credit Network,Finance,2017-10-24,2017-11-05,37863045,37900000,Normal, ,5,5,5,5,mid,mid,mid,1,1,1,1,1,0,1,1,1,1,1,1,0,0, , , ,0,RCN_token, ,ripio-credit-network,https://www.youtube.com/channel/UCamqroruWBDSuND_-8tZ-yg,ripio/rcn-token
Ignis,Blockchain,2017-08-05,2017-11-04,21600000,21600000,High, ,5,5,5,5,mid,mid,mid,1,1,1,0,1,0,1,0,0,1,1,0,0,0, , , ,0,Jelurida, ,jelurida-b.v.,https://www.youtube.com/user/lyaffe1, 
Dragonchain,Blockchain Service,2017-10-02,2017-11-03,0,0,High, ,5,5,5,5,mid,mid,mid,1,1,1,1,1,0,1,0,1,1,0,0,0,0, , , ,0,dragonchaingang, ,dragonchain,https://www.youtube.com/channel/UC2_StJYNWFrQz2wiL8n6hoA,dragonchain/dragonchain
Raiden Network,Blockchain Service,2017-10-18,2017-11-01,33407260,33400000,High, ,5,5,5,5,mid,mid,mid,1,1,1,0,1,0,0,1,1,1,1,0,0,0, , , ,0,raiden_network, , ,https://www.youtube.com/channel/UCoUP_hnjUddEvbxmtNCcApg,raiden-network/raiden
Dentacoin,Business,2017-10-01,2017-11-01,1923507,28800000,Normal, ,5,5,5,5,mid,mid,mid,1,1,1,1,1,0,1,1,1,1,0,0,0,0, , , ,0,dentacoin, ,dentacoin,https://www.youtube.com/channel/UCSL-UsN8dc4CzHWiCv-NfrQ,Dentacoin
Enjin Coin,Gaming,2017-10-03,2017-11-01,22959609,25000000,Normal, ,5,5,5,5,mid,mid,mid,1,1,1,1,1,0,0,1,1,1,1,1,0,0, , , ,0,enjin, , ,https://www.youtube.com/channel/UC7F0a-BLue6W5E0Qcg-r5kw,enjin
Aeron,Blockchain Service,2017-09-19,2017-10-31,4897723,30000000,Normal, ,5,5,5,5,mid,mid,mid,1,1,1,1,1,0,1,1,1,1,1,1,0,0, , , ,0,aeron_aero, ,aeronpublic,https://www.youtube.com/channel/UC5kHSnnbz8epwZOqVPci98w,aeronaero/aeron
CryptoPay,Card,2017-10-02,2017-10-30,18148220,64300000,Normal, ,5,5,5,5,mid,mid,mid,0,1,1,0,1,0,1,1,1,0,1,1,0,0, , , ,0,cryptopay, ,cryptopay, ,cryptopay-dev
Horizon State,Blockchain Service,2017-10-16,2017-10-30,893520,61200000,Normal, ,5,5,5,5,mid,mid,mid,1,1,1,1,1,0,1,1,0,1,1,1,0,0, , , ,0,horizonstate, ,horizonstate,https://www.youtube.com/channel/UCnpuPVNY6RkNTaCNq6odOxA, 
Etherparty,Smart Contract,2017-10-01,2017-10-29,33732274,65000000,Normal, ,5,5,5,5,mid,mid,mid,1,1,1,1,1,0,0,1,1,1,0,1,0,0, , , ,0,etherparty_io, , ,https://www.youtube.com/c/EtherpartyIo8,etherparty
Snip,Media,2017-09-29,2017-10-29,4972669,8500000,Normal, ,5,5,5,5,mid,mid,mid,1,1,1,1,1,0,1,0,1,1,1,1,0,0, , , ,0,sniptoday, ,snip-llc,https://www.youtube.com/channel/UC6d5FoTGtwWLMjcnfmnHkhQ,sniptoday
Swarm Fund,Real Assets,2017-10-21,2017-10-28,5370258,55000000,Normal, ,5,5,5,5,mid,mid,mid,1,1,1,0,1,0,1,0,1,1,0,1,0,0, , , ,0,TheSwarmFund, ,swarm-fund,https://www.youtube.com/channel/UCiA8w1wDJW6iXNvEh_Mr2cw,swarmfund
Polkadot,Blockchain,2017-10-15,2017-10-27,0,0,Very High, ,5,5,5,5,mid,mid,mid,1,1,1,0,1,0,0,0,1,1,1,0,0,0, , , ,0,polkadotnetwork, , ,https://www.youtube.com/channel/UCB7PbjuZLEba_znc7mEGNgw,w3f
BLOCKv,Blockchain Service,2017-10-19,2017-10-25,21599100,40000000,Normal, ,5,5,5,5,mid,mid,mid,1,1,1,1,1,0,0,1,0,0,1,1,0,0, , , ,0,blockv_io, , , , 
Astronaut,CryptoFund,2017-09-20,2017-10-25,0,0,Normal, ,5,5,5,5,mid,mid,mid,0,1,1,1,1,0,0,0,0,0,1,0,0,0, , , ,0,astronautcap, , , , 
UnikoinGold,Bets,2017-09-22,2017-10-23,29436000,86400000,Normal, ,5,5,5,5,mid,mid,mid,0,1,1,1,1,0,1,1,1,0,0,1,0,0, , , ,0,UnikrnCo, ,unikrn, ,unikoingold
COBINHOOD,Trading,2017-09-13,2017-10-23,13078406,25000000,Normal, ,5,5,5,5,mid,mid,mid,1,1,1,1,1,0,1,0,1,1,1,1,0,0, , , ,0,Cobinhood, ,cobinhood,https://www.youtube.com/channel/UC-G2bQ-0voju8c2IxJJhGfA,cobinhood/
Electroneum,Currency,2017-09-14,2017-10-23,39934610,40000000,Normal, ,5,5,5,5,mid,mid,mid,0,1,1,1,1,0,1,0,1,0,0,1,0,0, , , ,0,electroneum, ,electroneum, ,electroneum
Ambrosus,Blockchain Service,2017-09-22,2017-10-22,32507330,97800000,Normal, ,5,5,5,5,mid,mid,mid,1,1,1,1,1,0,1,1,1,1,0,1,0,0, , , ,0,http:twitter.comAmbrosusAMB, ,ambrosus,https://www.youtube.com/channel/UC27wKQU7KBgvtuTAOKD0BJg,http://github.com/ambrosus
Qvolta,Trading,2017-10-10,2017-10-20,729652,4700000,Normal, ,5,5,5,5,mid,mid,mid,1,1,1,1,1,0,1,1,1,1,1,1,0,0, , , ,0,Qvolta_Wallet, ,qvolta,https://www.youtube.com/channel/UChxN3r5Qs0jg4dD-E09pMLg,qvolta?tab=repositories
DOVU,Mobile,2017-10-03,2017-10-17,6644682,28400000,Normal, ,5,5,5,5,mid,mid,mid,1,1,1,1,1,0,0,1,1,1,0,1,0,0, , , ,0,dovuofficial, , ,https://www.youtube.com/channel/UCxiQtFv5gIaxIr1hnF1PQOw,TokenMarketNet/ico
HEROcoin,Bets,2017-09-14,2017-10-16,2021034,16000000,Normal, ,5,5,5,5,mid,mid,mid,1,1,1,1,1,0,1,1,0,1,0,1,0,0, , , ,0,HEROcoinio, ,herocoin,https://www.youtube.com/channel/UCi6gLMu21XsrnWcdS0VOwdw, 
eidoo,Blockchain Service,2017-10-04,2017-10-16,27676992,51700000,Normal, ,5,5,5,5,mid,mid,mid,0,1,1,1,1,0,1,0,0,0,1,1,0,0, , , ,0,eidoo_io, ,eidoo, , 
Change Bank,Banking,2017-09-16,2017-10-16,15963255,40000000,Normal, ,5,5,5,5,mid,mid,mid,1,1,1,1,1,0,1,0,0,1,1,1,0,0, , , ,0,http:twitter.comchangefinance, ,getchange,https://www.youtube.com/channel/UCWK5RDsAh3C7jVclziAVF7w, 
Request Network,Finance,2017-10-13,2017-10-16,33600000,33600000,Normal, ,5,5,5,5,mid,mid,mid,0,1,1,1,1,0,1,1,1,0,0,1,0,0, , , ,0,requestnetwork, ,request-network, ,RequestNetwork/
Credit Protocol,Finance,2017-10-01,2017-10-16,15300000,15300000,Normal, ,5,5,5,5,mid,mid,mid,0,1,1,1,1,0,1,1,1,1,1,1,0,0, , , ,0,blockmasonio, ,blockmason-inc,https://www.youtube.com/channel/UCqv0UBWjgjM5JZkxdQR7DYw,blockmason
Paragon,Social,2017-09-15,2017-10-16,6000000,100000000,Very Low, ,5,5,5,5,mid,mid,mid,1,1,1,1,1,0,1,1,0,0,0,1,0,0, , , ,0,paragoncoin, ,paragoncoin, , 
Doc.ai,Artificial Intelligence,2017-09-28,2017-10-14,11158215,31800000,Normal, ,5,5,5,5,mid,mid,mid,1,1,1,1,1,0,1,1,0,1,1,1,0,0, , , ,0,_doc_ai, ,doc.ai,https://www.youtube.com/channel/UCAiPK8IxWx-pSLvqljnr6-g, 
bitJob,Marketplace,2017-09-12,2017-10-13,2726424,12000000,Normal, ,5,5,5,5,mid,mid,mid,1,1,1,1,1,0,1,1,1,1,1,1,0,0, , , ,0,BitJob_Team, ,bitjob,https://www.youtube.com/channel/UCPtjrCU8pUztqQHY75a7npg,bitjobteam
Streamr,Blockchain Service,2017-10-12,2017-10-13,27000000,27000000,Normal, ,5,5,5,5,mid,mid,mid,1,1,1,0,1,0,1,1,0,1,1,0,0,0, , , ,0,streamrinc, ,streamr-ltd-,https://www.youtube.com/channel/UCGWEA61RueG-9DV53s-ZyJQ, 
Anryze,Blockchain Service,2017-09-12,2017-10-12,1759099,6000000,Normal, ,5,5,5,5,mid,mid,mid,1,1,0,1,1,0,1,0,0,1,1,0,0,0, , , ,0,https:www.twitter.comanryze, ,anryze,https://www.youtube.com/channel/UCHPXQw55HxzXqF2hGRPjA-w, 
Ties.Network,Collaboration,2017-09-21,2017-10-12,6399760,33600000,Normal, ,5,5,5,5,mid,mid,mid,1,1,1,1,1,0,1,1,1,1,0,1,0,0, , , ,0,tiesnetwork, ,tiesdb,https://www.youtube.com/channel/UCjDS8EQ21VEBgKAgQgMIcVQ,http://github.com/tiesnetwork
AirSwap,Trading,2017-10-10,2017-10-11,12600000,12600000,High, ,5,5,5,5,mid,mid,mid,1,1,1,1,1,0,1,1,1,1,1,1,0,0, , , ,0,airswap, ,airswap,https://www.youtube.com/channel/UCb2tLdHXs72fdtKXGD1uPAg,airswap
LAToken,Market,2017-08-22,2017-10-10,18880673,40000000,Not rated, ,5,5,5,5,mid,mid,mid,1,1,1,1,1,0,1,0,0,1,0,1,0,0, , , ,0,latokens, ,latoken,https://www.youtube.com/channel/UCvTfsRYJYD2X26VXbqDVgTQ, 
Maecenas,Marketplace,2017-09-07,2017-10-10,15375432,18900000,Normal, ,5,5,5,5,mid,mid,mid,0,1,1,1,1,0,1,0,0,0,1,0,0,0, , , ,0,maecenasart, ,maecenas, , 
DomRaider,Blockchain Service,2017-09-12,2017-10-09,67200000,67200000,Normal, ,5,5,5,5,mid,mid,mid,1,1,1,1,1,0,1,1,0,1,1,1,0,0, , , ,0,domraider, ,domraider,https://www.youtube.com/domraider, 
PayPie,Finance,2017-10-08,2017-10-08,26000000,26000000,Normal, ,5,5,5,5,mid,mid,mid,0,1,1,1,1,0,1,1,0,0,0,1,0,0, , , ,0,PayPiePlatform, ,paypie, , 
Red Pulse,Market,2017-10-08,2017-10-08,14508923,14500000,High, ,5,5,5,5,mid,mid,mid,0,1,1,1,1,0,1,1,1,1,0,1,0,0, , , ,0,red_pulse_china, ,red-pulse,https://www.youtube.com/c/RedPulseToken,RedPulse
PowerLedger,Blockchain Service,2017-09-08,2017-10-06,0,0,Normal, ,5,5,5,5,mid,mid,mid,1,1,1,1,1,0,1,1,0,0,1,1,0,0, , , ,0,PowerLedger_io, ,power-ledger, , 
AirToken,Mobile,2017-10-01,2017-10-06,15000000,15000000,Normal, ,5,5,5,5,mid,mid,mid,1,1,1,0,1,0,1,1,0,0,1,1,0,0, , , ,0,airtoken, ,airfox, , 
Wanchain,Blockchain Service,2017-10-03,2017-10-04,35990000,36000000,High, ,5,5,5,5,mid,mid,mid,1,1,1,1,1,0,1,1,1,1,0,1,0,0, , , ,0,wanchain_org, ,wanchain,https://www.youtube.com/channel/UCW_i8cncT0d1RyX7YCA_oKQ,wanchain
Real,Real Estate,2017-08-31,2017-09-30,10604571,33000000,Normal, ,5,5,5,5,mid,mid,mid,0,1,1,0,1,0,0,0,1,0,1,1,0,0, , , ,0,real_token, , , ,RealEstateAssetLedger/real_contract
ALIS,Media,2017-09-01,2017-09-29,3705000,35600000,Normal, ,5,5,5,5,mid,mid,mid,0,1,1,0,1,0,1,1,1,0,1,0,0,0, , , ,0,ALIS_media, ,alismedia, ,AlisProject
Internxt,Cloud Storage,2017-09-07,2017-09-28,220800,41000000,Normal, ,5,5,5,5,mid,mid,mid,0,1,1,0,1,0,1,0,1,0,1,1,0,0, , , ,0,Internxt, ,internxt, ,internxt
Kin,Currency,2017-09-12,2017-09-25,48594816,75000000,Normal, ,5,5,5,5,mid,mid,mid,1,1,1,0,1,0,1,1,0,0,1,0,0,0, , , ,0,kin_foundation, ,kik-interactive-inc, , 
Cindicator,Hybrid Intellingence,2017-09-12,2017-09-24,15000000,15000000,Normal, ,5,5,5,5,mid,mid,mid,1,1,1,1,1,0,1,0,1,1,1,1,0,0, , , ,0,crowd_indicator, ,vote-,https://www.youtube.com/channel/UCNWkzeqsbFTYnyz3S3EceQg,cindicator
Modum,Blockchain Service,2017-09-01,2017-09-22,13350000,16400000,Not rated, ,5,5,5,5,mid,mid,mid,1,1,1,0,1,0,1,1,1,1,0,0,0,0, , , ,0,modum_io, ,modum.io-ag,https://www.youtube.com/channel/UCx-0ppn98Ehy5jL1EPeiv_w,modum-io
ICON,Blockchain,2017-09-20,2017-09-20,42750000,42800000,Very High, ,5,5,5,5,mid,mid,mid,1,1,1,1,1,0,1,0,1,1,1,0,0,0, , , ,0,helloiconworld, ,helloiconworld,https://www.youtube.com/channel/UC5SrWL7CKY09cVtuDxHtizw,icon-project
ChainLink,Blockchain Service,2017-09-19,2017-09-19,32000000,32000000,High, ,5,5,5,5,mid,mid,mid,0,1,1,0,1,0,1,0,0,0,0,1,0,0, , , ,0,smart_contract, ,chainlinknetwork, , 
Substratum,Blockchain Service,2017-08-14,2017-09-17,13800000,45000000,Normal, ,5,5,5,5,mid,mid,mid,1,1,1,0,1,0,1,1,0,1,1,0,0,0, , , ,0,SubstratumNet, ,substratumnet,https://www.youtube.com/channel/UCxUJoTH0XLERKl55zGnFI6g/videos, 
KICKICO,Crowdfunding,2017-08-29,2017-09-16,21581925,12800000,Normal, ,5,5,5,5,mid,mid,mid,1,1,1,1,1,0,1,1,0,1,1,0,0,0, , , ,0,KICKICOplatform, ,kickico,https://www.youtube.com/channel/UC_zMuXu_P7idt84qOqDFMcw, 
KyberNetwork,Trading,2017-09-15,2017-09-16,46000000,46000000,Not rated, ,5,5,5,5,mid,mid,mid,1,1,1,0,1,0,1,0,1,1,0,0,0,0, , , ,0,kybernetwork, ,kybernetwork,https://www.youtube.com/channel/UCQ-8mEqsKM3x9dTT6rrqgJw,KyberNetwork
ICOS,Token Discounter,2017-08-15,2017-09-16,0,0,Normal, ,5,5,5,5,mid,mid,mid,0,1,1,1,1,0,1,0,0,0,1,1,0,0, , , ,0,http:twitter.comicobox_io, ,icobox, , 
BitDice,Gambling,2017-08-15,2017-09-15,0,0,Not rated, ,5,5,5,5,mid,mid,mid,0,1,1,0,1,0,0,1,0,0,1,1,1,0, , , ,0,BitDice, , , , 
Social,Social Network,2017-08-17,2017-09-15,5243080,15000000,Low, ,5,5,5,5,mid,mid,mid,1,1,1,1,1,0,0,1,0,1,1,1,0,0, , , ,0,sociall_io, , ,https://www.youtube.com/channel/UCoSx37iRR5KZ2TgMSzgk_mg, 
Blackmoon,Trading,2017-09-12,2017-09-13,30000000,30000000,Low, ,5,5,5,5,mid,mid,mid,1,1,1,1,1,0,1,1,1,1,1,1,0,0, , , ,0,BlackmoonFG, ,blackmoon-financial-group,https://www.youtube.com/channel/UCS34Ybq9NxTibHXKMqcijfg,blackmoonfg
Enigma,Trading,2017-09-11,2017-09-11,45000000,45000000,High, ,5,5,5,5,mid,mid,mid,0,1,1,0,1,0,1,1,0,1,0,1,0,0, , , ,0,enigmaMPC, ,enigma-mpc-,https://www.youtube.com/channel/UCyyl1qq8o7uIKd9caF1fanw, 
Rivetz,Security,2017-08-10,2017-09-10,18653920,20000000,Normal, ,5,5,5,5,mid,mid,mid,1,1,1,1,1,0,0,1,0,1,0,0,0,0, , , ,0,rivetzcorp, , ,https://www.youtube.com/channel/UC5mbk0LwtfOwuK1h-TFPCOw, 
Filecoin,Cloud Storage,2017-08-10,2017-09-08,257000000,40000000,Not rated, ,5,5,5,5,mid,mid,mid,1,1,1,0,1,0,1,0,0,1,0,0,0,0, , , ,0,MineFilecoin, ,protocollabs,https://www.youtube.com/channel/UCJvMzILpV3b4AWXTEeQjcng, 
Hubii Network,Marketplace,2017-08-24,2017-09-07,7130256,50000000,Not rated, ,5,5,5,5,mid,mid,mid,1,1,1,0,1,0,0,0,0,1,1,0,0,0, , , ,0,hubiinetwork, , ,https://www.youtube.com/channel/UCkP1V8rj8pbBQtj1SmG0n0Q, 
Indorse,Blockchain Service,2017-08-08,2017-09-07,9247392,15000000,Normal, ,5,5,5,5,mid,mid,mid,1,1,1,1,1,0,0,0,0,0,1,0,0,0, , , ,0,joinIndorse, , , , 
Aventus,Ticketing,2017-09-06,2017-09-06,18780000,18800000,Not rated, ,5,5,5,5,mid,mid,mid,1,1,1,1,1,0,1,1,1,1,1,1,0,0, , , ,0,AventusPF, ,aventus-systems-limited,https://www.youtube.com/channel/UC2Gi9w34uO9RvJ1hxIRHHcw,AventusProtocolFoundation
Viberate,Media,2017-09-05,2017-09-05,12000000,12000000,Not rated, ,5,5,5,5,mid,mid,mid,1,1,1,1,1,0,1,1,0,1,1,1,0,0, , , ,0,viberate_com, ,viberate,https://www.youtube.com/channel/UCNqR72YOybyCZzVhb5oeQhw, 
Tron,Blockchain Service,2017-08-31,2017-09-02,70000000,70000000,Not rated, ,5,5,5,5,mid,mid,mid,0,1,1,1,1,0,1,0,1,1,0,0,0,0, , , ,0,Tronfoundation, ,tronfoundation,https://www.youtube.com/channel/UC5OPOGRq02iK-0T9sKse_kA?view_as=subscriber,tronprotocol
Everex,Blockchain Service,2017-07-24,2017-08-31,25840000,26000000,Not rated, ,5,5,5,5,mid,mid,mid,1,1,1,1,1,0,1,0,1,1,0,1,0,0, , , ,0,http:twitter.comeverexio, ,everexio,https://www.youtube.com/channel/UC0IYiy2fu66fGBk3MzUlgaQ,http://github.com/everexio
Monetha,Currency,2017-08-31,2017-08-31,35910000,35900000,Not rated, ,5,5,5,5,mid,mid,mid,1,1,1,1,1,0,1,1,1,1,1,1,0,0, , , ,0,Monetha_io, ,monetha,https://www.youtube.com/channel/UCtFfGdY6Kfi7qpBsCIAVc9g,monetha
ChronoLogic,Blockchain Service,2017-08-28,2017-08-30,7502120,13000000,Not rated, ,5,5,5,5,mid,mid,mid,1,1,1,0,0,0,1,1,1,1,0,1,0,0, , , ,0, , ,chronologic.network,https://www.youtube.com/channel/UCTAH_8hSgbzd8Mq84zMsZJQ,chronologic
DIMCOIN,Currency,2017-07-16,2017-08-27,14005746,13500000,Normal, ,5,5,5,5,mid,mid,mid,1,1,1,1,1,0,1,0,0,1,0,1,0,0, , , ,0,DIMCOIN_, ,dimcoin.io,https://www.youtube.com/channel/UCT0Sq4kPSYK7oFNbXPiyDng, 
OPUS,Media,2017-07-24,2017-08-25,5737250,20000000,Not rated, ,5,5,5,5,mid,mid,mid,1,1,1,1,1,0,0,1,1,1,1,1,0,0, , , ,0,opusfoundation, , ,https://www.youtube.com/channel/UCo5UJmWcifx6UfsAyHNzQFQ,Opus-foundation/contracts
Lampix,Hi-Tech,2017-08-09,2017-08-19,0,0,Not rated, ,5,5,5,5,mid,mid,mid,1,1,0,1,1,0,1,1,0,1,0,0,0,0, , , ,0,lampix_co, ,lampix,https://www.youtube.com/channel/UCY3N6_p3fWC76XFrQlid0vQ, 
Decentraland,VR,2017-08-17,2017-08-19,24137000,20000000,Not rated, ,5,5,5,5,mid,mid,mid,1,1,1,1,1,0,1,1,1,1,0,0,0,0, , , ,0,decentraland, ,decentraland-foundation,https://www.youtube.com/channel/UCLXcTgzr05cFZaN972nuEXw,decentraland
Agrello,Smart Contract,2017-07-17,2017-08-18,30100000,43200000,Not rated, ,5,5,5,5,mid,mid,mid,1,1,1,1,1,0,1,1,0,1,0,0,0,0, , , ,0,AgrelloOfficial, ,agrellofoundation,https://www.youtube.com/channel/UCJ939SlnjwRQvRpaKuA_iOw, 
0x,Blockchain Service,2017-08-12,2017-08-16,24000000,24000000,Not rated, ,5,5,5,5,mid,mid,mid,0,1,1,0,1,0,0,1,1,0,0,0,0,0, , , ,0,0xproject, , , ,0xProject
BlockCAT,Smart Contract,2017-08-15,2017-08-16,6284400,5000000,Not rated, ,5,5,5,5,mid,mid,mid,1,1,0,1,1,0,0,0,1,1,1,0,0,0, , , ,0,blockcatio, , ,https://www.youtube.com/channel/UCIKcZ8MT_A495kJMpUBRkDg,BlockCatIO
SALT,Finance,2017-08-01,2017-08-15,48500000,48500000,Normal, ,5,5,5,5,mid,mid,mid,1,1,1,1,1,0,0,0,0,1,0,0,0,0, , , ,0,SALTLending, , ,https://www.youtube.com/channel/UCkjrP9UbwR601fH3yVm_xSA, 
Tierion,Blockchain Service,2017-08-01,2017-08-09,25000000,25000000,Normal, ,5,5,5,5,mid,mid,mid,0,1,1,1,1,0,1,1,1,0,1,1,0,0, , , ,0,Tierion, ,tierion, ,tierion
Po.et,Verification,2017-08-08,2017-08-09,10000000,10000000,Not rated, ,5,5,5,5,mid,mid,mid,1,1,1,0,1,0,0,1,1,0,0,0,0,0, , , ,0,_poetproject, , , ,poetapp
Tezos,Blockchain,2017-07-01,2017-07-14,0,0,Normal, ,5,5,5,5,mid,mid,mid,1,1,1,0,1,0,0,1,1,1,0,0,0,0, , , ,0,tez0s, , ,https://www.youtube.com/channel/UCMeXYClRGsIfqS_sqMeolqQ,tezos/tezos
Polybius,Banking,2017-05-31,2017-06-30,62956169,100000000,Normal, ,5,5,5,5,mid,mid,mid,1,1,1,0,1,0,1,0,0,1,0,0,0,0, , , ,0,polybiuseu, ,polybius,https://www.youtube.com/channel/UCjvYmhdoQbaO-Yd4XcvT5nQ, 
EOS,Blockchain,2017-06-26,2017-06-26,0,0,High, ,5,5,5,5,mid,mid,mid,1,1,1,1,1,0,0,0,1,0,1,0,0,0, , , ,0,eos_io, , , ,eosio
TenX,Card, ,2017-06-24,0,0,Normal, ,5,5,5,5,mid,mid,mid,1,1,0,1,1,0,1,1,0,1,0,1,0,0, , , ,0,tenxwallet, ,tenxwallet,https://www.youtube.com/channel/UCrh49JX-9UQJbee6e4EGhog, 
Vegan Nation, ,2018-05-01,2018-07-01,38000006,10978800,Normal,USDEUR,0,0,0,0,mid,mid,mid,1,1,1,1,1,0,1,0,0,0,0,0,0,0,Isaac Thomas, , ,0,VeganNation_, , , , 
Birdchain, ,2018-01-18,2018-05-31,1119380,4803225,Normal,BTCETH,9,9,9,9,high,mid-high,mid,1,1,1,1,1,1,1,1,1,0,0,1,0,0, , , ,3, birdchain_io, , , ,Birdchain
Bubbletone, ,2018-02-02,2018-06-15,7478040,15553300,Normal,ETHBTC,9,7,9,9,mid,mid-high,mid,1,1,1,1,1,0,1,0,1,0,0,1,0,0,Yury Morozov, ,Oleg Pravdin,1,bubbletone_eng, , , ,Clementvale-LTD
Acorn Collective, ,2018-01-29,2018-06-24,9800000,15553300,Normal,ETH,8,9,9,5,high,mid-high,mid,1,1,1,1,1,0,1,1,1,0,0,1,0,0,Dr. Moritz Kurtz, ,Ed Earle,2,AcoCollective, , , ,TheAcornCollective
BestMeta, ,2018-04-23,2018-06-15,3574611,15553300,Normal,BTCETHLTC,10,9,8,4,low,mid,mid,1,1,1,1,1,0,1,0,0,0,0,0,0,0,MICHELE PES, , ,3,bestmetagg, , , , 
Sharpay, ,2017-12-11,2018-05-31,4715852,20585250,Normal,ETHLTCBCHBTC,9,7,9,7,mid,mid,low-mid,1,1,1,1,1,0,1,1,1,0,0,0,0,0,Anton Solodikov, ,Alexey Stukarchuk,3,sharpay_io, , , , sharpay-io
Gamblica, ,2017-12-12,2018-06-01,0,0,Normal,BTCETH,9,6,8,7,mid,mid,mid,1,1,1,1,1,1,1,1,1,0,0,1,0,0,Dmitry Yakovlev, ,Mikhail Ignatiev,3,gamblica, , , ,gamblica-gmbc/gmbc
LocalCoinSwap, ,2018-04-15,2018-06-15,10568000,20585250,Normal,AUDBCHBTCCADETHEURGBPNZDUSDUSDTXRP,9,7,8,5,high,mid-high,mid-high,1,1,1,1,1,1,1,1,0,0,0,1,0,0, , ,Nathan Worsley,3,Localcoinswap, , , , 
Sandblock, ,2018-03-01,2018-06-16,1080039,5280802,Normal,BTCETHUSD,7,5,8,10,high,high,low-mid,1,1,1,1,1,0,1,0,0,0,0,0,0,0, , , ,3,sandblock_io, , , , 
Miner One, ,2018-02-15,2018-05-16,56286477,131288150,Normal,BTCETHEURLTC,9,8,9,2,mid,mid,high,1,1,1,1,1,1,1,0,1,0,1,1,0,0,Pranas Slunys, , ,2,mineroneio, , , ,minerone
ADAMANT Messenger, ,2018-01-30,2018-06-30,3845782,5489400,Normal,BCHBTCDASHDOGEETHLSKLTC,8,3,8,9,low-mid,low,mid,1,1,1,1,1,0,0,0,1,0,0,1,0,0,Pavel Evgenov, , ,3,adamant_im, , , , adamant-im
HODLER, ,2018-03-01,2018-06-30,3792500,5489400,Normal,BCHBTCDASHLTC,8,5,8,7,low,low,high,1,1,1,1,1,0,1,0,1,0,0,0,0,0,Tobiasz Horodko, , ,3,HODLER_TECH, , , ,HODLERTECH
Monaco Estate Token, ,2018-05-01,2018-06-30,0,0,Normal,ETH,9,8,8,3,mid,low,low-mid,1,1,1,1,1,0,0,1,1,0,0,1,0,0,Daniel Golding, , ,1,monacoestateico, , , ,monacoestate/Monaco-Estate-Token-Sale-Smart-Contracts
Coinjanitor, ,2018-05-01,2018-05-31,2415589,6404300,Normal,BCHBTCBTGETCLTCUSDXMR,7,7,7,4,mid-high,low-mid,mid,1,1,1,1,1,1,1,1,0,0,1,1,0,0,Marc Kenigsberg, ,Asaf Yosifov,3,CoinJanitor, , , , 
Valorem Foundation, ,2017-12-15,2018-06-28,0,0,Normal,BTCETHUSD,8,5,7,5,mid,low-mid,high,1,1,1,1,1,0,0,1,1,0,0,1,0,0,Val Kleyman, , ,3,ValoremF, , , ,ValoremFoundation
Ice Rock Mining, ,2018-01-20,2018-05-25,8175069,6404300,Normal,USD,8,5,6,5,mid,mid,high,1,1,1,1,1,0,1,1,0,0,0,1,0,0,Malik Murzashev, , ,3,icerockmining, , , , 
UUNIO, ,2018-03-01,2018-06-30,10,6404300,Normal,ETHQTUM,6,2,5,4,mid,low,high,1,1,1,1,1,0,0,0,0,0,1,0,0,0,Kiyoung Tack, , ,1,UUNIO_official, , , , 
Referpay Network, ,2018-06-04,2018-06-17,0,0,Normal,ETH,0,0,0,0,low,low,high,1,1,1,0,1,0,0,1,1,0,1,1,0,0, , , ,3,referpay, , , ,REFERPAYNETWORK
A2B Taxi, ,2018-03-01,2018-06-15,0,0,Normal,BTCETHEURUSD,0,0,0,0,mid,mid,mid,1,1,1,1,1,0,1,0,0,0,0,0,0,0, , , ,3,a2btaxitoken, , , , 
AITHEON, ,2018-04-20,2018-06-03,25352867,4803225,Normal,ETHBTCBCHLTC,0,0,0,0,mid,mid,mid,1,1,1,1,1,1,1,1,0,0,0,0,0,0,Andrew Archer, , ,1,AitheonOfficial, , , , 
Asura coin, ,2018-05-21,2018-06-15,0,0,Normal,NEO,0,0,0,0,mid,mid,mid,1,1,1,1,1,0,1,1,1,0,0,1,0,0,Peter Shen, , ,1,https:www.twitter.comasuracoin, , , ,https://www.github.com/asuracoin
Baanx, ,2018-05-01,2018-05-24,3608254,16410103,Normal,BCHBTCETH,0,0,0,0,mid,mid,mid,1,1,1,1,1,0,1,0,0,0,1,0,0,0,Garth Howat, , ,3,baanxcom, , , , 
Bidium, ,2018-05-25,2018-06-15,0,0,Normal,ETHBTC,0,0,0,0,mid,mid,mid,1,1,1,1,1,0,1,1,0,0,0,1,0,0,Nausheen Ahmad, ,Garima Singh,3,bidiumofficial, , , , 
Bigbom Eco, ,2018-03-28,2018-06-10,0,0,Normal,ETHTOMOKNC,0,0,0,0,mid,mid,mid,1,1,1,1,1,0,0,1,1,0,1,1,0,0,Nguyen Van Vung, ,Co Le Quoc Tuan,3,bigbomglobal, , , ,bigbomio
Bitcoin Empire, ,2018-04-04,2018-06-28,0,0,Normal,ETH,0,0,0,0,mid,mid,mid,1,1,1,1,1,0,0,0,0,0,0,0,0,0, , , ,2,BitcoinEmpireCG, , , , 
BitFence, ,2018-04-01,2018-07-01,6562241,16410103,Normal,BTCDASHETHLTC,0,0,0,0,mid,mid,mid,1,1,1,1,1,1,1,1,1,0,0,1,0,0, , , ,3,BitFence_, , , , BitFence/         
Blockchain Hotels, ,2018-02-25,2018-06-30,6000,182980,Normal,BTCDASHETHLTC,0,0,0,0,mid,mid,mid,1,1,1,1,1,1,1,0,0,0,0,1,0,0,Pawel Alva Nazaruk, , ,1,hotel_coin , , , , 
Calfin Global Crypto Exchange, ,2018-05-01,2018-06-30,6404300,53817620,Normal,BTCETH,0,0,0,0,mid,mid,mid,1,1,1,1,1,1,1,1,1,0,1,1,0,0,Anandh Swami, ,Don Asok,3,CGCXofficial, , , ,cgcx
Carboneum Token, ,2018-03-08,2018-06-30,0,0,Normal,ETH,0,0,0,0,mid,mid,mid,1,1,1,1,1,0,0,0,1,0,1,1,0,0,Max Kortrakul, , ,2,carboneum_io, , , , CarboneumProject
Cardium, ,2018-04-16,2018-06-30,0,0,Normal,ETH,0,0,0,0,mid,mid,mid,1,1,1,1,1,1,1,1,1,0,1,1,0,0,Philipp Klimov, ,Sergey Chernikov,3,Cardium_world   , , , , Cardium-world
CargoCoin, ,2018-04-01,2018-06-30,0,0,Normal,ETHBTCLTCXRPDASHUSDDOGE,0,0,0,0,mid,mid,mid,1,1,1,1,1,0,1,1,1,0,1,1,0,0, , , ,2,thecargocoin, , , ,CargoCoinRepo/Cargo-Coin
Chimaera, ,2018-03-23,2018-05-19,2000000,53817620,Normal,BTCDASHETCETHLTCZEC,0,0,0,0,mid,mid,mid,1,1,1,1,1,0,1,0,0,0,0,0,0,0,Andrew Colosimo, , ,3,chimaera_tech, , , , 
Coin Pennant , ,2018-06-01,2018-06-30,0,0,Normal,ETH,0,0,0,0,mid,mid,mid,1,1,1,1,1,0,0,1,1,0,1,1,0,0,Samo Music, ,"Crt Gerlec, PhD",2,coinpennantdev, , , ,coinpennant
Countinghouse Fund, ,2018-04-03,2018-06-12,1987620,9149000,Normal,ETH,0,0,0,0,mid,mid,mid,1,1,1,1,1,0,1,1,1,0,0,1,0,0, , , ,3,CountinghouseFd, , , ,Countinghouse
Cryde, ,2018-04-23,2018-06-26,0,0,Normal,ETHBTCLTCBCHZECXMRDASH,0,0,0,0,mid,mid,mid,1,1,1,1,1,0,0,0,1,0,0,1,0,0, , ,Daniel Toth,3,crydeio, , , ,crydeio
Cryptectum , ,2018-05-27,2018-06-17,0,0,Normal,ETH,0,0,0,0,mid,mid,mid,1,1,1,1,1,0,1,0,1,0,0,1,0,0,Eduard Salm, , ,3,cryptectum, , , ,cryptectum/Smart-Contract
Crypto Cashback Rebate, ,2018-03-18,2018-06-18,45000002,9149000,Normal,ETHBTCLTCETCXRPBCH,0,0,0,0,mid,mid,mid,1,1,1,1,1,1,0,0,1,0,1,1,0,0,Vladimir Kapal, , ,3,cryptocashbackr, , , ,cryptocashbackrebate
Cryptoflix, ,2018-05-15,2018-06-15,0,0,Normal,ETH,0,0,0,0,mid,mid,mid,1,1,1,1,1,0,0,0,0,0,0,1,0,0,Christian Falkenberg Husum, , ,3,Crypto_Flix, , , , 
Cryptonia Poker, ,2018-04-10,2018-07-01,6278501,16634711,Normal,ETHBTC,0,0,0,0,mid,mid,mid,1,1,1,1,1,0,0,1,1,0,1,1,0,0,Lakshay Anand, , ,1,CryptoniaPoker, , , ,OnGridSystems/CryptoniaPokerContracts
Dafzo, ,2018-03-29,2018-06-30,0,0,Normal,ETHBTCBCH,0,0,0,0,mid,mid,mid,1,1,1,1,1,0,1,0,0,0,1,1,0,0,Prateek Sharma, ,Deekshith Marla,3,dafzo_io, , , , 
Dakuce, ,2018-05-01,2018-06-30,0,0,Normal,BTCETHLTCUSDT,0,0,0,0,mid,mid,mid,1,1,1,1,1,1,1,1,1,0,1,1,0,0, , , ,2,dakucecom, , , ,DakuceExchange
DateCoin, ,2018-03-30,2018-05-30,5279430,12579875,Normal,BTCETH,0,0,0,0,mid,mid,mid,1,1,1,1,1,1,1,1,1,0,1,1,0,0,Nikita Anufriev, , ,2,Date_coin, , , ,datecoin/DateCoin
DAV, ,2018-02-06,2018-06-25,11836061,24833130,Normal,ETH,0,0,0,0,mid,mid,mid,1,1,1,1,1,0,1,1,1,0,0,1,0,0,Noam Copel, ,Tal Ater,3,DavNetwork, , , ,DAVFoundation
Dorado, ,2018-02-07,2018-05-16,26596143,34994925,Normal,BTCETHLTCUSD,0,0,0,0,mid,mid,mid,1,1,1,1,1,0,1,1,0,0,0,1,0,0, , , ,2,Dorado_ICO, , , , 
DUCATUR, ,2018-05-01,2018-06-30,914900,7181965,Normal,ETHNEOBTCEOS,0,0,0,0,mid,mid,mid,1,1,1,1,1,0,0,0,1,0,0,0,0,0,George Bell, ,Ivan Kocheshev,2,ducatur, , , ,DucaturFw
Engagement Token, ,2018-01-15,2018-06-01,0,0,Normal,ETH,0,0,0,0,mid,mid,mid,1,1,1,1,1,0,1,0,0,0,0,1,0,0,Constantine Goltsev, ,Nick Urmach,3,EGT_Token, , , , 
EQUI, ,2018-05-15,2018-06-30,7000000,7181965,Normal,BTCETHLTCXRP,0,0,0,0,mid,mid,mid,1,1,1,1,1,0,0,1,0,0,1,1,0,0, ,Baroness Mone, ,3,equi_capital, , , , 
Fluence.ai, ,2018-04-15,2018-05-15,1097880,1829800,Normal,ETH,0,0,0,0,mid,mid,mid,1,1,1,1,1,0,1,0,1,0,0,1,0,0, , ,Dmitry Kurinskiy,1,FluenceAI, , , ,FluenceLabs
Flux, ,2018-04-17,2018-05-31,2900912,1829800,Normal,BNBBTCDASHETCETHEURKCSLTCUSDUSDTZEC,0,0,0,0,mid,mid,mid,1,1,1,1,1,1,1,1,1,0,0,1,0,0,Alexandr Sushko, ,Dmitry Lut,3,FLUX_PLAY, , , ,fluxgames
Globatalent, ,2018-04-16,2018-06-30,11088000,16925650,Normal,BTCETHUSD,0,0,0,0,mid,mid,mid,1,1,1,1,1,1,1,0,1,0,1,1,0,0,Sunil Bhardwaj, , ,3,globatalent, , , ,Globatalent
Invox Finance, ,2018-04-03,2018-07-01,1345360,9149000,Normal,ETH,0,0,0,0,mid,mid,mid,1,1,1,1,1,1,1,1,1,0,1,1,0,0,Alex Mezhvinsky, , ,3,InvoxFinance, , , ,Invox-Finance/ICO
Kakushin, ,2018-05-01,2018-06-30,1906531,45745000,Normal,ETHBTCBCHLTCDASH,0,0,0,0,mid,mid,mid,1,1,1,1,1,1,1,1,0,0,1,1,0,0,Chandan Indoria, ,Sachin Bhargava,3,kakushinEco, , , , 
Kinguin.io, ,2018-06-02,2018-06-24,0,0,Normal,BTCETHEURUSD,0,0,0,0,mid,mid,mid,1,1,1,1,1,1,0,0,0,0,1,1,0,0, , ,Nashat Wanli,3,KinguinNet, , , , 
Korona Coin, ,2018-04-23,2018-06-21,0,0,Normal,ETH,0,0,0,0,mid,mid,mid,1,1,1,1,1,1,1,1,0,0,1,1,0,0, , , ,3,KoronaCoin, , , , 
Marginless, ,2018-04-10,2018-05-31,2164195,9606450,Normal,BTCETHLTC,0,0,0,0,mid,mid,mid,1,1,1,1,1,1,1,1,1,0,1,1,0,0,Lukas Jonaitis, , ,3,MarginlessNet, , , ,MarginlessNetwork/
Market.space, ,2018-04-16,2018-06-30,8736761,9606450,Normal,BCHBTCDASHLTCETCETHUSDUSDT,0,0,0,0,mid,mid,mid,1,1,1,0,1,0,1,1,0,0,1,1,0,0,Alexander Rakhmanov, ,Eugene Parafiynyk,3,Market_space_, , , , 
MF Chain, ,2018-04-04,2018-06-25,10,9606450,Normal,BTCLTCNEOETH,0,0,0,0,mid,mid,mid,1,1,1,1,1,0,0,1,1,0,0,1,0,0, , , ,3,ModernChain, , , ,mfchain
Moentum, ,2018-02-21,2018-06-30,0,0,Normal,ETHUSD,0,0,0,0,mid,mid,mid,1,1,1,0,1,0,0,1,0,0,0,0,0,0,Sam Balabon, , ,1,Moentum, , , , 
Neuromachine, ,2018-04-20,2018-06-15,2970000,9606450,Normal,ETHBTCLTCBCHBTGDASHETC,0,0,0,0,mid,mid,mid,1,1,1,1,1,0,1,0,1,0,0,1,0,0,Valentin Korsunsky, , ,3,nrm_cash, , , ,NRM-Neuromachine
ORS Group, ,2018-01-01,2018-05-24,14200000,9606450,Normal,ETH,0,0,0,0,mid,mid,mid,1,1,1,1,0,0,1,0,1,0,1,1,0,0, , , ,3, , , , ,ORSGroup/ORS.Ico
RoBET, ,2018-02-01,2018-06-30,1601989,13723500,Normal,BTCETHUSD,0,0,0,0,mid,mid,mid,1,1,1,0,1,0,1,0,0,0,0,1,0,0,Edoardo Narduzzi, ,Alessandro Lentini,3,roboadvisorcoin, , , , 
RUSGAS, ,2018-04-17,2018-06-11,22066744,13723500,Normal,ETH,0,0,0,0,mid,mid,mid,1,1,1,0,1,0,0,0,0,0,0,0,0,0, , , ,3,RusGasOfficial, , , , 
Safeguard , ,2018-06-07,2018-06-20,0,0,Normal,NEO,0,0,0,0,mid,mid,mid,1,1,1,1,1,0,1,1,0,0,1,0,0,0,Ingmar Vroege, ,Gertjan Leemans,3,SafeguardToken, , , , 
SKYFchain, ,2018-05-01,2018-06-15,10,13723500,Normal,BTCETH,0,0,0,0,mid,mid,mid,1,1,1,1,1,1,1,1,1,0,1,1,0,0,Alexander Timofeev, , ,1,SKYFchain , , , ,SKYFchain
Smart Advertisement Transaction Token, ,2018-04-04,2018-07-01,0,0,Normal,BTCETHUSD,0,0,0,0,mid,mid,mid,1,1,1,1,1,0,1,0,1,0,0,1,0,0,Gauthier Bros, ,Stphanie Clement,2,SaTT_Token, , , ,Atayen/satt
Swapy Network, ,2018-03-19,2018-05-18,10657104,13723500,Normal,ETH,0,0,0,0,mid,mid,mid,1,1,1,1,1,1,1,1,1,0,0,1,0,0,Edmilson Rodrigues, ,Tlio Braga,3,SwapyNetwork, , , ,swapynetwork/swapy-exchange-protocol
Tradingene, ,2018-03-20,2018-06-23,0,0,Normal,BCHBTCETHLTCWAVES,0,0,0,0,mid,mid,mid,1,1,1,1,1,1,0,1,0,0,1,1,0,0,Daniel Wolfe, , ,3,tradingene, , , , 
Uulala, ,2018-03-25,2018-06-30,0,0,Normal,BTCETHUSD,0,0,0,0,mid,mid,mid,1,1,1,1,1,0,1,0,0,0,1,0,0,0,Oscar Garcia, ,Alan Alvardo,3,UulalaApp, , , , 
WeevoCity, ,2018-03-26,2018-06-25,0,0,Normal,ETH,0,0,0,0,mid,mid,mid,1,1,1,1,1,0,0,1,1,0,0,1,0,0, , , ,1,WeevoCity, , , , weevocity/ICO
