name,start,end,USD raised,USD aimed,integrity,team,vision,product,marketing,community,risk,bitcointalk,facebook,twitter,instagram,slack,reddit,github,linkedin,medium,video,website,whitepaper,platform,accepted currency,CEO,cofounder,CTO,event,twitter link,github link,instagram link
Ubex,2018-05-21,2018-08-13,5528283,10978800,7,6,7,8,mid-high,mid-high,mid,1,1,1,0,0,1,1,1,1,1,1,1,Ethereum,ETHBTCLTC,Artem Chestnov, ,Dan Gartman,3,ubex_ai,ubex-ai,
CBDoken,2018-06-01,2018-10-31,0,0,0,0,0,0,mid,mid,mid,0,1,1,1,0,0,0,1,0,1,1,1,Ethereum,EURUSDETHBTC, , ,Alexander Brovman,1,cbdoken, ,cbdoken/
Vegan Nation,2018-05-01,2018-07-01,38000006,10978800,0,0,0,0,mid,mid,mid,0,1,1,0,0,0,0,1,0,1,1,1,Ethereum,USDEUR,Isaac Thomas, , ,0,VeganNation_, ,
Nauticus,2018-03-18,2018-07-18,15500000,10978800,9,8,9,9,high,mid-high,low-mid,1,1,1,1,0,1,1,1,1,1,1,1,Nauticus,BCHBTCETH,Bryan Ng, ,Hong Huynh,3,nauticusen,NauticusOfficial/,nauticusblockchain/
Fiduxa,2018-02-12,2018-07-12,2401612,11436250,9,8,10,10,mid,low,mid,1,1,1,0,1,1,1,1,1,1,1,1,Ethereum,Accepted Currency, ,Pietro Marchionni, ,3,FiduxaICO,fiduxa/FiduxaToken,
Birdchain,2018-01-18,2018-05-31,1119380,4803225,9,9,9,9,high,mid-high,mid,1,1,1,1,1,1,1,1,0,1,1,1,Ethereum,BTCETH, , , ,3, birdchain_io,Birdchain,birdchain/
Open Source University,2017-11-20,2018-07-04,2891998,15553300,10,10,9,7,high,mid-high,low,0,1,1,0,0,0,0,1,0,1,1,1,Ethereum,BTCETH, , , ,3,OpenSource_Uni, ,
Bubbletone,2018-02-02,2018-06-15,7478040,15553300,9,7,9,9,mid,mid-high,mid,1,1,1,0,0,0,1,1,0,1,1,1,Graphene,ETHBTC,Yury Morozov, ,Oleg Pravdin,1,bubbletone_eng,Clementvale-LTD,
Health FX,2018-05-07,2018-09-30,0,0,6,10,9,10,mid,low-mid,low-mid,1,1,0,0,0,1,0,1,1,1,1,1,Ethereum,ETHBTC,Varun Panjwani, ,Vipula Samarakoon,3, , ,
INTRO,2018-03-26,2018-08-30,2800002,15553300,8,9,9,9,high,low-mid,low-mid,1,1,1,0,0,1,1,0,1,1,1,1,Ethereum,BTCETHLTCDASHBCHUSDEUR, , ,Oleg Obolenskiy,3,INTRO_io,IntroTechnologyICO/Smart-Contracts,
ZeroState,2018-03-21,2018-08-31,0,0,9,8,9,8,mid,low-mid,low-mid,1,1,1,1,1,1,1,1,1,1,1,1,ZeroState,BTCETHLTC,Alexey Aslezov, ,Evgeniy Sosnin,3,ZeroStateDapp,0stateapp,zerostate.app/
Vanywhere, , ,0,0,9,6,8,10,high,low-mid,mid,1,1,1,1,0,0,0,1,1,1,1,1,Qtum,BTCETHQTUM,Rami Shechter, ,Gilad Menashe,3,vVanywhere, ,vanywhere/
Cryptyk,2018-02-08,2018-08-31,34265,15553300,9,10,10,4,high,low-mid,mid,0,1,1,0,0,0,0,1,0,1,1,1,Ethereum,BTCETHUSD,Adam Weigold, ,Raghunadha Kotha,3,TeamCryptyk, ,
JSEcoin, , ,0,0,7,7,7,10,high,mid,low-mid,0,1,1,0,0,0,0,1,0,1,1,1,JSE,BTCETHUSD,James Bachini, ,John Sim,3,jsecoin, ,
Acorn Collective,2018-01-29,2018-06-24,9800000,15553300,8,9,9,5,high,mid-high,mid,1,1,1,0,0,1,1,1,0,1,1,1,Ethereum,ETH,Dr. Moritz Kurtz, ,Ed Earle,2,AcoCollective,TheAcornCollective,
BestMeta,2018-04-23,2018-06-15,3574611,15553300,10,9,8,4,low,mid,mid,0,1,1,0,0,0,0,1,0,1,1,1,Ethereum,BTCETHLTC,MICHELE PES, , ,3,bestmetagg, ,
Profede,2018-04-29,2018-09-13,9011748,15553300,9,7,8,7,mid,mid-high,mid-high,0,1,1,1,0,1,1,1,1,1,1,1,Ethereum,BTCBCH,Juan Imaz, ,Alberto Anaya,3,ProfedeOfficial,profede/profede,profede_official/
Sharpay,2017-12-11,2018-05-31,4715852,20585250,9,7,9,7,mid,mid,low-mid,0,1,1,0,1,1,1,1,0,1,1,1,Ethereum,ETHLTCBCHBTC,Anton Solodikov, ,Alexey Stukarchuk,3,sharpay_io, sharpay-io,
Chek,2018-02-20,2018-08-18,1557761,20585250,6,10,8,6,mid,low-mid,mid,1,1,1,1,0,0,1,0,1,1,1,1,Ethereum,ETHBTC,Mikhail Paley, ,Artem Garashko,3,https:charityblockchain.iolink?ll=twitter&to=1p1_blockchain,1p1-lab,oneplus1.ru/
ETH Travel,2018-06-05,2018-07-30,0,0,7,8,9,6,high,high,mid,1,1,1,0,0,1,1,0,1,1,1,1,Ethereum,ETH,Oinoun Rauli, , ,3,EthTravel,ETHTravel/,
Gamblica,2017-12-12,2018-06-01,0,0,9,6,8,7,mid,mid,mid,1,1,1,1,0,1,1,1,0,1,1,1,Ethereum,BTCETH,Dmitry Yakovlev, ,Mikhail Ignatiev,3,gamblica,gamblica-gmbc/gmbc,gamblicatokensale
LocalCoinSwap,2018-04-15,2018-06-15,10568000,20585250,9,7,8,5,high,mid-high,mid-high,1,1,1,1,0,1,0,1,0,1,1,1,Ethereum,AUDBCHBTCCADETHEURGBPNZDUSDUSDTXRP, , ,Nathan Worsley,3,Localcoinswap, ,localcoinswap/
Sandblock,2018-03-01,2018-06-16,1080039,5280802,7,5,8,10,high,high,low-mid,0,1,1,0,0,0,0,1,0,1,1,1,Ethereum,BTCETHUSD, , , ,3,sandblock_io, ,
Datareum,2018-04-28,2018-07-09,2000000,5280802,9,8,9,4,mid,mid,mid,1,1,1,0,0,1,1,1,0,1,1,1,Ethereum,ETH,Jorge Perez, ,Maximiliano Garcia,3,datareum,datareum,
Miner One,2018-02-15,2018-05-16,56286477,131288150,9,8,9,2,mid,mid,high,1,1,1,1,0,0,1,1,1,1,1,1,Ethereum,BTCETHEURLTC,Pranas Slušnys, , ,2,mineroneio,minerone,minerone.io/
Multiven,2018-03-08,2018-10-09,0,0,9,10,8,3,low-mid,low,mid,1,0,1,0,0,0,1,1,0,1,1,1,Ethereum,Accepted Currency,Peter Alfred-Adekeye, , ,3,multivengroup,Multiven-Group-BV,
ADAMANT Messenger,2018-01-30,2018-06-30,3845782,5489400,8,3,8,9,low-mid,low,mid,1,1,1,0,1,0,1,0,0,1,1,1,ADAMANT blockchain,BCHBTCDASHDOGEETHLSKLTC,Pavel Evgenov, , ,3,adamant_im, adamant-im,
Safinus,2018-01-23,2018-08-12,11000007,5489400,9,7,8,5,mid,mid,mid,0,1,1,0,0,0,0,0,0,1,1,1,Ethereum,BTCETH,Alexey Scherbin, ,Ivan Morgunov,3,SafinusICO, ,
HODLER,2018-03-01,2018-06-30,3792500,5489400,8,5,8,7,low,low,high,0,1,1,0,0,0,1,1,0,1,1,1,Ethereum,BCHBTCDASHLTC,Tobiasz Horodko, , ,3,HODLER_TECH,HODLERTECH,
Licerio,2018-04-25,2018-09-21,695781,6404300,6,6,7,9,low,low,mid-high,0,1,1,0,0,0,1,0,1,1,1,1,Ethereum,ETHBTCLTCDASHDOGE, , , ,3,LICERIO04353741,LICERIO/public,
Monaco Estate Token,2018-05-01,2018-06-30,0,0,9,8,8,3,mid,low,low-mid,1,1,1,0,0,1,1,0,0,1,1,1,Ethereum,ETH,Daniel Golding, , ,1,monacoestateico,monacoestate/Monaco-Estate-Token-Sale-Smart-Contracts,
Coalichain,2018-06-19,2018-07-04,0,0,7,8,8,5,mid,mid,mid,0,1,1,0,0,1,1,1,1,1,1,1,Ethereum,ETHBTCFiat,Ilja Šmorgun, ,Shay Galili,3,coalichain,https://gist.github.com/coalichain/  ,
EIPlatform,2018-05-14,2018-07-04,5260001,6404300,9,7,9,3,high,low-mid,mid-high,1,1,1,0,0,1,1,0,1,1,1,1,Ethereum,BTCDASHETHLTCUSD,Sergey Nevodnichiy, ,Dr .Sead Muftic,3,EIP_ECOSYSTEM,EIPlatform/EMI-Token,
TontineTrust,2018-06-03,2018-08-30,0,0,7,8,9,4,high,low,low-mid,0,1,1,0,0,1,1,1,0,1,1,1,Platform,BCHBTCDASHEOSETHEURGBPLTCUSDXRP, , , ,3,tontinetrust,TontineTrust,
ExtraLovers , , ,0,0,5,6,8,8,mid,low,mid-high,0,1,1,0,0,0,0,0,1,1,1,1,Ethereum,BTCETH,Vygantas Špakauskas, ,Aurimas Mickys,3,ExtraLovers, ,
Õpet Foundation,2018-03-15,2018-12-21,0,0,5,6,8,7,low,low,mid,1,1,1,1,1,1,0,1,1,1,1,1,Ethereum,ETH,Wilson Wang, ,Ameya Kulkarni,3,opetfoundation, ,opet_app_/
Property Coin,2018-05-01,2018-07-31,0,0,10,5,8,4,low-mid,low,mid,1,1,1,1,0,1,0,1,1,1,1,1,Ethereum,BTCETHUSD, ,Matt Miles,Pat Fogarty,1,Property_Coin, ,Property_Coin/
Send, , ,0,0,5,9,8,5,mid,low,low-mid,0,1,1,0,0,0,1,1,1,1,1,1,Ethereum,BTCETH, , , ,1,sendprotocol,SendProtocol/sdt-contracts,
ZetoChain,2018-04-30,2018-07-31,5000003,6404300,8,8,7,4,low-mid,mid,mid,1,1,1,1,0,1,1,1,1,1,1,1,Ethereum,ETHUSD,Stephen Slattery, ,Jonathan Harrington,2,zetochain,Zeto-Ltd,zetochain/
Coinjanitor,2018-05-01,2018-05-31,2415589,6404300,7,7,7,4,mid-high,low-mid,mid,1,1,1,1,0,1,0,1,1,1,1,1,Ethereum,BCHBTCBTGETCLTCUSDXMR,Marc Kenigsberg, ,Asaf Yosifov,3,CoinJanitor, ,coinjanitor/
Valorem Foundation,2017-12-15,2018-06-28,0,0,8,5,7,5,mid,low-mid,high,1,1,1,0,1,1,1,0,0,1,1,1,Ethereum,BTCETHUSD,Val Kleyman, , ,3,ValoremF,ValoremFoundation,
Ice Rock Mining,2018-01-20,2018-05-25,8175069,6404300,8,5,6,5,mid,mid,high,1,1,1,0,0,1,0,1,0,1,1,1,Ethereum,USD,Malik Murzashev, , ,3,icerockmining, ,
UUNIO,2018-03-01,2018-06-30,10,6404300,6,2,5,4,mid,low,high,0,1,1,0,0,0,0,0,1,1,1,1,UUNIO,ETHQTUM,Kiyoung Tack, , ,1,UUNIO_official, ,
Ethbay,2018-06-07,2018-08-07,0,0,0,0,0,0,low,low,high,0,0,0,0,0,0,0,0,0,1,1,1,Platform,ETH, , , ,3, , ,
Referpay Network,2018-06-04,2018-06-17,0,0,0,0,0,0,low,low,high,1,0,1,0,0,1,1,0,1,1,1,1,Ethereum,ETH, , , ,3,referpay,REFERPAYNETWORK,
108 Token,2018-05-05,2018-08-08,0,0,0,0,0,0,mid,mid,mid,0,0,1,0,0,0,0,1,0,1,1,1,Ethereum,BTCETH, , , ,0,108token, ,
3D-Chain,2018-06-01,2018-08-30,0,0,0,0,0,0,mid,mid,mid,1,1,1,0,0,1,1,0,1,1,1,1,Ethereum,ETH, , , ,3,3dChain,3dchain,
A2B Taxi,2018-03-01,2018-06-15,0,0,0,0,0,0,mid,mid,mid,0,1,1,0,0,0,0,1,0,1,1,1,Ethereum,BTCETHEURUSD, , , ,3,a2btaxitoken, ,
AbacasXchange,2018-05-01,2018-07-15,3000001,6404300,0,0,0,0,mid,mid,mid,0,1,1,0,0,1,1,1,0,1,1,1,Ethereum,ETHBTC, , , ,2,AbacasXchange,http://github.com/abacasXchange,
Abeona,2018-05-10,2018-09-30,6150001,6404300,0,0,0,0,mid,mid,mid,1,1,1,0,1,0,1,1,0,1,1,1,Ethereum,ETHBTCBCCLTCXRPDASH,Artur Manukiani, , ,3,abeonacoin,ABEONACOIN/Documentation,
ACA Network,2018-04-15,2018-09-30,0,0,0,0,0,0,mid,mid,mid,1,1,1,0,0,0,0,1,1,1,1,1,Ethereum,ETHUSDJPY,Ko Youngwook, , ,2,ACANetwork_io, ,
AcuteCoin,2018-06-01,2018-08-14,0,0,0,0,0,0,mid,mid,mid,1,1,1,1,0,1,1,0,0,1,1,1,Litecoin,BTCETH,Percy Gabriel, , ,3,acutecoin,acutecoin,https://instagram.com/acute_coin/
Advanced Miners,2018-04-30,2018-07-15,0,0,0,0,0,0,mid,mid,mid,1,1,1,0,0,1,0,0,1,1,1,1,Ethereum,LTCBCHDASHBTCETH, , , ,3,advminers, ,
ADvT,2018-06-15,2018-11-15,0,0,0,0,0,0,mid,mid,mid,0,1,1,0,1,1,1,1,1,1,1,1,Ethereum,ETH,Stefania Della, , ,0,AntiderivativeN,AntiderivativeToken,
AEN Token,2018-06-15,2018-10-20,0,0,0,0,0,0,mid,mid,mid,1,1,1,0,0,0,0,0,1,1,1,1,Ethereum,ETHBTCUSDEURLTCDASHBCHBTGETCXRPXMR, ,Serge van der Hooft, ,3,aentoken, ,
Aeternum,2018-04-02,2018-12-01,0,0,0,0,0,0,mid,mid,mid,1,1,1,0,0,1,1,0,1,1,1,1,Ethereum,BTCETH,Igors Zlotnikovs, , ,3,AeternumICO,AeternumFoundation,
AffiliateCoin, , ,0,0,0,0,0,0,mid,mid,mid,1,1,1,0,0,0,1,1,0,1,1,1,Ethereum,ETH, ,Mike Dodd, ,3,AffiliateCoin,AffiliateCoin,
Agentmile,2018-08-01,2018-10-17,12000006,6404300,0,0,0,0,mid,mid,mid,1,1,1,1,0,1,1,1,1,1,1,1,Ethereum,ETHBTCBCHLTCUSD,Wladimir Baranoff-Rossine, ,Ángel Luis Quesada Nieto,3,agentmile,AgentMile,agentmile/
Agro Tech Farm,2018-02-16,2018-07-31,924963,4803225,0,0,0,0,mid,mid,mid,1,1,1,1,0,0,0,1,0,1,1,1,Ethereum,ETH,Ilya Tsigvintsev, , ,3,agro_tech_farm, ,agrotechfarmofficial_ico/
Agrolot,2018-06-15,2018-08-28,0,0,0,0,0,0,mid,mid,mid,1,1,1,0,0,1,0,1,1,1,1,1,Ethereum,ETH,Alex Filin, ,Vitaliy Melnik,1,agrolot, ,
AIgatha,2018-06-05,2018-07-31,0,0,0,0,0,0,mid,mid,mid,0,1,1,0,1,1,1,1,1,1,1,1,Ethereum,ETH, , , ,3,a_igatha,AIgatha,
Airforce Mining,2018-05-01,2018-08-01,5000005,4803225,0,0,0,0,mid,mid,mid,1,1,1,0,0,1,0,0,0,1,1,1,Ethereum,ETHBTC,Nathaniel Gammage, , ,2,Airforce_Mining, ,
Airstayz, , ,0,0,0,0,0,0,mid,mid,mid,0,1,1,0,0,0,0,1,1,1,1,1,Ethereum,ETHBTCLTCUSD,Marc Italia, ,Ajit Mann,3,AIRSTAYZglobal, ,
AITHEON,2018-04-20,2018-06-03,25352867,4803225,0,0,0,0,mid,mid,mid,0,1,1,1,0,1,0,1,0,1,1,1,Ethereum,ETHBTCBCHLTC,Andrew Archer, , ,1,AitheonOfficial, ,aitheonofficial/
AITrading,2018-07-03,2018-08-28,0,0,0,0,0,0,mid,mid,mid,1,1,1,0,0,0,1,1,0,1,1,1,Ethereum,EURBTCETHBCHXRP,Alexey Shirobokov, , ,2,aitrading_com,aitrading/aitrading_token,
ALEhub,2018-05-25,2018-09-25,12500004,4803225,0,0,0,0,mid,mid,mid,1,1,1,1,0,1,1,0,1,1,1,1,Ethereum,BTCETHBCHLTCDASHUSD,Mikhail Gromyko, ,Ilia Shilov,3,alehub_io,effective-energy,alehub.io/
Allabout me,2018-03-07,2018-12-07,495170,4803225,0,0,0,0,mid,mid,mid,0,1,1,0,0,0,0,1,0,1,1,1,Ethereum,USD,Vitaly Artemyev, , ,3,Allaboutmeinfo, ,
Alluxe,2018-06-12,2018-09-01,0,0,0,0,0,0,mid,mid,mid,1,1,1,1,0,0,0,1,0,1,1,1,Ethereum,ETHBTCLTCDASHFiatEURUSD,Dimitri Lebed, ,Mikhail Makeev,3,ALLUXE_, ,alluxe_app/
AlphaMarket,2018-04-16,2018-10-01,0,0,0,0,0,0,mid,mid,mid,1,1,1,0,0,1,1,0,1,1,1,1,Ethereum,BTCLTCETH,Dmitry Ivanov, , ,3,alphamarket_amc,alphamarket-online,
Altair VR,2018-04-12,2018-07-31,769430,4574500,0,0,0,0,mid,mid,mid,0,1,1,0,0,0,0,0,0,1,1,1,Ethereum,ETH,Konstantin Urvantsev, ,Alexey Irkov,3,altair_vr, ,
AltIndex ,2018-06-04,2018-08-07,0,0,0,0,0,0,mid,mid,mid,1,1,1,1,0,1,1,1,0,1,1,1,Ethereum,ETH,Carles Vives, , ,3,ALTINDEX_FUND,Alt-index,altindex_fund/
AQUA Intelligence,2018-05-07,2018-09-30,0,0,0,0,0,0,mid,mid,mid,1,1,1,1,0,1,0,1,1,1,1,1,Ethereum,ETH,Anthony Gelman, ,Harsha Cuttari,3,aqua_intel, ,aquaintelligence/
Arcona,2018-04-15,2018-07-15,3259331,16410103,0,0,0,0,mid,mid,mid,0,1,1,0,0,0,0,0,0,1,1,1,Ethereum,ETHBTC,Ilia Korguzalov, ,Aleks Zaulichnyy,3,arconaico, ,
Asura coin,2018-05-21,2018-06-15,0,0,0,0,0,0,mid,mid,mid,1,1,1,0,0,1,1,1,0,1,1,1,NEO,NEO,Peter Shen, , ,1,https:www.twitter.comasuracoin,https://www.github.com/asuracoin,
Atomic Network,2018-03-27,2018-09-03,0,0,0,0,0,0,mid,mid,mid,0,1,1,1,0,1,0,0,1,1,1,1,Ethereum,ETH,Sky Conway, , ,0,AtomicTokenSale, ,atomictokensale/
Attrace,2018-06-21,2018-09-06,0,0,0,0,0,0,mid,mid,mid,1,1,1,0,0,0,1,1,0,1,1,1,Ethereum,ETH,Erwin Werring, , ,3,attracenetwork,attrace,
Augmate, , ,0,0,0,0,0,0,mid,mid,mid,0,1,1,0,0,0,0,1,0,1,1,1,IOTA's Tangle,ETHUSD,Pete Wassell, ,Dave Evans,1,augmate, ,
AutoBay,2018-05-09,2018-08-21,2500001,16410103,0,0,0,0,mid,mid,mid,1,1,1,1,0,1,1,1,0,1,1,1,Ethereum,ETHBTC, , ,Lucas Taylor,3,Autobayi,Autobayio,autobayio/  
AXenS,2018-03-26,2018-07-31,0,0,0,0,0,0,mid,mid,mid,0,0,0,0,0,0,0,1,0,1,1,1,Ethereum,ETHBTCLTCUSDEURGBPAUD,Samson Assefa, ,Nicolas Merle,3, , ,
B21,2018-03-27,2018-07-31,0,0,0,0,0,0,mid,mid,mid,1,1,1,0,0,1,1,1,1,1,1,1,Ethereum,BCHBTCEOSETH, , ,Lance Taschner,2,B21Official,bpmn-io/bpmn-js/milestone/22,
Baanx,2018-05-01,2018-05-24,3608254,16410103,0,0,0,0,mid,mid,mid,0,1,1,0,0,0,0,1,1,1,1,1,Ethereum,BCHBTCETH,Garth Howat, , ,3,baanxcom, ,
BeANKH,2018-06-15,2018-10-14,0,0,0,0,0,0,mid,mid,mid,1,0,1,0,0,0,0,1,0,1,1,1,Ethereum,ETHBTC, , , ,3,ankhlabs, ,
Beaxy,2018-06-16,2018-07-15,0,0,0,0,0,0,mid,mid,mid,1,1,1,0,0,1,1,1,0,1,1,1,Ethereum,ETH,Artak Hamazaspyan, , ,3,BeaxyExchange    ,beaxyexchange ,
Betley,2018-06-01,2018-09-01,0,0,0,0,0,0,mid,mid,mid,0,0,1,0,1,1,0,0,1,1,1,1,Ethereum,ETH, ,David Holman, ,3,betley_social, ,
Bezant,2018-02-24,2018-05-04,3762814769,16410103,0,0,0,0,mid,mid,mid,0,1,1,0,0,0,0,0,1,1,1,1,Ethereum,Accepted Currency,Chan Joon Kim, , ,3,bezant_io, ,
BFEX,2018-05-01,2018-08-31,0,0,0,0,0,0,mid,mid,mid,0,1,1,0,0,0,0,1,0,1,1,1,Ethereum,ETH, ,Daniel Jaeger,Sam Roberts,3,officialbfex, ,
BGX,2018-04-24,2018-10-03,0,0,0,0,0,0,mid,mid,mid,1,1,1,0,0,0,1,0,0,1,1,1,Ethereum,ETHLTCBTC, ,Соstа Zаkhаrоv, ,3,BGXGlobal	, BGXTechnology/BGX,
Bidium,2018-05-25,2018-06-15,0,0,0,0,0,0,mid,mid,mid,1,1,1,0,0,1,0,1,0,1,1,1,Ethereum,ETHBTC,Nausheen Ahmad, ,Garima Singh,3,bidiumofficial, ,
BIG Token,2018-02-27,2018-07-09,0,0,0,0,0,0,mid,mid,mid,0,1,1,1,0,1,0,0,0,1,1,1,Ethereum,ETH,Yen Ong, ,Stephen Lee,1,Bigtoken_io, ,bigtoken_io/
Bigbom Eco,2018-03-28,2018-06-10,0,0,0,0,0,0,mid,mid,mid,1,1,1,0,0,1,1,0,1,1,1,1,Ethereum,ETHTOMOKNC,Nguyen Van Vung, ,Co Le Quoc Tuan,3,bigbomglobal,bigbomio,
BINEX.TRADE,2018-03-09,2018-07-06,2716320,16410103,0,0,0,0,mid,mid,mid,1,1,1,0,0,1,0,0,1,1,1,1,Ethereum,BCHBTCETHLTCXRP, ,Vishal Gupta, ,3,BinexTrade, ,
Bitacium,2018-06-01,2018-07-31,3022501,16410103,0,0,0,0,mid,mid,mid,1,1,1,0,1,1,1,0,0,1,1,1,Ethereum,ETHBTCBCHLTCBTGDASHETCXRP, , , ,3,Bitacium,Bitacium,
Bitbose,2018-06-01,2018-11-30,0,0,0,0,0,0,mid,mid,mid,1,1,1,1,1,1,1,1,1,1,1,1,Ethereum,BTCETH, , ,Navdeep Garg,1,Bitbosecoin,Bitbose,bitbose/
BitChord,2018-04-11,2018-08-27,0,0,0,0,0,0,mid,mid,mid,1,1,1,0,1,0,0,1,1,1,1,1,Ethereum,ETH, , , ,3,bit_chord, ,
Bitcoin Empire,2018-04-04,2018-06-28,0,0,0,0,0,0,mid,mid,mid,0,1,1,0,0,0,0,0,0,1,1,1,Ethereum,ETH, , , ,2,BitcoinEmpireCG, ,
BitFence,2018-04-01,2018-07-01,6562241,16410103,0,0,0,0,mid,mid,mid,1,1,1,1,0,1,1,1,0,1,1,1,Ethereum,BTCDASHETHLTC, , , ,3,BitFence_, BitFence/         ,bitfence/
BitImage,2018-04-26,2018-07-19,0,0,0,0,0,0,mid,mid,mid,1,0,1,0,0,1,1,1,0,1,1,1,Ethereum,ETH, , , ,3,BitImage_io,bitimage-io/bitimage-token,
BitNautic,2018-05-01,2018-07-30,4072219,22872500,0,0,0,0,mid,mid,mid,1,1,1,1,1,1,1,1,0,1,1,1,Ethereum,ETH, , , ,3,BitNautic,Bitnautic,bitnautic/	
BitProperty,2018-05-01,2018-07-11,787728,3796835,0,0,0,0,mid,mid,mid,1,1,1,0,0,0,0,0,0,1,1,1,Ethereum,ETHBTCLTCFiat,Nikolay Plekhanov, , ,2,nnplekhanov, ,
Bitto Exchange,2017-12-22,2018-08-15,1635598,3796835,0,0,0,0,mid,mid,mid,1,1,1,1,0,1,0,1,0,1,1,1,Ethereum,ETH, ,Nic Chin, ,2,BittoExchange, ,bittoexchange/
Bityond,2018-05-15,2018-07-15,9606,182980,0,0,0,0,mid,mid,mid,1,1,1,0,1,0,1,1,0,1,1,1,Ethereum,ETH, , ,Miguel Moura,2,bityondpower,Bityond/Smart-Contracts,
Bixtrim,2018-06-01,2018-09-30,0,0,0,0,0,0,mid,mid,mid,0,1,1,1,0,0,0,0,0,1,1,1,Ethereum,BTCDASHETHLTCUSD,Artur Arabyan, ,Roman Akopov,0,bixtrim_llc, ,bixtrim/
BizShake,2018-10-01,2018-10-31,0,0,0,0,0,0,mid,mid,mid,1,1,1,0,0,1,0,1,1,1,1,1,NEO,NEOGAS,Giuseppe Lo Presti, , ,3,BizShake_ico, ,
Black Insurance,2018-07-31,2018-09-30,0,0,0,0,0,0,mid,mid,mid,1,1,1,0,0,1,1,1,1,1,1,1,Ethereum,BTCLTCETH, , ,Chris Williams,3,BlackInsure,BlackInsurance,
Blockchain Hotels,2018-02-25,2018-06-30,6000,182980,0,0,0,0,mid,mid,mid,1,1,1,1,0,0,0,1,0,1,1,1,Ethereum,BTCDASHETHLTC,Pawel Alva Nazaruk, , ,1,hotel_coin , ,blockchainhotels24/
BlockFollow,2018-07-09,2018-08-27,0,0,0,0,0,0,mid,mid,mid,1,1,1,1,0,0,0,0,1,1,1,1,Ethereum,ETH,Dániel Tóth, , ,3,BlockFollow_com, ,blockfollownetwork/
Blockshipping GSCP, , ,0,0,0,0,0,0,mid,mid,mid,1,1,1,1,0,1,1,1,0,1,1,1,Ethereum,ETHBTCUSDEUR,Peter Ludvigsen, ,Jesper Vedelsby,1,Blockshipping,Blockshipping,blockshipping/
Boomstarter.Network,2018-06-04,2018-09-30,0,0,0,0,0,0,mid,mid,mid,1,1,0,0,0,0,1,1,1,1,1,1,Ethereum,BTCETHUSD,Maria Dokshina, , ,3, ,mixbytes/boomstarter-ico/tree/master/contracts,
Borneo First,2018-04-11,2018-08-31,22800003,182980,0,0,0,0,mid,mid,mid,0,1,1,0,0,0,0,0,1,1,1,1,Ethereum,ETHBTC,Agus Arbyana, ,Fidens Simanjuntak,3,Borneo_ICO, ,
Bountie,2018-06-11,2018-07-26,2744700,17154375,0,0,0,0,mid,mid,mid,1,1,1,1,0,1,0,1,0,1,1,1,Ethereum,ETH, , , ,1,BountieGaming , ,bountieofficial/
Bounty Angels,2018-09-03,2018-12-19,0,0,0,0,0,0,mid,mid,mid,1,1,1,0,0,1,0,1,0,1,1,1,Ethereum,ETHBTC,Anatoly Krasovsky, ,Andrew Tar,1,BA_Platform, ,
Box2Table,2018-05-31,2018-08-27,0,0,0,0,0,0,mid,mid,mid,1,1,1,0,0,0,0,1,0,1,1,1,Ethereum,ETH, , , ,3,Box2Table, ,
Brainerz,2018-06-15,2018-08-15,0,0,0,0,0,0,mid,mid,mid,1,1,1,1,1,1,1,0,0,1,1,1,Ethereum,ETHBTC,Daniel Shoshani, , ,3,Play_BrainerZ,BrainerZ   ,brainerz.io/
Bryllite,2018-07-09,2018-07-27,0,0,0,0,0,0,mid,mid,mid,1,1,1,0,0,1,1,0,0,1,1,1,Ethereum,ETHBTCBCHETCXRPADA, , , ,2,Bryllite_,bryllite,
Buzcoin,2018-04-18,2018-09-16,0,0,0,0,0,0,mid,mid,mid,1,1,1,1,0,1,0,1,1,1,1,1,Ethereum,BTCDASHETHLTCXRP, , ,Dmitrii Borodin,1,buzarplatform, ,buzcoin
C. 6-4 B,2018-07-13,2019-07-13,0,0,0,0,0,0,mid,mid,mid,1,1,1,1,0,0,0,0,0,1,1,1,Ethereum,ETH, , , ,3,c64_bc, ,c.64bc/
Calfin Global Crypto Exchange,2018-05-01,2018-06-30,6404300,53817620,0,0,0,0,mid,mid,mid,1,1,1,1,0,1,1,1,1,1,1,1,Ethereum,BTCETH,Anandh Swami, ,Don Asok,3,CGCXofficial,cgcx,cgcxofficial/
Carboneum Token,2018-03-08,2018-06-30,0,0,0,0,0,0,mid,mid,mid,1,1,1,0,1,0,1,0,1,1,1,1,Ethereum,ETH,Max Kortrakul, , ,2,carboneum_io, CarboneumProject,
Cardium,2018-04-16,2018-06-30,0,0,0,0,0,0,mid,mid,mid,1,1,1,1,0,1,1,1,1,1,1,1,Ethereum,ETH,Philipp Klimov, ,Sergey Chernikov,3,Cardium_world   , Cardium-world,cardiumworld/
Cargo Chain,2018-05-21,2018-07-02,0,0,0,0,0,0,mid,mid,mid,1,1,1,0,0,0,0,1,0,1,1,1,Stellar,ETHFiat, , , ,3,CargoChainOne, ,
CargoCoin,2018-04-01,2018-06-30,0,0,0,0,0,0,mid,mid,mid,1,1,1,0,1,1,1,1,1,1,1,1,Ethereum,ETHBTCLTCXRPDASHUSDDOGE, , , ,2,thecargocoin,CargoCoinRepo/Cargo-Coin,
Carmel,2018-03-01,2018-12-03,0,0,0,0,0,0,mid,mid,mid,0,0,0,0,0,0,1,0,0,1,1,1,Ethereum,ETH, , , ,3, ,fluidtrends/carmel,
Casper API,2018-06-30,2018-07-30,10400003,53817620,0,0,0,0,mid,mid,mid,1,1,1,0,0,1,1,0,1,1,1,1,Ethereum,ETHBTC, , ,Stanislav Kapulkin,3,CasperAPI,Casper-dev/	 ,
Centaure, , ,0,0,0,0,0,0,mid,mid,mid,1,1,1,1,0,1,1,0,1,1,1,1,Ethereum,ETHBTC,Raza Rizvi, , ,2,CentaureToken,centaureio/,centauretoken/
Check Car,2018-05-31,2018-07-31,0,0,0,0,0,0,mid,mid,mid,1,1,1,1,0,1,1,1,1,1,1,1,Ethereum,BTCETHLTCDASH, ,Yuri Epstein, ,2,CheckCar_io,Check-Car,checkcar.io/
Chimaera,2018-03-23,2018-05-19,2000000,53817620,0,0,0,0,mid,mid,mid,0,1,1,0,0,0,0,1,0,1,1,1,Ethereum,BTCDASHETCETHLTCZEC,Andrew Colosimo, , ,3,chimaera_tech, ,
Clear shop vision,2018-05-05,2018-07-08,0,0,0,0,0,0,mid,mid,mid,1,1,1,0,0,1,0,0,1,1,1,1,Ethereum,ETH,Tamas Toth, , ,3,ClearLtd, ,
ClearAid, , ,0,0,0,0,0,0,mid,mid,mid,1,1,1,0,0,0,0,1,0,1,1,1,Ethereum,ETH,Helvis Smoteks, ,Rudi Ullon,3,Clear_Aid, ,
ClearCost,2018-05-21,2018-08-31,0,0,0,0,0,0,mid,mid,mid,1,1,1,1,0,0,0,0,1,1,1,1,Platform,ETHBTC, , , ,3,clearcostclub, ,clearcostclub
Clears,2018-02-22,2018-08-14,10103240,22872500,0,0,0,0,mid,mid,mid,1,0,1,0,0,1,1,0,1,1,1,1,Ethereum,ETH,Florian Seroussi, ,Alexandre Gonzales,2,clearsconnect,clearstoken,
Code of Talent,2018-07-09,2018-09-19,0,0,0,0,0,0,mid,mid,mid,1,1,1,0,0,1,0,1,1,1,1,1,Ethereum,ETH,Bogdan Ciubotaru, , ,3,CodeOfTalent, ,
Coin Pennant ,2018-06-01,2018-06-30,0,0,0,0,0,0,mid,mid,mid,1,1,1,0,0,1,1,0,1,1,1,1,Ethereum,ETH,Samo Music, ,"Crt Gerlec, PhD",2,coinpennantdev,coinpennant,
Coinadvisor,2018-04-06,2018-11-25,0,0,0,0,0,0,mid,mid,mid,0,1,1,0,0,0,0,1,0,1,1,1,Ethereum,Accepted Currency, ,Filippo La Ganga, ,3,coin_advisor, ,
Coinnup,2018-05-11,2018-10-29,11492255,22872500,0,0,0,0,mid,mid,mid,1,0,1,1,0,1,0,1,1,1,1,1,Ethereum,ETHBTCNEOLTCBCH, , , ,2,coinnup, ,coinnup/
CoinPayo,2018-04-25,2018-08-02,0,0,0,0,0,0,mid,mid,mid,0,1,1,0,0,1,1,1,0,1,1,1,Ethereum,ETH, , , ,3,coinpayo,Coinpayo1,
Conda,2017-12-20,2018-08-01,6044744,15817706,0,0,0,0,mid,mid,mid,1,1,1,1,1,1,1,1,1,1,1,1,Ethereum,ETHDASHEUR, ,Daniel Horak, ,3,conda_austria,conda-ag,conda_crowdinvesting/
Cool Cousin,2018-04-10,2018-06-06,7610595,8005375,0,0,0,0,mid,mid,mid,1,1,1,1,0,1,0,1,0,1,1,1,Ethereum,ETH,Itay Nagler, ,Gil Azrielant,3,coolcousinco, ,coolcousinofficial/
Cosmecoin,2018-04-17,2018-11-12,0,0,0,0,0,0,mid,mid,mid,1,1,1,0,0,1,1,1,1,1,1,1,Ethereum,ETHBTCLTCNEOGBPEURUSD,Richard Crawford-Small, , ,3,Cosmecoin,Cosmecoin,
Coti, , ,10,8005375,0,0,0,0,mid,mid,mid,0,1,1,0,0,0,0,1,0,1,1,1,Ethereum,BTCETHEURUSD,Shahaf Bar-Geffen, , ,3,COTInetwork, ,
CoTrader,2018-06-01,2018-07-31,0,0,0,0,0,0,mid,mid,mid,0,1,1,0,0,1,0,1,1,1,1,1,Ethereum,ETH,Gary Bernstein, ,Eliezer Steinbock,3,cotrader_com, ,
Countinghouse Fund,2018-04-03,2018-06-12,1987620,9149000,0,0,0,0,mid,mid,mid,1,1,1,0,0,1,1,1,0,1,1,1,Ethereum,ETH, , , ,3,CountinghouseFd,Countinghouse,
CoVEX,2018-05-12,2018-09-30,0,0,0,0,0,0,mid,mid,mid,1,1,1,1,0,1,1,0,1,1,1,1,Ethereum,ETH,J. Mohan, ,Junaid Nawaz,3,CoVEXcoin,CoVEXcoin,covexcoin/
CPROP,2018-06-21,2018-07-10,0,0,0,0,0,0,mid,mid,mid,1,1,1,0,0,1,0,1,0,1,1,1,Ethereum,ETH, ,Adam Koehler, ,3,cryptoproperty, ,
Crosspays,2018-05-14,2018-08-05,0,0,0,0,0,0,mid,mid,mid,1,1,1,1,0,0,1,0,1,1,1,1,Ethereum,ETHBTCLTCBCHZEC, , , ,3,crosspays,crosspays/erc20-delivery-contract,http://instagram.com/crosspays
CrowdIF, , ,0,0,0,0,0,0,mid,mid,mid,1,1,1,0,0,1,0,0,0,1,1,1,Ethereum,ETHBTC,Anton Berislav, , ,3,https:www.twitter.comcrowdif, ,
CrowdPrecision,2018-07-22,2018-08-19,0,0,0,0,0,0,mid,mid,mid,1,1,1,0,0,1,1,0,0,1,1,1,Ethereum,ETH,Thomas Tran-Gia, ,Dr. Matthias Hirth,3,CrowdPrecision,CrowdPrecision,
CrowdVilla,2018-05-01,2018-07-30,0,0,0,0,0,0,mid,mid,mid,1,1,1,1,0,1,1,0,1,1,1,1,Ethereum,ETH, , ,Hendrik Tanjaya Tan,3,crowdvillaio,reidao,crowdvillaio/
Cryde,2018-04-23,2018-06-26,0,0,0,0,0,0,mid,mid,mid,1,1,1,0,0,0,1,0,0,1,1,1,Ethereum,ETHBTCLTCBCHZECXMRDASH, , ,Daniel Toth,3,crydeio,crydeio,
Cryptectum ,2018-05-27,2018-06-17,0,0,0,0,0,0,mid,mid,mid,1,1,1,0,0,0,1,1,0,1,1,1,Ethereum,ETH,Eduard Salm, , ,3,cryptectum,cryptectum/Smart-Contract,
Crypto Cashback Rebate,2018-03-18,2018-06-18,45000002,9149000,0,0,0,0,mid,mid,mid,1,1,1,1,0,0,1,0,1,1,1,1,Ethereum,ETHBTCLTCETCXRPBCH,Vladimir Kapal, , ,3,cryptocashbackr,cryptocashbackrebate,cryptoslate/
Crypto Police, , ,0,0,0,0,0,0,mid,mid,mid,1,1,1,0,0,1,1,1,0,1,1,1,Ethereum,ETH, , ,Elvijs Teikmanis,3,CryptoPolicecom,CryptoPolicePlatform,
CryptoAds Marketplace,2018-04-04,2018-07-16,3230373,9149000,0,0,0,0,mid,mid,mid,1,1,1,0,0,0,0,1,1,1,1,1,Ethereum,BTCBCHLTCETH,Oleksii Vinogradov, ,Andriy Mykhailyshyn,3,CallsFreeCalls, ,
Cryptoflix,2018-05-15,2018-06-15,0,0,0,0,0,0,mid,mid,mid,1,1,1,0,0,0,0,0,0,1,1,1,Ethereum,ETH,Christian Falkenberg Husum, , ,3,Crypto_Flix, ,
CryptoHIT,2018-03-31,2018-10-05,1436910,9149000,0,0,0,0,mid,mid,mid,1,1,1,0,0,0,0,1,0,1,1,1,Ethereum,BTCETHLTCBCHUSD,Yury Sotnikov, , ,3,cryptohitio, ,
Cryptonia Poker,2018-04-10,2018-07-01,6278501,16634711,0,0,0,0,mid,mid,mid,1,1,1,0,0,1,1,0,1,1,1,1,Ethereum,ETHBTC,Lakshay Anand, , ,1,CryptoniaPoker,OnGridSystems/CryptoniaPokerContracts,
Cryptoriya,2018-05-15,2018-08-14,0,0,0,0,0,0,mid,mid,mid,1,0,1,1,0,0,1,1,1,1,1,1,Ethereum,ETH,Gringamor Greenhand, , ,3,cryptoriya,cryptoriya,http://instagram.com/cryptoriya
Cubomania,2018-04-20,2018-07-14,9806355,14546910,0,0,0,0,mid,mid,mid,1,1,1,0,0,0,1,1,1,1,1,1,Ethereum,BTCETHBCHLTCDASH, , ,Yaroslav Krainyk,3,Cubomania_ICO,Cubomania,
CyBit,2018-05-10,2018-09-20,3040001,14546910,0,0,0,0,mid,mid,mid,1,1,1,1,0,1,0,1,1,1,1,1,Ethereum,ETHBTCLTC, , , ,3,CybitCorp, ,cybitcorp/
Czero,2018-06-10,2018-07-23,0,0,0,0,0,0,mid,mid,mid,1,1,1,0,0,1,1,1,1,1,1,1,Ethereum,ETH,Pratik Batra, , ,3,CZeroMobility,contactczero/czeromobilitytoken,
D-ZoneCoin,2018-06-01,2018-07-04,0,0,0,0,0,0,mid,mid,mid,0,0,1,0,0,0,0,0,0,1,1,1,Ethereum,Accepted Currency,Samheum Yun, , ,3, dzonecoin, ,
Dafzo,2018-03-29,2018-06-30,0,0,0,0,0,0,mid,mid,mid,1,1,1,0,0,0,0,1,1,1,1,1,Ethereum,ETHBTCBCH,Prateek Sharma, ,Deekshith Marla,3,dafzo_io, ,
Dakuce,2018-05-01,2018-06-30,0,0,0,0,0,0,mid,mid,mid,1,1,1,1,1,1,1,1,1,1,1,1,Ethereum,BTCETHLTCUSDT, , , ,2,dakucecom,DakuceExchange,dakuceexchange/
Data Blockchain,2018-05-27,2018-07-21,0,0,0,0,0,0,mid,mid,mid,0,1,1,0,0,1,0,1,0,1,1,1,Ethereum,BTCETHLTC,Scott Hirsch, ,Jesse Brown,2,DBC_IO, ,
Dataeum,2018-07-02,2018-09-30,0,0,0,0,0,0,mid,mid,mid,1,1,1,0,0,1,1,1,1,1,1,1,Ethereum,ETHBTCFiat,Charly Pham, ,Alain Rabahi,3,dataeum,Dataeum,
DateCoin,2018-03-30,2018-05-30,5279430,12579875,0,0,0,0,mid,mid,mid,1,1,1,1,0,1,1,1,1,1,1,1,Ethereum,BTCETH,Nikita Anufriev, , ,2,Date_coin,datecoin/DateCoin,datecoin.io/
DAV,2018-02-06,2018-06-25,11836061,24833130,0,0,0,0,mid,mid,mid,1,1,1,0,0,1,1,1,0,1,1,1,Ethereum,ETH,Noam Copel, ,Tal Ater,3,DavNetwork,DAVFoundation,
Decem,2018-04-30,2018-09-20,0,0,0,0,0,0,mid,mid,mid,0,1,1,0,0,0,0,1,1,1,1,1,Ethereum,ETH,Iztok Levac, ,Peter Pišljar,2,decem_io, ,
Deedcoin,2018-01-01,2018-12-31,0,0,0,0,0,0,mid,mid,mid,1,1,1,1,0,1,1,1,1,1,1,1,Ethereum,ETHBTCLTC, ,Matthew Herrick, ,3,DeedToken,TeamDeedCoin/DeedCoin,deedcoin/
DeskBell Chain,2018-05-21,2018-11-01,0,0,0,0,0,0,mid,mid,mid,1,1,1,0,0,0,0,0,1,1,1,1,Ethereum,ETHETCBTCBCHLTC, , , ,3,deskbellservice, ,
Developeo,2018-03-19,2018-09-06,0,0,0,0,0,0,mid,mid,mid,1,1,1,0,0,1,1,0,1,1,1,1,Ethereum,ETH,Aytunc Ozturk, ,Berk Cengiz,1,developeo,developeo/devx,
Dicegame,2018-04-27,2018-08-16,0,0,0,0,0,0,mid,mid,mid,1,1,0,1,0,0,0,1,1,1,1,1,Graphene,ETHBTC, , ,Vasily Rusakov,3, , ,dicegameteam/?hl=en
Dimensions Network,2018-06-28,2018-07-28,4574,13723500,0,0,0,0,mid,mid,mid,1,1,1,0,0,1,1,1,1,1,1,1,Ethereum,BTCETHUSDT,Stephen Mullens, ,Manu Datta,1,Dimensions_DST,DimensionsNetwork ,
Direct Home,2018-05-15,2018-07-15,0,0,0,0,0,0,mid,mid,mid,1,1,1,0,0,0,0,1,1,1,1,1,Ethereum,ETH,Kiegan Chia, ,Daniel Teo,2,DirectHomeICO, ,
Diro, , ,0,0,0,0,0,0,mid,mid,mid,1,1,1,0,0,1,1,1,0,1,1,1,Ethereum,BTCETHUSD,Vishal Gupta, ,Arjun Singh,0,DiroLabs,dirofoundation,
DiscoveryIoT,2018-06-15,2018-09-15,0,0,0,0,0,0,mid,mid,mid,0,1,1,1,1,1,0,1,1,1,1,1,Ethereum,ETHBTC,Selvam VMS, ,Kumar Thirumalaiswamy,3,discovery_iot, ,discoveryiot/
Dizcovery Network,2018-06-08,2018-08-31,0,0,0,0,0,0,mid,mid,mid,1,1,1,0,0,0,0,0,1,1,1,1,Ethereum,ETHBTCLTC, , ,Tony Ini,3,dizcoveryICO, ,
Dona,2018-05-08,2018-08-31,0,0,0,0,0,0,mid,mid,mid,1,1,1,0,0,0,0,0,0,1,1,1,NEM,BTCETHXEM,Kouhei Wada, , ,3,dona_partners, ,
Dorado,2018-02-07,2018-05-16,26596143,34994925,0,0,0,0,mid,mid,mid,1,1,1,0,0,1,0,1,0,1,1,1,Ethereum,BTCETHLTCUSD, , , ,2,Dorado_ICO, ,
Dream,2018-06-23,2018-08-03,0,0,0,0,0,0,mid,mid,mid,1,1,1,0,0,1,1,1,1,1,1,1,Ethereum,ETH,Richard Foster, ,Frank Fichtenmueller,1,dream_ecosystem,,
DreamTeam,2018-04-12,2018-05-19,10019437,34994925,0,0,0,0,mid,mid,mid,0,1,1,0,0,0,0,1,0,1,1,1,Ethereum,BTCETH,Alexander Kokhanovskyy, , ,0,DreamTeam_Token, ,
DUCATUR,2018-05-01,2018-06-30,914900,7181965,0,0,0,0,mid,mid,mid,0,1,1,0,0,0,1,0,0,1,1,1,"EOS, Ethereum, NEO",ETHNEOBTCEOS,George Bell, ,Ivan Kocheshev,2,ducatur,DucaturFw,
Dylyver,2018-05-16,2018-10-31,1800031,7181965,0,0,0,0,mid,mid,mid,1,1,1,1,0,1,0,1,1,1,1,1,Ethereum,ETHBTCDASHBCHLTC,Tatjana Gomba, , ,3,dylyver, ,dylyver/
Ecomi,2018-04-15,2018-09-30,7500003,7181965,0,0,0,0,mid,mid,mid,1,1,1,0,0,0,0,1,1,1,1,1,Ethereum,ETH, , ,Mikel Duffy,3,ecomi_?s=07, ,
Engagement Token,2018-01-15,2018-06-01,0,0,0,0,0,0,mid,mid,mid,1,1,1,0,0,0,0,1,0,1,1,1,Ethereum,ETH,Constantine Goltsev, ,Nick Urmach,3,EGT_Token, ,
Engyo,2018-07-01,2018-09-30,0,0,0,0,0,0,mid,mid,mid,0,1,0,1,0,1,0,1,1,1,1,1,Ethereum,ETH,Mădălin Margan, ,Alexandru Nechifor,3, , ,engyocurrency/?hl=en
Enkronos,2018-06-14,2018-11-20,0,0,0,0,0,0,mid,mid,mid,1,1,1,1,0,1,1,1,1,1,1,1,Ethereum,ETH,Gianluca Busato, ,Jure Veler,1,enkronos,enkronos/ico,enkronos
ENTRY,2018-03-15,2018-08-31,0,0,0,0,0,0,mid,mid,mid,1,1,1,1,0,1,1,1,1,1,1,1,Ethereum,EURUSDETHBTCBCHLTCDASH,Tomas Ambrazas, , ,3,EntryMoneyICO,EntryMoney,entrymoneyico
EQUI,2018-05-15,2018-06-30,7000000,7181965,0,0,0,0,mid,mid,mid,1,1,1,0,0,1,0,0,1,1,1,1,Ethereum,BTCETHLTCXRP, ,Baroness Mone, ,3,equi_capital, ,
Eternal Trusts,2018-03-22,2018-08-01,0,0,0,0,0,0,mid,mid,mid,1,1,1,0,0,1,1,1,1,1,1,1,Ethereum,BTCETHBCHLTCDASH,Kirill Silvestrov, , ,3,Eternal_Trusts,eternaltrusts,
Etheal,2018-05-09,2018-07-22,1000000,7181965,0,0,0,0,mid,mid,mid,1,1,1,0,0,1,1,1,1,1,1,1,Ethereum,ETH, , ,Viktor Tabori,3,etheal_com,thesved/etheal-sale,
Ethereum Pink,2018-06-15,2018-09-20,4574500,9149000,0,0,0,0,mid,mid,mid,1,1,1,1,0,0,1,0,1,1,1,1,Ethereum,ETH, , ,Rayn Armstrong,3,Ethereum_Pink,Ethereum-Pink/Smart-Contracts,ethereum_pink/?hl=en
EtherInc,2018-06-07,2018-07-25,10000005,9149000,0,0,0,0,mid,mid,mid,1,1,1,0,0,1,1,1,1,1,1,1,Ethereum,BTCETHLTC,Tarun Malik, ,Suryansh Kumar,3,eIncHQ,etherinc/,
EXMO,2018-09-10,2018-10-10,10,9149000,0,0,0,0,mid,mid,mid,1,1,1,0,0,1,1,1,1,1,1,1,Ethereum,BTCDASHETHLTC, ,Edward Anufriev, ,3,EXMOcoin,EXMOcoin/crowdsale,
Exotic Coin,2018-09-08,2018-10-28,0,0,0,0,0,0,mid,mid,mid,0,0,0,0,0,1,1,1,1,1,1,1,Ethereum,USDBTCETHACH, , ,Steph Van Der Stap,1, ,CryptoStripInc/EXoticCoin,
Fair Ninja ,2018-04-29,2018-07-14,0,0,0,0,0,0,mid,mid,mid,1,1,1,1,0,0,0,0,0,1,1,1,Ethereum,BTCETHLTC,Zeljko Hudoletnjak, ,Hrvoje Lozancic,1,fairninja, ,fairninja/
FairWin,2018-07-07,2018-08-07,0,0,0,0,0,0,mid,mid,mid,0,1,1,1,0,0,1,1,1,1,1,1,Ethereum,ETHBTCZECUSD,Roman Morozov, , ,3,FairwinGambling,fairwindev/,fairwin_team/
Fast Invest,2017-12-04,2019-04-01,67000004,9149000,0,0,0,0,mid,mid,mid,1,1,1,1,0,1,1,1,1,1,1,1,Ethereum,ETHBTC, , , ,3,FASTINVEST_COM,fast-invest,fastinvestcom/
Fatum,2018-08-21,2019-03-30,0,0,0,0,0,0,mid,mid,mid,0,0,1,0,0,0,0,0,1,1,1,1,Ethereum,ETH, , , ,3,fatum_project, ,
Feedchain,2018-06-10,2018-09-30,0,0,0,0,0,0,mid,mid,mid,1,1,1,0,0,1,0,1,1,1,1,1,Ethereum,ETHBitcoinXRPDASH, , , ,3,feedchain, ,
FIFA,2018-06-05,2018-08-31,0,0,0,0,0,0,mid,mid,mid,1,1,1,0,0,0,0,0,1,1,1,1,Ethereum,ETH, , , ,3,FIFA_ICO, ,
Find.Exchange, , ,7000002,9149000,0,0,0,0,mid,mid,mid,1,1,1,1,0,1,0,1,1,1,1,1,Ethereum,ETHBTCLTCDASH, , , ,1,findexchange, ,find.exchange/
Flipnpik,2018-05-01,2018-10-31,4574,45745000,0,0,0,0,mid,mid,mid,0,1,1,0,0,0,0,1,0,1,1,1,FlipNpik platform,BTCDASHDOGEETHEURLTC,Henri Harland, ,Serge Helou,3,flipnpik, ,
Fluence.ai,2018-04-15,2018-05-15,1097880,1829800,0,0,0,0,mid,mid,mid,1,1,1,0,0,0,1,1,0,1,1,1,Ethereum,ETH, , ,Dmitry Kurinskiy,1,FluenceAI,FluenceLabs,
Flux,2018-04-17,2018-05-31,2900912,1829800,0,0,0,0,mid,mid,mid,1,1,1,1,0,1,1,1,0,1,1,1,Ethereum,BNBBTCDASHETCETHEURKCSLTCUSDUSDTZEC,Alexandr Sushko, ,Dmitry Lut,3,FLUX_PLAY,fluxgames,flux.games/
Fluxorin,2018-06-04,2018-08-27,0,0,0,0,0,0,mid,mid,mid,0,1,1,1,0,0,1,0,0,1,1,1,Ethereum,ETHBTC, , , ,3,fluxorin_io,http://www.github.com/FLUXORIN2018,http://www.instagram.com/fluxorin
Fondocoin,2018-06-08,2018-08-08,28014798,1829800,0,0,0,0,mid,mid,mid,1,1,1,0,0,1,1,1,1,1,1,1,Ethereum,ETHBTC,Edward Rogers, ,Joseph Singleton,3,Fondo_Platform,fondolimited,
Free Market Token, , ,0,0,0,0,0,0,mid,mid,mid,0,1,1,0,0,1,0,0,0,1,1,1,NEM,BTCETHXEM, , , ,3,freemarkettoken, ,
FXPay,2018-04-01,2018-10-31,0,0,0,0,0,0,mid,mid,mid,1,1,1,0,0,0,0,1,0,1,1,1,Ethereum,ETHBTCBCHUSDT,Patrix Liu, , ,3,fxpayglobal, ,
Galleon Quest,2018-03-13,2018-09-12,6195001,1829800,0,0,0,0,mid,mid,mid,0,1,1,0,0,0,0,1,1,1,1,1,Ethereum,BTCETHUSD, , , ,3,https:www.twitter.comgalleonquest, ,
Game Protocol,2018-08-01,2018-09-30,0,0,0,0,0,0,mid,mid,mid,0,1,1,0,0,1,1,0,1,1,1,1,Ethereum,ETH,Jonathan Swerdlow, ,Moshe Elbaz,3,GameProtocolTKN,Game-Protocol,
Game X Coin, , ,0,0,0,0,0,0,mid,mid,mid,0,0,1,0,0,0,1,1,1,1,1,1,EOS,ETH,Kai Kim, ,Jinhwan Yang,2,GXC_Official,game-x-coin,
GIG9,2018-04-20,2018-09-15,5646305,16925650,0,0,0,0,mid,mid,mid,1,1,1,0,0,1,1,1,1,1,1,1,Ethereum,ETHUSDBTCLTC,Misha Malik, , ,3,GIG9io,gig9ico,
Ginex,2018-06-07,2018-10-08,0,0,0,0,0,0,mid,mid,mid,1,1,1,0,0,1,1,0,0,1,1,1,Ethereum,ETH,Dr. Apollon V. Stepanov, , ,2,GinexTech,ginextech/ico/,
Globatalent,2018-04-16,2018-06-30,11088000,16925650,0,0,0,0,mid,mid,mid,1,1,1,1,1,0,1,1,1,1,1,1,Ethereum,BTCETHUSD,Sunil Bhardwaj, , ,3,globatalent,Globatalent,globatalent/
Globatrix,2018-05-17,2018-10-12,0,0,0,0,0,0,mid,mid,mid,1,1,1,0,0,1,1,0,0,1,1,1,Ethereum,ETH,Dimitri Kostin, , ,3,Globatrix,gruad-admin/globatrix,
GlobeCas,2018-07-03,2018-10-23,0,0,0,0,0,0,mid,mid,mid,1,1,1,0,0,1,0,1,1,1,1,1,Ethereum,USDETHBTC, , , ,3,GlobeCas_OFL, ,
GOeureka, , ,40000003,16925650,0,0,0,0,mid,mid,mid,1,1,1,1,0,1,0,1,0,1,1,1,Ethereum,ETHBTCUSDSGD, , , ,1,goeurekatravel, ,goeurekatravel/
Golden Hash,2018-05-23,2018-08-24,0,0,0,0,0,0,mid,mid,mid,0,1,1,1,0,0,0,0,0,1,1,1,Ethereum,Accepted Currency, , , ,3,xgh_moneda, ,goldenhash.moneda/
Good Game,2018-07-01,2018-08-26,0,0,0,0,0,0,mid,mid,mid,1,1,1,0,0,1,1,0,1,1,1,1,Ethereum,Accepted Currency,Leonard (Leo) Frankel, ,Asaf Semo,3,ClanPlayApp,ClanPlay-Market,
GraphenTech,2018-05-17,2018-09-17,0,0,0,0,0,0,mid,mid,mid,0,1,1,0,0,1,0,1,1,1,1,1,Ethereum,BTCETHXRPEURUSD,Ernesto Kruger, , ,3,graphen_tech, ,
GSC Aviation,2018-07-01,2018-10-24,0,0,0,0,0,0,mid,mid,mid,1,1,1,0,0,1,0,1,1,1,1,1,Ethereum,EURETHBTC,Maxime Legros, ,Cyril Vuaroqueaux,3,GSCAviation, ,
Hala, , ,0,0,0,0,0,0,mid,mid,mid,0,1,1,0,0,0,0,1,1,1,1,1,Ethereum,ETH,Andrii Rudchuk, ,Mykyta Bazhenov,1,haladigital, ,
HeliosCoin,2018-04-18,2018-10-01,1751118,2287250,0,0,0,0,mid,mid,mid,1,1,1,0,0,1,1,0,1,1,1,1,Ethereum,BTCBTHBTGLTCETHUSD,Artem Negroenko, , ,2,CoinHelios,ICO-Helios/crowdsale/tree/master/HeliosTruffle/contracts,
Helix Orange, , ,0,0,0,0,0,0,mid,mid,mid,1,1,1,0,0,1,0,1,1,1,1,1,Platform,Accepted Currency, , , ,2,ICO_HELIXOrange, ,
HireGo, , ,0,0,0,0,0,0,mid,mid,mid,1,0,1,0,1,1,1,1,1,1,1,1,Ethereum,ETH, ,Adil Bashir, ,3,Hire_Go,hirego-team,
Humanscape,2018-05-31,2018-07-21,4500005,2287250,0,0,0,0,mid,mid,mid,1,1,1,0,0,1,1,0,1,1,1,1,Ethereum,EOSETHUSD,Min-hoo Chang, ,Tae-woo Lee,3,Humanscape_ICO,humanscape,
Hyperion Fund,2018-03-16,2018-08-31,0,0,0,0,0,0,mid,mid,mid,1,1,1,1,0,0,0,1,1,1,1,1,Ethereum,ETHBTCEURUSD, , , ,2,Hyperion_Fund, ,hyperion_fund/
Iagon,2018-05-27,2018-09-04,39315268,2287250,0,0,0,0,mid,mid,mid,1,1,1,1,0,1,1,1,1,1,1,1,Ethereum,ETH,Navjit Dhaliwal, ,Claudio Lima,3,IagonOfficial,http://www.github.com/iagonorg,iagon.official/
Idap.io,2018-06-25,2018-07-24,0,0,0,0,0,0,mid,mid,mid,1,0,1,1,0,0,1,1,1,1,1,1,Ethereum,BTCETH,Awanish Rajan, ,Murali Thakur,2,idap_io,idap-io,idap.io
ImpetusOne,2018-06-05,2018-08-04,0,0,0,0,0,0,mid,mid,mid,0,0,0,0,0,0,0,1,0,1,1,1,Ethereum,ETHUSD,Samuel Kurtmann, ,Eduard Nuta,3, , ,
Incremint,2018-06-01,2018-09-01,0,0,0,0,0,0,mid,mid,mid,1,1,1,0,0,1,0,1,1,1,1,1,Ethereum,ETH, , , ,0,incremint_ico, ,
Ingot Coin,2018-05-01,2018-08-11,0,0,0,0,0,0,mid,mid,mid,1,1,1,1,0,1,1,1,1,1,1,1,Ethereum,USDETHBTCXRP, , , ,3,ICOINGOT,INGOTCoin1/IngotCoin,icoingot/
INSCoin for Knox,2018-06-23,2018-08-30,4575872,18043657,0,0,0,0,mid,mid,mid,1,1,1,0,0,1,0,1,1,1,1,1,Ethereum,ETH, , , ,3,InsCoinforKnox, ,
Invest in Brokers,2018-05-26,2018-09-30,0,0,0,0,0,0,mid,mid,mid,1,1,1,0,0,0,1,1,1,1,1,1,Ethereum,ETH,Mateusz Fraczek, ,Rafał Wlaz,2,InvestInBrokers,InvestInBrokers,
Invox Finance,2018-04-03,2018-07-01,1345360,9149000,0,0,0,0,mid,mid,mid,1,1,1,1,0,1,1,1,1,1,1,1,Ethereum,ETH,Alex Mezhvinsky, , ,3,InvoxFinance,Invox-Finance/ICO,invoxfinance/
IoTWorld, , ,38429459,45745000,0,0,0,0,mid,mid,mid,1,1,1,0,0,1,0,0,1,1,1,1,Ethereum,ETH,Fred Leung, ,Peter Chan,2,IOTW_Official, ,
Iryo Network,2018-03-28,2018-07-31,15800000,45745000,0,0,0,0,mid,mid,mid,0,1,1,0,0,0,1,1,0,1,1,1,EOS,EOSETH,Vasja Bočko, ,Dominik Žnidar,3,iryonetwork,iryonetwork/,
iUVOCoin, , ,0,0,0,0,0,0,mid,mid,mid,0,1,0,0,0,0,0,0,0,1,1,1,Waves,BTCLTCWAVES, , , ,2, , ,
IZX, , ,0,0,0,0,0,0,mid,mid,mid,0,0,0,0,0,0,0,0,0,1,1,1,Platform,Accepted Currency, , , ,0, , ,
Kakushin,2018-05-01,2018-06-30,1906531,45745000,0,0,0,0,mid,mid,mid,1,1,1,1,1,1,0,1,1,1,1,1,Ethereum,ETHBTCBCHLTCDASH,Chandan Indoria, ,Sachin Bhargava,3,kakushinEco, ,kakushin_ecosystem/?hl=en
Keepgo,2018-06-04,2018-08-15,0,0,0,0,0,0,mid,mid,mid,0,1,1,0,0,0,1,1,0,1,1,1,Ethereum,ETH, , , ,3,keepgo,keepgo,
Kidcoin,2018-04-01,2018-11-30,0,0,0,0,0,0,mid,mid,mid,0,1,1,0,0,0,1,1,1,1,1,1,Ethereum,ETHBTCUSD,Arman Rousta, , ,2,kidcoinico,kidcoinICO,
KINEKT,2018-05-01,2018-10-31,0,0,0,0,0,0,mid,mid,mid,1,1,1,1,1,1,1,1,1,1,1,1,Ethereum,ETHBTCUSD,Angus Pohl, ,Sumved Shami,3,kinekt_hq,kinekt-terminals,kinekt.terminals/
Kinguin.io,2018-06-02,2018-06-24,0,0,0,0,0,0,mid,mid,mid,1,1,1,1,0,0,0,0,1,1,1,1,Ethereum,BTCETHEURUSD, , ,Nashat Wanli,3,KinguinNet, ,kinguin.io/
Korona Coin,2018-04-23,2018-06-21,0,0,0,0,0,0,mid,mid,mid,1,1,1,1,0,1,0,1,1,1,1,1,Ethereum,ETH, , , ,3,KoronaCoin, ,koronacoin/
Kryptoboy,2018-05-15,2018-09-14,0,0,0,0,0,0,mid,mid,mid,0,1,1,0,0,0,0,0,0,1,1,1,Ethereum,ETHBTC,Tambo Ng’ambi, , ,3,KryptoboyC, ,
LaborCrypto , , ,0,0,0,0,0,0,mid,mid,mid,1,1,1,0,0,1,0,0,1,1,1,1,Ethereum,ETHBTC,Tarik Khribech, , ,1,laborcrypto, ,
Lamoneda,2018-06-15,2018-08-30,0,0,0,0,0,0,mid,mid,mid,0,1,1,0,0,0,0,1,0,1,1,1,Ethereum,ETHBTCLTCUSD, , ,Collins Oronsaye,2,lamonedaevents, ,
Lancer Network, , ,0,0,0,0,0,0,mid,mid,mid,1,1,1,0,0,1,0,0,1,1,1,1,Ethereum,ETHBTC,Leonid Shekhtman, , ,3,LancerNetwork, ,
Lapo, , ,24053315,45745000,0,0,0,0,mid,mid,mid,0,1,1,0,0,0,0,1,0,1,1,1,LAPO,ETHBTC,Luiis Franceschi, ,Christian Albera,3,LapoBlockchain, ,
Larecoin,2018-03-04,2019-01-04,10,45745000,0,0,0,0,mid,mid,mid,0,1,1,0,0,0,0,1,0,1,1,1,Ethereum,BCHBTCDASHETHLTCNEOXRPXVGZECZEN, , , ,3,larecoin, ,
LeadRex,2018-05-21,2018-11-09,1719097,8769316,0,0,0,0,mid,mid,mid,1,1,1,0,0,1,0,1,1,1,1,1,Ethereum,ETHBTCUSD,Alexander Mamasidikov, ,Igor Korsakov,1,leadrex, ,
Lendo,2018-03-28,2018-10-28,0,0,0,0,0,0,mid,mid,mid,0,1,1,0,0,0,0,1,1,1,1,1,Ethereum,ETHBTCXRPXMR,David Honeyman, , ,3,Lendo_io, ,
LightBitAtom,2018-04-15,2018-07-15,0,0,0,0,0,0,mid,mid,mid,1,1,1,1,0,1,1,1,0,1,1,1,Ethereum,ETHBTCLTCBCH,Dmitry Seliverstov, ,Dmitry Kucherov,3,lightbitatom,LightBitAtom,lightbitatom1/
Lili,2018-06-22,2018-09-30,0,0,0,0,0,0,mid,mid,mid,1,1,1,0,0,1,1,1,1,1,1,1,Ethereum,ETHBTCEUR,Jean-François Andro, , ,3,lili_mktplace,lili-am,
LiqNet, , ,0,0,0,0,0,0,mid,mid,mid,1,1,1,0,0,1,1,0,1,1,1,1,Ethereum,ETHBTCBCHZECLTCXRPWAVESUSD, , ,Evgeniy Tarasenko,3,LIQNET_official,liqnetTech,
Loyakk Vega,2018-05-01,2018-07-22,10,8769316,0,0,0,0,mid,mid,mid,0,1,1,0,0,0,0,0,1,1,1,1,Ethereum,BTCETH,Salim Ali, , ,3,LoyakkVega, ,
Lunch Money,2018-06-05,2018-09-05,0,0,0,0,0,0,mid,mid,mid,0,1,1,1,0,0,0,0,0,1,1,1,Ethereum,USDETH, , , ,3,LunchToken?s=09, ,lunch_token/
Marginless,2018-04-10,2018-05-31,2164195,9606450,0,0,0,0,mid,mid,mid,1,1,1,1,0,1,1,1,1,1,1,1,Ethereum,BTCETHLTC,Lukas Jonaitis, , ,3,MarginlessNet,MarginlessNetwork/,Marginless/
Market.space,2018-04-16,2018-06-30,8736761,9606450,0,0,0,0,mid,mid,mid,1,0,1,0,0,1,0,1,1,1,1,1,Ethereum,BCHBTCDASHLTCETCETHUSDUSDT,Alexander Rakhmanov, ,Eugene Parafiynyk,3,Market_space_, ,
MB8 Coin,2018-05-07,2018-08-31,0,0,0,0,0,0,mid,mid,mid,1,0,0,0,0,1,1,0,0,1,1,1,MB8,Accepted Currency, , , ,1, ,http://github.com/MB8Coin,
MBYS, , ,0,0,0,0,0,0,mid,mid,mid,0,1,1,0,0,1,1,1,1,1,1,1,Ethereum,ETH, , , ,3,mbysmesh,omarzaki123/MBYS,
Mcfly.aero,2018-04-05,2018-07-31,0,0,0,0,0,0,mid,mid,mid,1,1,1,1,0,1,1,1,1,1,1,1,Ethereum,ETH,Alexander Borodich, , ,1,mcflyaero,McFly-Aero/mcfly-smart-contract,mcflyaeroteam
Memority,2018-05-16,2018-10-01,46588175,9606450,0,0,0,0,mid,mid,mid,1,1,1,0,0,0,1,0,1,1,1,1,Ethereum,ETHBTCBCHLTC, , , ,3,frvrty,Memority/memority,
Mesmr, , ,0,0,0,0,0,0,mid,mid,mid,0,1,1,0,0,0,0,1,1,1,1,1,Ethereum,ETHBTCBCH,Dil-Dominé Jacobe Leonares, ,Val Kantchev,3,mesmrtv, ,
Metabase,2018-06-05,2018-09-18,0,0,0,0,0,0,mid,mid,mid,1,1,1,1,0,1,1,1,1,1,1,1,Metabase,ETHBTCUSD, ,Collin Thompson, ,3,iv_metabase,intrepid-ventures,metabasenetwork/
MF Chain,2018-04-04,2018-06-25,10,9606450,0,0,0,0,mid,mid,mid,1,1,1,0,0,1,1,0,0,1,1,1,Ethereum,BTCLTCNEOETH, , , ,3,ModernChain,mfchain,
Minery,2018-03-15,2018-09-30,0,0,0,0,0,0,mid,mid,mid,1,1,1,0,0,0,0,0,1,1,1,1,Ethereum,BTCETH,Ilya Bruman, ,Kirill Sorokin,3,MNRYio, ,
Miralab, , ,0,0,0,0,0,0,mid,mid,mid,1,1,1,1,0,1,1,1,1,1,1,1,Ethereum,BTCETHLTCDASH,Dmitriy Baday, ,Taras Emelyanenko,3,OfficialMiraLab,mira-lab/,officialmiralab/
Mobilum,2018-05-07,2018-07-09,5000000,9606450,0,0,0,0,mid,mid,mid,0,1,1,0,0,0,0,1,0,1,1,1,Ethereum,BTCETHUSD,Wojciech Kaszycki, ,Jakub Nalej,3,mobilumcom, ,
Moentum,2018-02-21,2018-06-30,0,0,0,0,0,0,mid,mid,mid,0,0,1,0,0,1,0,0,0,1,1,1,Ethereum,ETHUSD,Sam Balabon, , ,1,Moentum, ,
Molecule ,2018-06-11,2018-07-02,0,0,0,0,0,0,mid,mid,mid,0,1,1,1,0,1,1,1,0,1,1,1,Ethereum,ETHBTC,Eugen Turun, , ,3,molecule_ico,molecule-sys/molecule,moleculeico
MoneyToken,2018-05-02,2018-06-06,0,0,0,0,0,0,mid,mid,mid,1,1,1,0,0,1,1,0,0,1,1,1,Ethereum,BCHBTCDASHETHLTCNEM, , ,Alex Rass,3,MoneyToken,MoneyToken/,
Monopoly,2018-06-16,2018-09-30,0,0,0,0,0,0,mid,mid,mid,0,1,1,0,0,1,0,1,1,1,1,1,Ethereum,BTCETHLTCBCHNEOTRM1TRM2,Pavel Kuznetsov, , ,3,LiveMonopoly, ,
MyCryptoBank,2018-06-15,2018-10-14,0,0,0,0,0,0,mid,mid,mid,1,1,1,1,0,1,0,1,1,1,1,1,EOS,BTCETHLTCBCHEOS, , , ,3,MyCryptoBank, ,mycryptobank
MyDFS,2018-04-16,2018-08-09,30000008,9606450,0,0,0,0,mid,mid,mid,1,1,1,1,0,1,1,1,1,1,1,1,Ethereum,ETH,Viktor Mangazeev, ,Yobie Benjamin,3,mydfs_net,mydfs/blockchain,mydfs_net/
Neuromachine,2018-04-20,2018-06-15,2970000,9606450,0,0,0,0,mid,mid,mid,1,1,1,0,0,0,1,1,0,1,1,1,Ethereum,ETHBTCLTCBCHBTGDASHETC,Valentin Korsunsky, , ,3,nrm_cash,NRM-Neuromachine,
NOIZ,2018-07-15,2018-08-15,0,0,0,0,0,0,mid,mid,mid,0,1,1,0,0,1,0,1,1,1,1,1,Ethereum,USD, , , ,2,NOIZchain, ,
Nursetoken,2018-04-16,2018-10-31,0,0,0,0,0,0,mid,mid,mid,0,1,1,0,0,1,1,0,1,1,1,1,NEO,NEOBTCETH,Cherie Kloss, ,Josef Jonas,3,NurseToken,NurseToken,
NWS.One,2018-06-01,2018-08-24,0,0,0,0,0,0,mid,mid,mid,1,1,1,0,0,0,0,0,0,1,1,1,Ethereum,BTCETHLTC, , , ,0,nwsoneplatform, ,
Observer,2018-06-11,2018-07-30,0,0,0,0,0,0,mid,mid,mid,0,1,1,0,0,0,0,0,0,1,1,1,Ethereum,ETH, ,Sejin Kim, ,2,ObserverWeather, ,
Ojooo,2018-06-11,2018-09-09,0,0,0,0,0,0,mid,mid,mid,1,1,1,1,0,1,0,1,1,1,1,1,Ethereum,ETH,Darius krakowski, ,Michael thees,3,OjoooApp, ,ojooocom/
Omnitize,2018-06-01,2019-01-25,0,0,0,0,0,0,mid,mid,mid,0,1,1,0,0,0,1,1,0,1,1,1,Ethereum,BTCETHFiat,Gadi Guy, , ,0,OmnitizeCom,https://www.github.com/omnitize,
Omnitude,2018-03-28,2018-05-31,0,0,0,0,0,0,mid,mid,mid,1,1,1,0,0,0,0,0,0,1,1,1,Hyperledger,BTCETH,Chris Painter, , ,3,Omnitudeorg, ,
One network,2018-06-26,2018-09-12,0,0,0,0,0,0,mid,mid,mid,0,1,1,0,0,1,0,1,0,1,1,1,Ethereum,ETH,John Hoelzer, , ,3,ONeSocial_Net, ,
Opu Labs,2018-03-05,2018-08-04,4232781,9606450,0,0,0,0,mid,mid,mid,1,1,1,1,0,1,1,1,1,1,1,1,Ethereum,BTCETH,Marc Bookman, ,Raj Jhaveri,2,opulabs,OpuLabs,opulabs/
ORS Group,2018-01-01,2018-05-24,14200000,9606450,0,0,0,0,mid,mid,mid,1,1,0,0,0,0,1,1,1,1,1,1,Ethereum,ETH, , , ,3, ,ORSGroup/ORS.Ico,
OUNA,2018-06-01,2018-07-31,0,0,0,0,0,0,mid,mid,mid,1,1,1,0,0,1,0,1,0,1,1,1,Ethereum,ETH,Meir Hefetz, ,Avi Fatal,3,ounaio, ,
P2PS,2017-11-16,2018-08-31,30000000,9606450,0,0,0,0,mid,mid,mid,1,1,1,1,0,1,0,1,1,1,1,1,Ethereum,BTCBCHETHLTC, , , ,3,p2psf, ,p2psf/
Payperblock, , ,0,0,0,0,0,0,mid,mid,mid,0,1,1,0,0,0,0,1,0,1,1,1,Ethereum,ETHLTCBTC,Adeolu Osho, , ,1,payperblock, ,
PopChest, , ,0,0,0,0,0,0,mid,mid,mid,0,1,1,1,0,0,1,0,0,1,1,1,Ethereum,BTCUSDETH,Valerian Bennett, ,Jeremy Grodberg,0,pop_chest,popchest,pop_chest/
Presale Ventures,2018-04-15,2018-08-15,9632982,12475576,0,0,0,0,mid,mid,mid,1,1,1,0,0,1,0,0,1,1,1,1,Ethereum,ETH,Sergei Ost, ,Timur Shemsedinov,2,PreSaleVentures, ,
Previsione,2018-06-11,2018-08-28,0,0,0,0,0,0,mid,mid,mid,1,1,1,0,0,0,0,1,1,1,1,1,Ethereum,ETH, ,Stas Kovalenko, ,2,PREVISIONe_, ,
Productivist,2018-05-01,2018-07-31,2483267,12475576,0,0,0,0,mid,mid,mid,1,1,1,1,0,1,1,1,1,1,1,1,Ethereum,BTCDASHDOGEETHLTC,Benjamin Pestel, ,Stanislas Gobert,3,ProducToken ,Productivist,productivist/
Properbuz,2018-05-24,2018-10-30,0,0,0,0,0,0,mid,mid,mid,0,1,1,1,0,1,1,1,1,1,1,1,Ethereum,Accepted Currency,Joseph Onyero, , ,0,Properbuz,Properbuz/Properbuz/tree/master,properbuz/
QuickX Protocol , , ,0,0,0,0,0,0,mid,mid,mid,0,1,1,1,0,1,0,1,1,1,1,1,Ethereum,ETH, , , ,3,quickxprotocol, ,quickxprotocol/
RedCab,2018-06-01,2018-08-15,0,0,0,0,0,0,mid,mid,mid,0,1,1,1,0,1,1,1,1,1,1,1,Ethereum,ETH,Mohamed Mousa, ,Asser Yehia,3,redcab_llc,Redcabllc,redcab.co/
REME-coin,2018-05-02,2018-07-15,41916953,12475576,0,0,0,0,mid,mid,mid,0,1,1,0,0,0,0,1,0,1,1,1,Ethereum,Accepted Currency,Mario Peter, ,Sascha Jonas,3,repay_me, ,
RenCap,2018-04-16,2018-07-16,0,0,0,0,0,0,mid,mid,mid,1,1,1,0,0,0,0,0,1,1,1,1,Ethereum,ETHUSD, , , ,1,terencehth, ,
REOS,2018-04-27,2018-09-20,0,0,0,0,0,0,mid,mid,mid,0,0,1,0,0,1,1,1,0,1,1,1,Ethereum,BTCETH, , , ,1,reosofficial,REOSchain,
Review.Network, , ,0,0,0,0,0,0,mid,mid,mid,0,1,1,0,0,1,1,0,1,1,1,1,Ethereum,ETHEUR,Filip Karaicic, ,Ivan Ciric,3,ReviewNetworkHQ,ReviewNetwork,
RoBET,2018-02-01,2018-06-30,1601989,13723500,0,0,0,0,mid,mid,mid,1,0,1,0,0,0,0,1,0,1,1,1,Ethereum,BTCETHUSD,Edoardo Narduzzi, ,Alessandro Lentini,3,roboadvisorcoin, ,
RUSGAS,2018-04-17,2018-06-11,22066744,13723500,0,0,0,0,mid,mid,mid,0,0,1,0,0,0,0,0,0,1,1,1,Platform,ETH, , , ,3,RusGasOfficial, ,
Safeguard ,2018-06-07,2018-06-20,0,0,0,0,0,0,mid,mid,mid,0,1,1,0,0,1,0,1,1,1,1,1,NEO,NEO,Ingmar Vroege, ,Gertjan Leemans,3,SafeguardToken, ,
Saturn Network,2018-05-01,2018-07-31,0,0,0,0,0,0,mid,mid,mid,0,1,1,1,0,1,1,0,0,1,1,1,Ethereum,ETH, , , ,3,rados_io,rados-io,rados.io/
Senno,2018-03-31,2018-08-07,10000004,13723500,0,0,0,0,mid,mid,mid,1,1,1,0,1,1,1,1,0,1,1,1,NEO,NEOBTCETH, , ,Rudy Zakuto,3,SennoGroup,SennoGroup,
Sentinel Chain,2018-02-01,2018-04-02,14401,13723500,0,0,0,0,mid,mid,mid,0,1,1,0,0,0,0,1,0,1,1,1,Ethereum,ETH,Roy Lai, , ,0,sentinelchain, ,
ServAdvisor,2018-06-18,2018-10-15,0,0,0,0,0,0,mid,mid,mid,1,1,1,0,0,1,1,0,1,1,1,1,Ethereum,ETH,Dr. Dimitri Sidorovich, ,Maxim Kavzunovich,2,ServAdvisor,ServAdvisor,
SGV-G Technology,2018-02-01,2019-03-01,0,0,0,0,0,0,mid,mid,mid,1,1,0,0,0,0,0,0,1,1,1,1,Platform,BTCETH, , , ,0, , ,
SKYFchain,2018-05-01,2018-06-15,10,13723500,0,0,0,0,mid,mid,mid,1,1,1,1,0,1,1,1,1,1,1,1,Ethereum,BTCETH,Alexander Timofeev, , ,1,SKYFchain ,SKYFchain,skyfchain.io/ 
SLP Network , , ,0,0,0,0,0,0,mid,mid,mid,1,1,1,0,0,1,0,0,1,1,1,1,Ethereum,BTCETHLTCDASHUSD, , , ,3,slp_network, ,
Smart Advertisement Transaction Token,2018-04-04,2018-07-01,0,0,0,0,0,0,mid,mid,mid,1,1,1,0,0,0,1,1,0,1,1,1,Ethereum,BTCETHUSD,Gauthier Bros, ,Stéphanie Clement,2,SaTT_Token,Atayen/satt,
Smart City Enterprise,2018-07-10,2018-09-02,0,0,0,0,0,0,mid,mid,mid,0,1,1,0,0,0,1,1,0,1,1,1,Ethereum,ETH,Laco Vencel, , ,3,city_ceo,lacovencel/smart-city-enterprise,
Soundeon,2018-06-11,2018-08-31,0,0,0,0,0,0,mid,mid,mid,1,1,1,1,0,1,1,1,1,1,1,1,Ethereum,ETHBTCLTCBCH,Vadim Kurochkin, ,Egor Bushlyakov,3,soundeoncom,soundeon,soundeon_com/
Stealth Crypto,2018-01-28,2018-09-05,21703190,13723500,0,0,0,0,mid,mid,mid,0,1,1,0,0,1,0,1,1,1,1,1,Ethereum,BTCBCCLTCETHWire, , , ,1,stealthcrypto_?s=09, ,
Stern,2018-06-12,2018-08-06,0,0,0,0,0,0,mid,mid,mid,0,0,0,0,0,0,0,1,0,1,1,1,Ethereum,BTCBCHLTCETH,Norbert Drapala, , ,3, , ,
Storeplex,2018-06-25,2018-08-31,14040,13723500,0,0,0,0,mid,mid,mid,0,0,1,0,0,1,1,0,1,1,1,1,Ethereum,ETH, , , ,2,storeplexio,Storeplex/Storeplex,
Swapy Network,2018-03-19,2018-05-18,10657104,13723500,0,0,0,0,mid,mid,mid,1,1,1,1,1,1,1,1,0,1,1,1,Ethereum,ETH,Edmilson Rodrigues, ,Túlio Braga,3,SwapyNetwork,swapynetwork/swapy-exchange-protocol,swapynetwork
Tanibox,2018-07-01,2018-12-18,0,0,0,0,0,0,mid,mid,mid,0,1,1,1,0,0,1,1,0,1,1,1,Platform,ETHBTCWAVESUSDTRXXLM,Asep Bagja Priandana, , ,3,https:www.twitter.comTaniboxOfficial,tanibox,tanibox
Token Changer,2018-05-18,2018-08-21,0,0,0,0,0,0,mid,mid,mid,1,0,1,0,0,1,1,1,1,1,1,1,"DAPP, Ethereum",ETH, ,Alexis Bizalion, ,2,TokenChanger,tokenchanger,
Tokenimals,2018-06-09,2019-01-01,0,0,0,0,0,0,mid,mid,mid,0,1,1,1,0,0,0,0,1,1,1,1,Ethereum,Accepted Currency, , , ,0,tokenimals, ,tokenimals/
TPX Network, , ,0,0,0,0,0,0,mid,mid,mid,0,1,1,0,0,0,0,0,1,1,1,1,Ethereum,ETH,Abdul Senan, , ,3,TotipayNetwork, ,
Tradelize,2018-05-01,2018-08-31,0,0,0,0,0,0,mid,mid,mid,1,1,1,0,0,0,0,1,1,1,1,1,Ethereum,BTCETHUSD,Anton Zapolskyi, ,Maxim Kulik,3,tradelize, ,
Traderly,2018-02-05,2018-09-30,0,0,0,0,0,0,mid,mid,mid,1,1,1,1,0,1,0,1,0,1,1,1,Ethereum,ETHBTCLTCUSDEURGBP,Werner Riekert, , ,3,TraderlyCo, ,traderly.co/
Tradingene,2018-03-20,2018-06-23,0,0,0,0,0,0,mid,mid,mid,1,1,1,1,0,1,0,0,1,1,1,1,Waves,BCHBTCETHLTCWAVES,Daniel Wolfe, , ,3,tradingene, ,tradingene/
TraXion,2018-05-01,2018-08-31,26304406,13723500,0,0,0,0,mid,mid,mid,0,1,1,0,0,1,1,1,1,1,1,1,Ethereum,ETH,Ann Cuisia, ,Yobie Benjamin,3,traxiontoken,traxioncoin,
Trecento Blockchain Capital,2018-06-01,2018-09-30,0,0,0,0,0,0,mid,mid,mid,0,1,1,0,0,0,1,1,1,1,1,1,Ethereum,ETHBTCLTCDASHDOGEUSDEUR,Alice Lhabouz, , ,1,TrecentoBC,trecento-bc,
Triffic,2018-05-28,2018-08-31,0,0,0,0,0,0,mid,mid,mid,1,1,1,0,0,1,0,0,1,1,1,1,Ardor,BTCETHARDR‎JLRDANXT,James Malach, , ,3,trifficworld, ,
Trilliant,2018-06-01,2018-08-25,0,0,0,0,0,0,mid,mid,mid,0,1,1,1,0,0,0,0,1,1,1,1,Ethereum,ETHBTCUSDEUR,Sebastian Korbach, , ,3,trilliant_io, ,trilliant.io/
TripBit,2018-03-21,2018-07-03,0,0,0,0,0,0,mid,mid,mid,1,1,1,0,1,0,0,1,1,1,1,1,Ethereum,ETH,George Rozos, , ,3,tripbitico, ,
TruePlay, , ,3420811,19670350,0,0,0,0,mid,mid,mid,0,1,1,0,0,0,0,1,1,1,1,1,Ethereum,BTCETH,Mageramov Oleksiy, ,Stanislav Makarchuk,2,TruePlayinfo, ,
TrustLogics,2018-06-25,2018-09-25,0,0,0,0,0,0,mid,mid,mid,1,1,1,1,0,1,1,1,1,1,1,1,Ethereum,ETHBTCLTCBTH,Srinivas Dubba, , ,3,TrustLogicsUS,Trustlogics/Trustlogics.io,trust_logics/
Tutellus,2018-05-10,2018-07-12,10000000,19670350,0,0,0,0,mid,mid,mid,0,1,1,1,0,1,1,1,0,1,1,1,NEM,BTCETHNEMXEMLTCBCHZcashDASHUSD,Miguel Caballero, ,Javier Ortiz,3,tutellusico,tutellus-io,tutellus/
TV-TWO,2018-05-24,2018-07-24,0,0,0,0,0,0,mid,mid,mid,1,1,1,0,0,1,1,1,1,1,1,1,Ethereum,ETHBTCDASHLTC, ,Jan Phillip Hofste, ,3,tvtwocom,tvtwocom,
TYDO,2018-06-25,2018-08-20,0,0,0,0,0,0,mid,mid,mid,1,1,1,0,0,0,0,0,1,1,1,1,Ethereum,ETH, , ,Anton Sokolovskyy,3,TYDO18, ,
Ubcoin Market,2018-04-02,2018-07-14,3150000,13266050,0,0,0,0,mid,mid,mid,1,1,1,0,0,1,1,0,1,1,1,1,Ethereum,BTCETH,Felix Khachatryan, , ,3,ubcoin,ubcoin/ubcoin#links,
UHIVE,2018-04-11,2018-09-15,25000005,13266050,0,0,0,0,mid,mid,mid,1,1,1,1,0,1,1,1,1,1,1,1,Ethereum,BTCETHUSD,Muayyad Shehadeh, , ,3,UHIVEsocial,UHive/,uhivesocial/
Ulteriorjobs,2018-07-18,2018-09-30,0,0,0,0,0,0,mid,mid,mid,0,1,1,0,0,1,0,1,1,1,1,1,Ethereum,BTCLTCDASHETHBCH, , , ,3,UlteriorJobs, ,
UMKA,2018-06-01,2018-08-01,0,0,0,0,0,0,mid,mid,mid,1,1,1,0,0,1,1,1,1,1,1,1,Ethereum,ETHBTC,Timur Akhmedjanov, ,Evgeniy Mitrofanov,3,umka_freelance,UMKAman,
Unboxed,2018-06-06,2018-09-30,1558571,13266050,0,0,0,0,mid,mid,mid,0,1,1,1,0,1,0,1,1,1,1,1,Ethereum,ETHUSD,Tadas Deksnys, ,Vytenis Narušis,3,Unboxed_network, ,unboxed.network/
United Fans,2018-05-31,2018-09-30,0,0,0,0,0,0,mid,mid,mid,0,1,1,1,0,0,0,1,1,1,1,1,Ethereum,ETH,Niv Tal, , ,2,Unitedfans_co, ,Unitedfansco/
Urbit Data, , ,0,0,0,0,0,0,mid,mid,mid,1,1,1,1,0,1,1,1,1,1,1,1,Ethereum,USDBTCETH, , ,Juziel Indriago,3,urbitdata,urbitdata,urbitdata
Uulala,2018-03-25,2018-06-30,0,0,0,0,0,0,mid,mid,mid,0,1,1,0,0,0,0,1,1,1,1,1,Multichain,BTCETHUSD,Oscar Garcia, ,Alan Alvardo,3,UulalaApp, ,
Vanig,2018-07-23,2018-09-25,0,0,0,0,0,0,mid,mid,mid,1,1,1,0,0,1,1,1,1,1,1,1,Ethereum,ETHBTCLTCUSD, , ,Geofrey Rainey,3,VanigPlatform,VanigPro/,
VLUX Token,2018-03-20,2018-07-07,0,0,0,0,0,0,mid,mid,mid,1,1,1,0,0,1,1,0,0,1,1,1,Ethereum,ETH,Peter Davies, , ,3,VLUXToken,verv-vlux/,
VolAir, , ,0,0,0,0,0,0,mid,mid,mid,0,1,1,1,0,0,0,1,0,1,1,1,Platform,Accepted Currency,Ross Jones, ,Kristof Kowalski,3,VolAir_io, ,volair_io
Weedo,2018-06-10,2018-07-30,0,0,0,0,0,0,mid,mid,mid,1,1,1,1,0,1,0,0,1,1,1,1,Waves,BTCETHLTCWAVESUSD,Olivier Le Grand, , ,1,weedo_world, ,weedo_world
WeevoCity,2018-03-26,2018-06-25,0,0,0,0,0,0,mid,mid,mid,1,1,1,0,0,1,1,0,0,1,1,1,Ethereum,ETH, , , ,1,WeevoCity, weevocity/ICO,
WeiCrowd,2018-05-15,2018-09-12,7280005,13266050,0,0,0,0,mid,mid,mid,1,1,1,1,0,1,1,1,1,1,1,1,Ripple,BTCETH, , , ,3,WeiCrowd,weicrowd,weicrowd/
Windmine, , ,0,0,0,0,0,0,mid,mid,mid,0,1,1,1,0,0,0,1,0,1,1,1,Ethereum,BTCETH, , , ,2,WindMineToken, ,wind_mine/
