name,category,start,end,USD raised,USD aimed,ROI rate,accepted currency,video,website,whitepaper,facebook,twitter,instagram,linkedin,reddit,github,youtube channel,medium,bitcointalk,steemit,twitter link,github link,linkedin link,instagram link,youtube channel link
Midas Protocol,Trading,2018-05-15,2018-07-01,9019600,9000000,Normal, ,1,1,1,1,1,0,0,0,0,1,1,0,0,MidasProtocol, , , ,https://www.youtube.com/channel/UCHCphQZNkVr20YZG5BGnOCQ
Squeezer,Blockchain Service,2018-06-20,2018-06-30,14805000,15000000,Normal, ,1,1,1,1,1,0,0,0,1,1,1,1,0,SqueezerIO,SqueezerIO, , ,https://www.youtube.com/channel/UC4oipFLgQW7e98Gei-7NEIQ
Databroker DAO,Data Service,2018-04-26,2018-06-30,3544538,12300000,Normal, ,1,1,1,1,1,0,0,1,1,1,1,1,0,DataBrokerDAO,DataBrokerDAO, , ,https://www.youtube.com/channel/UCUmxSlaliIuF0Z3yNw8y_uA
Essentia,Protocol,2018-06-25,2018-06-29,25500000,25500000,Not rated, ,0,1,1,1,1,0,1,1,1,0,1,1,0,essentia_one,essentiaone,essentiaone, , 
INCX,Exchange,2018-06-11,2018-06-29,5131500,5100000,Normal, ,0,1,1,1,1,0,1,1,0,1,1,0,0,INCryptoX, ,internationalcryptox, ,https://www.youtube.com/channel/UCSvXPpv3mQgOc0C2XFYLfWg
TraceTo,Verification,2018-06-08,2018-06-29,12478800,12500000,Normal, ,0,1,1,1,1,0,1,0,1,0,1,1,0,tracetoio,traceto,traceto-io-pte-ltd, , 
Elysian,E-commerce,2018-06-04,2018-06-26,7000000,7000000,Normal,ETH,1,1,1,1,1,0,1,1,1,1,1,1,1,Elysian_ELY,Elysian-ELY,elysian-ely, ,https://www.youtube.com/channel/UCm0BGtPu1nB-7HbeJsHKJTw
DAV Network,Blockchain Service,2018-06-11,2018-06-25,28508200,38000000,Normal, ,1,1,1,1,1,0,1,1,1,1,1,1,0,DavNetwork,DAVFoundation,dav-foundation, ,https://www.youtube.com/channel/UCPuAOygDwCiLOdLosiQJJ1w
GoNetwork,Blockchain Service,2018-06-11,2018-06-25,0,0,Not rated, ,1,1,1,0,1,0,1,0,1,1,1,1,0,gonetwork_co,gonetwork-project,gotoken, ,https://www.youtube.com/channel/UCpu6zDStXGUl5_FvNtTzaag
Metronome,Currency,2018-06-18,2018-06-25,0,0,Normal, ,0,1,1,1,1,0,1,1,1,0,1,0,0,MTNToken,autonomoussoftware,bloq-inc-, , 
Multiversum,Blockchain,2018-05-01,2018-06-25,21721869,35000000,Normal, ,1,1,1,1,1,0,0,1,1,1,1,1,0,MultiversumBC,MultiversumBlockchain, , ,https://www.youtube.com/watch?v=SsvMFGNTEwQ
Hashgard,Blockchain,2018-01-01,2018-06-01,0,0,Normal, ,0,1,1,1,1,0,1,1,0,0,1,0,0,Hashgard1, ,hashgard, , 
AIRBLOC Protocol,Data Service,2018-06-15,2018-06-19,10427400,10400000,Normal, ,1,1,1,1,1,0,0,1,1,1,1,0,0,AirblocOfficial,airbloc, , ,https://www.youtube.com/channel/UCKYRUMFyIYs_h4tyz1tKP3w
OneLedger,Blockchain Service,2018-06-15,2018-06-16,15000015,15000000,Normal,ETH,0,1,1,0,1,0,1,1,1,0,1,0,0,OneLedgerTech,Oneledger/,oneledger-innovative-tech-inc, , 
FANTOM,Blockchain,2018-06-15,2018-06-16,39653398,39400000,Very High, ,1,1,1,1,1,0,1,0,1,0,1,0,0,FantomFDN,Fantom-foundation,fantom-foundation, , 
Alchemint,Currency,2018-06-09,2018-06-12,30000000,30000000,Normal,"ETH, NEO",0,1,1,1,1,0,1,1,0,1,0,0,0,Alchemint_SDT, ,alchemint, ,https://www.youtube.com/channel/UCwrtClCx049XDnyYFB6P2qw
MoneyToken,Finance,2018-05-02,2018-06-07,36174400,41500000,Normal, ,1,1,1,1,1,0,0,0,1,1,1,1,0,MoneyToken,MoneyToken/, , ,https://www.youtube.com/channel/UCz9r7r5BSoq4eE6guMa7P-w
Atonomi,Blockchain Service,2018-06-06,2018-06-06,25000000,25000000,High, ,0,1,1,1,1,0,1,1,1,1,0,0,0,atonomi,atonomi,atonomi, ,https://www.youtube.com/channel/UCA3uN6KJAD2B0IRWpJIVClQ
Arweave,Data Service,2018-06-03,2018-06-06,8700000,8700000,Normal, ,1,1,1,1,1,0,1,1,1,1,1,0,0,ArweaveTeam,ArweaveTeam/arweave,arweave, ,https://www.youtube.com/channel/UCdM3INQ5NAsNjWU8-2y_xjw
HybridBlock,Trading,2018-05-23,2018-06-06,47830000,50000000,Normal,"ETH, BTC, NEO",1,1,1,1,1,0,1,1,0,1,1,1,0,HybridBlockHQ, ,hybrid-block-official, ,https://www.youtube.com/channel/UCbzLOZaEegUfTVBJQeSc0sw
Cool Cousin,Dapp,2018-05-15,2018-06-05,10008209,10400000,Low,ETH,1,1,1,1,1,0,1,1,1,1,1,1,0,coolcousinco,cool-cousin,cool-cousin, ,https://www.youtube.com/channel/UClQ-OmPE_Y9moK8iUjJZ3-g
QuarkChain,Blockchain,2018-06-02,2018-06-03,20000000,20000000,Very High, ,1,1,1,1,1,0,0,1,1,0,0,0,1,Quark_Chain,QuarkChain, , , 
Cardstack,Blockchain Service,2018-05-31,2018-06-01,35000000,35000000,Not rated, ,1,1,1,0,1,0,1,1,1,0,1,1,0,cardstack,cardstack/cardstack,cardstack-foundation, , 
BitRewards,Marketing,2018-04-12,2018-06-01,6715741,15000000,Normal, ,1,1,1,1,1,0,0,1,1,1,1,1,0,bitrewards,BitRewards, , ,https://www.youtube.com/channel/UCWwXrCr1ofCuADGsFC13HkA
Omnitude,Blockchain Service,2018-03-28,2018-06-01,7497400,25000000,Not rated, ,1,1,1,1,1,0,1,1,1,0,1,1,0,Omnitudeorg,Omnitude,omnitude, , 
RightMesh,Mobile,2018-05-30,2018-05-31,30000000,30000000,Normal, ,1,1,1,1,1,0,1,1,1,1,1,0,0,Right_Mesh,rightmesh,right-mesh, ,https://www.youtube.com/channel/UCa-am0tFMgJbDP2_yYFhfRA
Bigbom,Advertising,2018-05-28,2018-05-30,6792000,6800000,Normal, ,1,1,1,1,1,0,0,0,1,1,1,0,0,bigbomglobal,bigbomio, , ,https://www.youtube.com/channel/UCs6LAeB75nLLmHyQtGtl4uA
DCC,Finance,2018-05-28,2018-05-29,49000000,49000000,Normal, ,1,1,1,1,1,0,0,1,1,1,1,0,0,DccOfficial2018,DistributedBanking/DCC, , ,https://www.youtube.com/channel/UCX0Y5MQwTLGPtIP1jAJm9Ng
PCHAIN,Blockchain,2018-05-28,2018-05-28,26674000,26700000,High, ,1,1,1,0,1,0,0,0,1,0,1,0,0,pchain_org,pchain-org, , , 
Phantasma Protocol,Blockchain,2018-05-27,2018-05-28,9650000,9700000,High, ,0,1,1,0,1,0,1,1,1,0,1,0,0,phantasma_io,PhantasmaProtocol,28608113, , 
CarBlock,Real Business, ,2018-05-28,22920000,22900000,Normal, ,1,1,1,1,1,0,1,0,1,1,1,1,0,CarBlock_io,carblock-io,carblock, ,https://www.youtube.com/channel/UCjgN4_1Jvv1KlETeoWalBVA
Insureum,Insurance, ,2018-05-28,20000000,20000000,Normal, ,1,1,1,1,1,0,0,0,1,1,0,1,0,insureum_zikto,TeamZikto/Contract, , ,https://www.youtube.com/channel/UCMcCdwW8V3r4uSTY2qxdNIA
Sentinel Protocol,Security,2018-05-27,2018-05-27,27700000,27700000,Normal, ,0,1,1,1,1,0,0,1,0,0,1,0,0,s_protocol, , , , 
LemoChain,Data Service,2018-05-27,2018-05-27,6295404,6300000,Normal, ,1,1,1,1,1,0,0,1,1,1,1,0,0,lemochain,LemoFoundationLtd, , ,https://www.youtube.com/channel/UCdXVejZk2aa8WnEt051G5ZA
Egretia,Blockchain,2018-05-26,2018-05-26,23650450,23700000,Normal, ,0,1,1,1,1,0,1,1,1,0,1,1,0,Egretia_io,Egretia,egretia, , 
EdenChain,Blockchain,2018-05-24,2018-05-25,24000000,24000000,Normal,Token Issue: June 2018,1,1,1,1,1,0,1,1,0,0,1,0,0,edenchainio, ,edenpartnersinc, , 
MVL Chain,Blockchain Service,2018-05-15,2018-05-24,9971500,20700000,Normal, ,1,1,1,1,1,0,1,0,0,1,1,1,0,mvlchain, ,mvlchain, ,https://www.youtube.com/channel/UCWIwx5KcQIaf7Ti6piFhnKw
Blue Whale,Blockchain Service,2018-05-24,2018-05-24,22700000,22700000,Normal, ,0,1,1,1,1,0,1,1,0,1,1,1,0,BlueWhaleFdn, ,bwx, ,https://www.youtube.com/channel/UCj6pXevvLiO7YHm0fOMvwhw
Rate3 Network,Blockchain Service, ,2018-05-21,17500000,17500000,Normal, ,1,1,1,0,1,0,0,1,1,1,1,1,0,OfficialRate3,rate-engineering, , ,https://www.youtube.com/channel/UCFS1YeleAZ-O9W034DfL1iA
XYO Network,Blockchain Service,2018-03-20,2018-05-21,12000000,48000000,Normal, ,1,1,1,1,1,0,1,1,1,1,1,1,0,XYOracleNetwork,XYOracleNetwork,xyonetwork, ,https://www.youtube.com/channel/UCyZDqb9pgntVHJVt1pxXtsw/featured
ATN,Artificial Intelligence, ,2018-05-20,0,0,Normal, ,0,1,1,1,1,0,1,1,1,0,0,0,1,atn_io,atnio,atn-io, , 
TTC Protocol,Protocol,2018-04-18,2018-05-18,19110000,21200000,Not rated, ,0,1,1,1,1,0,1,0,1,0,1,0,0,ttceco,TTCOffical/ico_smart_contract,ttc-protocol, , 
Hero Node,Blockchain,2018-05-17,2018-05-17,21765720,21800000,Normal, ,0,1,1,0,1,0,1,1,1,0,1,0,0,hero_node,hero-node,heronode, , 
The Abyss (DAICO),Gaming,2018-04-18,2018-05-16,15352418,18000000,Normal, ,1,1,1,1,1,0,1,1,1,0,1,1,0,theabyss,theabyssportal,theabyss, , 
VideoCoin,Blockchain Service,2018-01-01,2018-05-01,50000000,50000000,Normal, ,0,1,1,1,1,0,1,1,0,1,1,1,0,VideoCoinHQ, ,live-planet-inc., ,https://www.youtube.com/channel/UChyso79nMDhzDm0l0e7UuYQ
Academy,Blockchain Service,2018-03-15,2018-05-15,0,0,Low, ,1,1,1,1,1,0,1,0,0,0,1,0,0,AcademyToken, ,academytoken, , 
Orbs,Blockchain, ,2018-05-15,0,0,Normal, ,1,1,1,0,1,0,1,1,1,1,1,0,0,orbs_network,orbs-network,orbs, ,https://www.youtube.com/channel/UCfpV4z-MGxeiabFkht1LNPQ
Quant Network,Blockchain Service,2018-05-01,2018-05-12,0,0,Normal,ETH,1,1,1,1,1,0,1,1,1,1,1,0,0,quant_network,quantnetwork,quantnetwork, ,https://www.youtube.com/channel/UCsz53-6ZYJCI0TtE4M_kdkA
Bezant,Payments,2018-05-03,2018-05-11,27500000,40000000,Normal, ,1,1,1,1,1,0,1,1,0,1,1,1,0,bezant_io, ,bezantofficial, ,https://www.youtube.com/channel/UCNBH-gqh6_q0Tf1gbbQJzCw
HYCON,Blockchain,2018-03-30,2018-05-10,22932600,22900000,Normal, ,1,1,1,1,1,0,1,1,1,1,1,0,0,teamhycon,Team-Hycon,teamhycon, ,https://www.youtube.com/channel/UCG70VYa9wVjYB_rZ3cRSPyQ
Virtue Poker,Gambling,2018-04-25,2018-05-09,18548000,18500000,Normal, ,1,1,1,1,1,0,1,0,0,0,0,0,0,Virtue_Poker, ,virtue-poker, , 
Eligma,Blockchain Service,2018-04-17,2018-05-08,11250740,24000000,Normal, ,1,1,1,1,1,0,1,1,1,1,1,1,0,eligmacom,Eligma/Eligma,eligma, ,https://www.youtube.com/channel/UCfshAN27bKPe4f3uBIr7jjA
DAOstack,Blockchain Service,2018-05-08,2018-05-08,30000000,30000000,Normal, ,1,1,1,0,1,0,0,1,1,1,1,1,0,daostack,daostack, , ,https://www.youtube.com/channel/UCX4GNxoP4GdGQk7pUp0j6JA/videos
HOLD,Finance,2018-05-04,2018-05-07,11300000,11300000,Normal, ,0,1,1,0,1,0,1,0,0,0,1,0,0,HoldHQ, ,holdplatformltd, , 
Grain,Smart Contract,2018-04-16,2018-05-07,11303218,14800000,Normal,ETH,1,1,1,1,1,0,1,0,1,1,1,1,0,Grain_io,grainio,grain-io, ,https://www.youtube.com/channel/UCGSjeO28gA7EhtLjpJ8vldA
Skrumble Network,Social Network,2018-05-05,2018-05-05,16472800,16500000,Normal, ,1,1,1,1,1,0,1,0,1,0,0,0,0,skrumblehq,Skrumble,skrumble, , 
Libra Credit,Finance,2018-05-01,2018-05-05,26400000,26400000,Normal, ,0,1,1,1,1,0,1,1,1,0,1,1,0,LibraCredit,libracredit,libracredit, , 
Merculet,Blockchain Service,2018-05-04,2018-05-04,28686240,28700000,Normal, ,1,1,1,1,1,0,1,1,1,0,1,1,0,Merculet_io,Merculet,merculet, , 
Project SHIVOM,Healthcare,2018-05-03,2018-05-03,35000000,35000000,Normal, ,1,1,1,1,1,0,1,1,0,1,1,1,0,projectshivom, ,project-shivom, ,https://www.youtube.com/c/ProjectShivom
GoChain,Blockchain,2018-05-02,2018-05-03,13685000,13700000,High, ,0,1,1,1,1,0,1,1,1,0,1,1,0,go_chain,gochain-io,gochain, , 
Unibright,Blockchain Service,2018-04-21,2018-05-02,13542375,13500000,Not rated, ,1,1,1,1,1,0,1,1,0,1,1,1,0,UnibrightIO, ,unibright, ,https://www.youtube.com/channel/UC5rs94G9ZsUvce73PEWrV4w
Solve.Care,Healthcare,2018-03-31,2018-05-01,20000000,20000000,Normal, ,1,1,1,1,1,0,0,1,1,1,1,1,0,Solve_Care,SolveCare, , ,https://www.youtube.com/channel/UCt75sklUcLfwYjTrn4asOBA
Blockchain Terminal,Trading,2018-04-01,2018-05-01,21500000,51500000,Normal, ,1,1,1,1,1,0,0,1,0,1,1,0,0,BCTerminal, , , ,https://www.youtube.com/channel/UCyq4KYf3n1wTwkBRigt5AYw?view_as=subscriber
KodakOne,Blockchain Service, ,2018-05-01,0,0,Normal, ,0,1,0,1,1,0,1,0,0,1,1,0,0,KodakOne, ,kodakone, ,https://www.youtube.com/channel/UCf5zbB1P-p_qWjgC4yRVVzw
CloudMoolah,Gaming,2018-03-30,2018-04-30,12300000,15000000,Not rated,ETH,1,1,1,1,1,0,0,1,0,0,1,1,0,cloud_moolah, , , , 
Mainframe,Blockchain Service,2018-03-01,2018-04-01,0,0,Normal, ,1,1,1,1,1,0,1,1,1,1,0,0,0,Mainframe_HQ,MainframeHQ,mainframehq, ,https://www.youtube.com/channel/UCOhQaYVAUypRWHucouG3Sjg
DAEX,Blockchain,2018-04-28,2018-04-29,0,0,Normal, ,0,1,1,0,1,0,0,0,0,0,0,0,0,daexblockchain, , , , 
Holo,Cloud Storage,2018-03-29,2018-04-28,20388500,20400000,Normal, ,1,1,1,1,1,0,0,1,1,1,0,1,0,H_O_L_O_,holochain, , ,https://www.youtube.com/channel/UCSRJRJvkZHk3f1PemqT-R0g
Morpheus Network,Payments,2018-03-22,2018-04-22,9883347,18000000,Normal, ,1,1,1,1,0,0,1,1,0,0,1,1,0, , ,morpheus-network, , 
DML,Blockchain Service,2018-04-16,2018-04-22,10425492,17900000,Normal, ,1,1,1,1,1,0,0,1,1,1,1,0,0,DecentralizedML,DecentralizedML, , ,https://www.youtube.com/channel/UCT_qj3gQri8uARHWjHw1JNw
Nebula AI,Blockchain,2018-04-02,2018-04-20,5874054,17700000,Not rated, ,1,1,1,1,1,0,1,0,1,1,0,1,0,nebula_ai,nebulaai,nebula-ai, ,https://www.youtube.com/channel/UCWltsUAyiser4-_eLLGmpdg
NKN,Blockchain,2018-04-19,2018-04-19,12600000,12600000,High, ,0,1,1,0,1,0,1,1,1,0,1,1,0,NKN_ORG,nknorg,nknetwork, , 
Lendingblock,Finance,2018-04-15,2018-04-18,10000000,10000000,Normal, ,1,1,1,1,1,0,1,1,1,1,0,1,0,lendingblock,lendingblock,lendingblock, ,https://www.youtube.com/channel/UCSW4xLO-6zXYI6BVT0o64Eg
Auctus,Finance,2018-03-27,2018-04-17,3865575,3900000,Normal, ,1,1,1,1,1,0,1,1,1,0,1,0,0,AuctusProject,AuctusProject,auctus-project, , 
Open Platform,Blockchain Service, ,2018-04-17,18000000,18000000,Normal, ,1,1,1,1,1,0,1,1,0,1,0,1,0,OpenPlatformICO, ,theopenplatform, ,https://www.youtube.com/channel/UCoNIXk5AUROlMy1XwIbbEvQ
Block Collider,Blockchain Service,2018-04-13,2018-04-16,7012829,7000000,High, ,1,1,1,1,1,0,1,1,1,0,0,0,0,blockcollider,blockcollider,blockcollider, , 
Repux,Data Service,2018-03-06,2018-04-07,4700000,33100000,Normal, ,1,1,1,1,1,0,1,1,1,1,1,1,0,repu_x,repux/token,repux, ,https://www.youtube.com/channel/UCCcDC1u2aGUUAV108zxC_8Q
Coinvest,Trading,2018-03-09,2018-04-06,5300000,30000000,Not rated, ,0,1,1,1,1,0,1,0,1,1,1,1,0,CoinvestHQ,CoinvestHQ,coinvesthq, ,https://www.youtube.com/channel/UCX-pE6nXFg3uK2_cMQ5n6jA
BitGuild,Gaming,2018-03-16,2018-04-06,13408025,16700000,Not rated, ,0,1,1,1,1,0,1,1,0,1,1,1,0,BitGuildPLAT, ,bitguild, ,https://www.youtube.com/channel/UCvk-Ir3FoksiHMa2qqiymJQ
Thrive,Advertising,2018-03-10,2018-04-05,26031250,30600000,Normal,"ETH, BTC, LTC",1,1,1,1,1,0,1,0,1,1,1,1,0,WeareThrivelabs,thrivelabs/,thrivelabs.io, ,https://www.youtube.com/channel/UC-mEhSbHxY8tIG7T9MK-nZg
Chainium,Trading,2018-03-28,2018-04-04,3434946,5500000,Not rated, ,1,1,1,1,1,0,1,0,1,1,1,1,0,ChainiumIO,chainium,chainium, ,https://www.youtube.com/channel/UCeOea6Kxx-2DoPjc97E8a-w/featured
Seele,Blockchain,2018-04-03,2018-04-03,12133800,12100000,Not rated, ,0,1,1,1,1,0,1,1,1,0,1,1,0,SeeleTech,seeleteam,seeletech, , 
Nexo,Banking,2018-03-06,2018-04-01,52500000,52500000,Normal, ,1,1,1,1,1,0,1,0,0,1,1,0,0,NexoFinance, ,nexofinance, ,https://www.youtube.com/channel/UCDMuAzBypoeEV9i6v-dmQwA
Faceter,Verification,2018-02-15,2018-03-30,28610352,40800000,Normal, ,1,1,1,1,1,0,1,1,1,1,1,1,0,FaceterOfficial,faceterteam,faceter, ,https://www.youtube.com/channel/UCNuni06vUuSyi_D5rQm6pww
Narrative network,Social Network,2018-02-20,2018-03-29,14642183,22800000,Normal,NEO,0,1,1,0,1,0,1,0,0,0,0,1,0,narrative_hq, ,narrativehq, , 
Effect.ai,Artificial Intelligence,2018-03-24,2018-03-28,13591090,18400000,Normal, ,1,1,1,1,1,0,1,1,1,1,1,1,0,effectaix,effectai,effectai, ,https://www.youtube.com/channel/UCWzHpI310baipgvVMCxcwHA
Consensus,Artificial Intelligence, ,2018-03-28,0,0,Normal, ,0,1,1,1,1,0,1,1,0,0,1,1,0,consensus_ai, ,consensus-ai, , 
Loki,Currency,2018-03-01,2018-03-26,0,0,Normal, ,0,1,1,0,1,0,1,1,1,1,0,1,0,loki_project,loki-project,lokiproject, ,https://www.youtube.com/channel/UCN7LL0dEffQ7FSjbY5wwlnw
Cappasity,Marketplace,2018-02-22,2018-03-23,5100000,20000000,Normal, ,1,1,1,1,1,0,1,1,1,1,0,1,0,cappasity,CappasityTech,cappasity-inc-, ,https://www.youtube.com/channel/UCRCSGdmb2ClX-3P9A6oXkAw
Celsius,Finance,2018-03-16,2018-03-22,50000000,50000000,Normal, ,1,1,1,1,1,0,1,1,0,1,1,1,0,CelsiusNetwork, ,celsiusnetwork, ,https://www.youtube.com/channel/UC3yZY7UVs-zPKBuyNuPinbQ
PolySwarm,Security,2018-02-20,2018-03-22,25930000,50000000,Normal, ,1,1,1,1,1,0,1,0,1,1,1,1,0,polyswarm,polyswarm,polyswarm, ,https://www.youtube.com/channel/UClkA8JVQ--oMsPomOKM85fA
Viewly,Blockchain Service,2018-02-20,2018-03-22,12000000,12000000,Normal, ,0,1,0,1,1,0,1,0,1,0,1,0,0,OfficialViewly,Viewly/,view-ly, , 
Friendz,Marketing,2018-03-01,2018-03-21,18118800,50300000,Not rated, ,1,1,1,1,1,0,1,1,0,0,1,1,0,Friendz_ICO, ,friendz-app, , 
Sapien Network,Social Network,2018-03-21,2018-03-21,11740619,30000000,Low, ,1,1,1,1,1,0,1,1,1,0,0,1,0,sapien_network,SapienNetwork,sapien.network, , 
Valid,Verification,2018-02-24,2018-03-17,10730000,25000000,Not rated,"ETH, BTC, USD",1,1,1,1,1,0,1,1,1,1,0,1,0,valid_global,valid-global/,valid.global, ,https://www.youtube.com/channel/UCCjK3Sblx-Jxx8je84XakbQ
Switcheo Network,Exchange,2018-03-16,2018-03-17,8700000,8700000,Normal, ,0,1,1,0,1,0,1,1,1,0,1,0,0,switcheonetwork,ConjurTech/switcheo,switcheonetwork, , 
Socialmedia.market,Marketing,2018-02-09,2018-03-16,8462740,9700000,Normal, ,1,1,1,0,1,0,1,1,1,1,1,1,0,SocialMedia_io,SocialMediaMarket,socialmedia-market, ,https://www.youtube.com/channel/UCPJ919jN8eCcVDkzbCR06nw
Dragon,Currency,2018-02-15,2018-03-15,320000000,407500000,Normal, ,1,1,1,1,1,0,1,1,0,1,1,1,0,dragoncoin, ,dragon-corporation, ,https://www.youtube.com/channel/UCG9Ep0pYsSujqcfmCjHSlAQ
SyncFab,Blockchain Service,2018-02-15,2018-03-15,9155717,19700000,Normal, ,1,1,1,1,1,0,1,1,1,1,1,1,0,syncfab,syncfab,syncfab, ,https://www.youtube.com/user/syncfab
Endor,Hybrid Intellingence,2018-02-19,2018-03-14,45000000,45000000,Normal, ,1,1,1,1,1,0,1,1,1,1,1,0,0,endorscience,EndorCoin,endor-software-ltd, ,https://www.youtube.com/channel/UCnFEc86wGKq58we4mXyftRA
YGGDRASH,Blockchain,2018-03-12,2018-03-13,40000000,40000000,Not rated, ,1,1,1,1,1,0,1,1,1,0,1,1,0,YggdrashNews,yggdrash,akashic-foundation, , 
Ocean Protocol,Blockchain Service,2018-03-07,2018-03-09,22100000,22100000,High, ,1,1,1,0,1,0,1,1,1,1,0,0,0,oceanprotocol,oceanprotocol,ocean-protocol, ,https://www.youtube.com/channel/UCH8TXwmWWAE9TZO0yTBHB3A
Sentinel Chain,Marketplace,2018-03-06,2018-03-09,14400000,14400000,Normal, ,1,1,1,0,1,0,1,1,1,1,1,1,0,sentinelchain,InfoCorp-Technologies,sentinelchain, ,https://www.youtube.com/channel/UCvfvoCTvnH2OMAArfwXLaLA
JET8,Marketing,2018-02-28,2018-03-06,32700000,36000000,Normal, ,1,1,1,0,1,0,1,1,1,1,1,0,0,jet8app,jet8,jet8, ,https://www.youtube.com/channel/UCQ8Z1Qkl_Hx7vcj_S6r3QRw
DATx,Advertising, ,2018-03-06,44150000,44200000,Normal, ,0,1,1,1,1,0,0,1,1,0,1,1,0,DATxOfficial,DATx-Protocol, , , 
Zebi,Blockchain Service,2018-03-05,2018-03-05,8561100,8600000,Not rated, ,1,1,1,1,1,0,0,1,1,1,1,0,0,ZebidataIndia,zebidata/zebicrowdsale, , ,https://www.youtube.com/channel/UCrEFyjIGGznac_8nj9uhu2Q
IP Exchange,Marketplace,2018-02-28,2018-03-05,7904319,9300000,Normal, ,1,1,1,1,1,0,0,1,0,1,1,1,0,ipexchange1, , , ,https://www.youtube.com/channel/UCWdhDPJgK6n66DM7sKxm49w
PolicyPal Network,Insurance,2018-03-03,2018-03-04,20482240,20200000,Normal, ,0,1,1,0,1,0,1,1,1,0,1,1,0,PolicyPalNET,policypalnet,policypal-network, , 
Cortex,Artificial Intelligence,2018-02-07,2018-03-02,34870400,34900000,Normal, ,0,1,1,1,1,0,1,1,1,0,1,0,0,CTXCBlockchain,CortexFoundation,cortex-labs, , 
TomoCoin,Blockchain,2018-03-01,2018-03-02,8575000,8500000,Normal, ,1,1,1,1,1,0,0,0,0,1,1,1,0,TomoChainANN, , , ,https://www.youtube.com/channel/UCXZ2rmjM84qS80RCj6vQ1gw
MAD Network,Advertising,2018-02-28,2018-03-01,25000000,25000000,Normal, ,0,1,1,1,1,0,1,1,0,0,0,1,0,madnetwork_, ,mad-network, , 
Rentberry,Real Estate,2017-12-05,2018-03-01,27500000,30000000,Normal, ,1,1,1,1,1,0,0,1,1,1,0,1,0,rentberry_,Rentberry, , ,https://www.youtube.com/channel/UC1tJKugchHhE_2Y9kWJNXLA
Bankera,Banking,2017-11-27,2018-03-01,150949194,215900000,Not rated, ,1,1,1,1,1,0,0,0,0,0,1,1,0,Bankeracom, , , , 
Crowd Genie,Finance,2017-12-25,2018-03-01,5550000,5000000,Normal, ,1,1,1,1,0,0,0,0,1,1,1,1,0, ,crowdgenie/smart-contract, , ,https://www.youtube.com/playlist?list=PL2bOogx1dP7pOwt6Ul3DfyclOyNQyR58_
Ignite Ratings,Trading,2018-01-15,2018-02-28,3003777,8700000,Normal, ,1,1,1,1,1,0,1,0,1,1,1,0,0,igniteratings,IgniteRATINGS/IGNITE,ignite-ratings, ,https://www.youtube.com/channel/UCaFZ0BYiqyjp0BE87i59a2g
FintruX,Finance,2018-02-07,2018-02-28,24714054,25000000,Normal, ,1,1,1,1,1,0,0,1,1,1,1,0,0,fintrux,FintruX, , ,https://www.youtube.com/channel/UCl6fxREMFahDNNixg4leUig
Bridge Protocol,Verification,2018-02-22,2018-02-28,0,0,Normal,NEO,1,1,1,1,1,0,1,1,0,1,0,1,0,BridgeProtocol, ,bridge-protocol, ,https://www.youtube.com/channel/UC9diA7jwybSRfDil45tu3rg
AdHive,Advertising,2018-02-28,2018-02-28,17491749,17500000,Normal, ,1,1,1,1,1,0,1,1,1,1,1,1,0,AdhiveTv,adhivetv,adhive.tv, ,https://www.youtube.com/channel/UCXJEC_hyhfK_vtsc-dEJBxw
HERO Token,Finance,2018-02-01,2018-02-28,36416517,173900000,Normal, ,1,1,1,1,1,0,0,1,0,1,1,1,0,herotokenio, , , ,https://www.youtube.com/channel/UCglbFRJUT6stLj7JfiCQPlA
NaPoleonX,Trading,2018-01-22,2018-02-28,13951976,18300000,Normal, ,1,1,0,1,1,0,1,1,1,1,1,1,0,NapoleonXai,ProjectNapoleonX,napoleonx, ,https://www.youtube.com/channel/UCoN_vg-_GU09Yet6pyx9neA
Lympo,Healthcare,2018-02-17,2018-02-28,16857899,12700000,Normal, ,1,1,1,1,1,0,1,1,1,1,1,1,0,Lympo_io,LympoICO,lympo, ,https://www.youtube.com/channel/UCxklkPMx5daiRhYMfpHCg0Q?view_as=subscriber
Havven,Currency,2018-02-26,2018-02-28,30000000,30000000,Normal, ,0,1,1,1,1,0,1,1,1,0,0,1,0,havven_io,havven/havven,havven, , 
Huobi token,Exchange,2018-01-24,2018-02-28,300000000,300000000,High, ,0,1,1,1,1,0,0,0,0,1,1,0,0,HUOBI_Pro, , , ,https://www.youtube.com/channel/UCABkgL5rRAk61E2Qtjtqcxw/featured
Banca,Finance,2018-02-26,2018-02-26,20000000,20000000,Normal, ,0,1,1,0,1,0,1,1,1,0,0,1,0,Banca_Official,techbanca,banca, , 
Debitum Network,Finance,2018-01-25,2018-02-25,17200000,17200000,Not rated, ,1,1,1,1,1,0,1,1,1,1,1,1,0,DebitumNetwork,debitum,debitum-network, ,https://www.youtube.com/channel/UCKWNaiGaJ2XfuDT1gRM7soA
Electrify.Asia,Energy,2018-02-23,2018-02-24,29102830,30000000,Not rated, ,1,1,1,1,1,0,1,0,1,1,0,0,0,electrifyasia,electrifyasia,electrify.sg, ,https://www.youtube.com/channel/UCrgHrbn77JO8hhVsF0R8xdA/videos
TE-FOOD,Blockchain Service,2018-02-22,2018-02-22,19089273,19100000,Normal, ,1,1,1,1,1,0,1,1,0,1,1,1,0,TE_FOOD, ,te-food, ,https://www.youtube.com/channel/UCt4dONFbQCo1qC14mF0Z9_g
BABB,Finance,2018-02-06,2018-02-21,20000000,20000000,Normal, ,1,1,1,1,1,0,1,0,0,1,1,0,0,getbabb, ,babb, ,https://www.youtube.com/channel/UCQtkZd7sfzbEugz7VdFhv4Q/featured
dock.io,Data Service,2018-02-21,2018-02-21,20140818,20000000,Normal, ,0,1,1,1,1,0,1,1,1,0,1,1,0,dock_io,dockio,dockio, , 
Lendroid,Trading,2018-02-19,2018-02-20,47500000,47500000,Normal, ,0,1,1,0,1,0,1,0,1,0,0,0,0,lendroidproject,lendroidproject/lendroid-ens-loan,lendroid, , 
CLN,Payments,2018-02-14,2018-02-18,22895000,50000000,Normal, ,1,1,1,1,1,0,1,0,1,1,1,1,0,ColuNetwork,colucom/CLN-solidity,colu-co, ,https://www.youtube.com/channel/UC2yHSENHrugHTPwTBV8x4KQ
CREDITS,Blockchain,2018-02-18,2018-02-18,22570394,20000000,High, ,0,1,1,1,1,0,1,1,1,1,1,1,0,creditscom,CREDITSCOM,credits.com, ,https://www.youtube.com/channel/UCD9jHWhwq4l03Yu5XnOPEhg/featured
0chain,Blockchain,2018-02-07,2018-02-17,39000000,39000000,Not rated, ,1,1,1,1,1,0,1,1,1,1,1,0,0,0costcloud,0chain,0chain, ,https://www.youtube.com/channel/UCuRk0tjbTmc5GEYaFEISnAw
Gems,Blockchain Service, ,2018-02-16,0,0,Not rated, ,0,1,1,0,1,0,1,0,0,1,0,0,0,gems, ,gems-protocol, ,https://www.youtube.com/channel/UCn5o1UPQhXjYVKilsohkABA
REMME,Security,2018-02-13,2018-02-15,17544101,17500000,Not rated, ,1,1,1,1,1,0,1,1,1,1,1,0,0,remme_io,Remmeauth,remme, ,https://www.youtube.com/channel/UCeSQ8UosUXwII-6JOh7Fi3g
Winding Tree,Marketplace,2018-02-01,2018-02-15,14418196,10000000,Normal,ETH,1,1,1,0,1,0,1,1,1,1,0,1,0,windingtree,windingtree,winding-tree, ,https://www.youtube.com/channel/UCFuemEOhCfenYMoNdjD0Aew/featured
IoTeX,Blockchain,2018-01-01,2018-02-01,0,0,Not rated, ,0,1,1,0,1,0,1,1,1,1,1,0,0,iotex_io,iotexproject/iotex-core,iotex, ,https://www.youtube.com/channel/UCdj3xY3LCktuamvuFusWOZw
Telegram ICO (TON),Blockchain,2017-10-15,2018-02-15,0,0,Normal, ,1,0,1,0,0,0,0,0,0,0,0,0,0, , , , , 
FundRequest,Blockchain Service,2018-02-12,2018-02-14,12121040,15000000,Normal, ,1,1,1,1,1,0,1,1,1,1,0,1,0,fundrequest_io,fundrequest/,fundrequest, ,https://www.youtube.com/channel/UCHiEJCqisGBuOiMsFG1aLaQ
EBCoin,Currency,2018-01-16,2018-02-13,8515810,25300000,Normal, ,1,1,1,1,1,0,1,0,1,1,1,1,0,EBCoinGlobal,ebcoin,https:www.linkedin.cominEBCoin, ,https://www.youtube.com/channel/UCrBh44aLhQRxlHO5m_BfJ9Q
EximChain,Blockchain Service, ,2018-02-13,20000000,20000000,Normal, ,0,1,1,1,1,0,1,1,1,0,1,1,0,EximchainEXC,eximchain,eximchain, , 
Fusion,Blockchain,2018-02-01,2018-02-11,42185216,42200000,High, ,1,1,1,1,1,0,1,1,1,0,1,1,0,FUSIONProtocol,FusionFoundation,fusion-foundation, , 
Globitex,Exchange,2018-02-10,2018-02-11,12270000,12300000,Normal, ,1,1,1,1,1,0,0,1,0,1,1,0,0,globitex_, , , ,https://www.youtube.com/channel/UCNy-8TmvXd7VlfIY9s5Cshg
COPYTRACK,Blockchain Service,2018-01-10,2018-02-10,11087368,62900000,Normal, ,1,1,1,1,1,0,0,1,0,0,1,1,0,copytrackhq, , , , 
Dether,Payments,2018-02-07,2018-02-09,13444650,13400000,Not rated, ,1,1,1,1,1,0,0,1,1,1,1,1,0,dether_io,dethertech, , ,https://www.youtube.com/channel/UCXkA5w4KdpnBMeIsu62ZS8w
Insights Network,Blockchain Service,2018-02-05,2018-02-09,17376260,17400000,Normal, ,0,1,1,0,1,0,1,1,1,0,1,0,0,instartoken,InsightsNetwork,insights-network, , 
GBX,Exchange,2018-02-07,2018-02-08,27000000,27000000,Normal, ,1,1,1,1,1,0,0,1,0,1,1,1,0,GibBlockEx, , , ,https://www.youtube.com/channel/UC8AFevz1jYcHMXN-GLnae2g
Refereum,Gaming, ,2018-02-08,32252400,32300000,High, ,1,1,1,1,1,0,0,1,0,0,1,0,0,refereum, , , , 
Current,Media, ,2018-02-07,36000000,36000000,Not rated, ,1,1,1,1,1,0,0,1,1,1,1,0,0,Current_CRNC,CurrentMediaNetwork, , ,https://www.youtube.com/channel/UCgb5W27G00rZCdzTKjd_kpw
Datawallet,Blockchain Service,2018-02-05,2018-02-06,39436870,40000000,Normal, ,0,1,1,0,1,0,1,1,1,0,1,1,0,DataWalletHQ,DataWallet,pnyks, , 
ArcBlock,Blockchain Service,2018-02-04,2018-02-04,45000000,45000000,High, ,0,1,1,1,1,0,0,1,1,0,1,1,0,ArcBlock_io,arcblock, , , 
Republic Protocol,Trading,2018-02-03,2018-02-03,34299022,34400000,Normal, ,0,1,1,0,1,0,1,1,1,0,1,0,0,republicorg,republicprotocol,republic-protocol, , 
The Bee Token,Real Estate,2018-01-31,2018-02-02,15000000,15000000,Normal, ,1,1,1,1,1,0,1,1,1,0,1,1,0,thebeetoken,thebeetoken,thebeetoken, , 
FuzeX,Card, ,2018-02-02,36241600,36200000,Normal, ,1,1,1,1,1,0,1,1,1,1,1,1,0,fuzex_co,fuzex,fuzex-ag, ,https://www.youtube.com/channel/UCKC_X1r-3yoBpVeuFcR8thQ
MedicalChain,Healthcare,2018-02-01,2018-02-01,23991953,24000000,High, ,1,1,1,1,1,0,1,1,1,1,0,1,0,medical_chain,medicalchain,medicalchain-io, ,https://www.youtube.com/channel/UCZmFzvveq3E4AASPqP2XBeQ
WePower,Energy,2018-02-01,2018-02-01,40000000,40000000,High, ,1,1,1,1,1,0,0,0,1,1,1,1,0,WePowerN,WePowerNetwork, , ,https://www.youtube.com/channel/UCsocTWqQzDvoLBf2sVj96lQ
iungo,Mobile,2017-12-07,2018-02-01,45978800,46000000,Normal, ,1,1,1,1,1,0,0,1,1,1,1,1,0,iungonetwork,iungonetwork, , ,https://www.youtube.com/channel/UCR0FJ6lfu3Q9FVhQXaaa9Xw
CrowdWiz,Trading,2017-11-20,2018-01-31,7234387,20000000,Normal,"ETH, BTC, LTC",1,1,1,1,1,0,0,1,1,1,1,1,1,Crowdwiz,CrowdWiz-io, , ,https://www.youtube.com/c/Crowdwiz
AMLT,Blockchain Service,2017-12-12,2018-01-30,19042042,16000000,Not rated, ,1,1,1,1,1,0,1,1,0,1,0,1,0,AMLT_Token, ,amltoken, ,https://www.youtube.com/channel/UCUDxGxLVXXV-Ry4b5D2HS-Q
dadi,Cloud Storage,2018-01-29,2018-01-29,29000000,29000000,Normal, ,1,1,1,0,1,0,1,1,1,0,1,1,0,dadi,dadi,dadi, , 
Storiqa,Marketplace,2017-11-28,2018-01-29,25000000,25000000,Normal, ,1,1,1,1,1,0,1,1,1,1,1,1,0,storiqa,Storiqa,storiqa, ,https://www.youtube.com/channel/UCU_VW6azYd0cXFACzofUy5w
APEX,Blockchain Service,2018-01-29,2018-01-29,25000000,25000000,Normal, ,1,1,1,0,1,0,1,0,0,0,0,0,0,APEXnetworkCPX, ,apexnetwork, , 
LiveEdu,Blockchain Service,2018-01-15,2018-01-28,10000000,10000000,Normal, ,1,1,1,1,1,0,0,0,1,1,1,1,0,liveedutv,bokkypoobah/LiveEduCrowdsaleContractAudit, , ,https://www.youtube.com/channel/UCSE3yMEa2ck9usM4HaBLPZw
Sharpe Capital,Trading,2017-11-06,2018-01-28,7422000,7400000,Normal, ,1,1,1,1,1,0,1,1,1,1,1,1,0,sharpecapital,sharpe-capital,sharpe-capital, ,https://www.youtube.com/channel/UCGgKlPxTdQH5ua9prVMlH6Q/featured
Nucleus.Vision,Blockchain Service, ,2018-01-28,40000000,40000000,Normal, ,1,1,1,1,1,0,1,1,1,1,1,1,0,NucleusVision,NucleusVision,nucleusvision, ,https://www.youtube.com/channel/UCJ4LIGyMee0HnAx4rDvX0nw
Experty,Blockchain Service, ,2018-01-26,9468000,9500000,Normal, ,1,1,1,0,1,0,1,0,1,1,1,1,0,experty_io,Experty,experty_io, ,https://www.youtube.com/channel/UC4wc6GUUozN1_t-IAWu3-mA
CPChain,IOT, ,2018-01-24,30000000,30000000,Normal, ,1,1,1,0,1,0,0,0,0,0,0,0,0,cpchain_io, , , , 
Restart Energy,Energy,2018-01-23,2018-01-23,30000000,30000000,Normal, ,1,1,1,1,1,0,1,1,0,1,0,1,0,restartenergyio, ,restart-energy-democracy, ,https://www.youtube.com/channel/UC3EnYKC8QVOUg8T-3oAlK9w
Odyssey,Blockchain Service, ,2018-01-23,50000000,47600000,Normal, ,0,1,1,0,1,0,0,1,1,1,1,0,0,ODYSSEYPROTOCOL,OdysseyProtocol, , ,https://www.youtube.com/channel/UC9mCpaOU-4ZkvDPoDXpLx7g
Elastos,Blockchain,2018-01-02,2018-01-23,94073200,94100000,Normal, ,1,1,1,1,1,0,1,1,1,1,1,0,0,Elastos_org,elastos,elastos-foundation, ,https://www.youtube.com/channel/UCy5AjgpQIQq3bv8oy_L5WTQ
Ink Protocol,Blockchain Service,2018-01-22,2018-01-22,15000000,15000000,Not rated, ,0,1,1,0,1,0,1,0,0,0,1,0,0,PayWithInk, ,ink-protocol, , 
Pundi X,Blockchain Service,2018-01-21,2018-01-21,35000000,35000000,Normal, ,1,1,1,1,1,0,1,0,1,1,1,1,0,PundiXLabs,pundix,pundipundi, ,https://www.youtube.com/channel/UCOIf6WeLEzZi3DQxzenTZeA
FORTUNA,Trading,2018-01-21,2018-01-21,2000000,2000000,Normal, ,0,1,1,1,1,0,1,1,0,0,1,1,0,Fortuna_FOTA, ,fortuna-blockchain, , 
DATA,Advertising, ,2018-01-21,37988300,38000000,Normal, ,0,1,1,1,1,0,1,1,1,1,1,0,0,Blockchain_Data,Blockchain-DATA,blockchain-data-foundation, ,https://www.youtube.com/channel/UCdz-xjQG5XJBleJyYLMYrHw
Bluzelle,Data Service,2018-01-18,2018-01-20,19500000,19500000,Normal, ,1,1,1,0,1,0,1,1,1,1,0,1,0,bluzellehq,njmurarka/bluzelle,bluzelle-networks, ,https://www.youtube.com/channel/UCzhJz9g-T5BWjbPeJLKY_jw
Devery,Verification,2018-01-18,2018-01-19,10000000,10000000,Normal, ,0,1,1,0,1,0,1,1,1,0,1,0,0,deveryofficial,devery,devery, , 
Mobius,Blockchain Service,2018-01-18,2018-01-19,39000000,39000000,Normal, ,0,1,1,1,1,0,1,1,1,0,1,0,0,mobius_network,mobius-network,mobiusnetwork, , 
Zeepin,Blockchain Service,2018-01-18,2018-01-18,62580000,62600000,Normal, ,1,1,1,1,1,0,1,1,0,1,1,0,0,ZeepinChain, ,zeepin-foundation, ,https://www.youtube.com/channel/UCRMJC5LbbZux7awYljjFSDQ
OriginTrail,Blockchain Service,2018-01-15,2018-01-17,21513600,21500000,Not rated, ,1,1,1,1,1,0,1,1,1,0,1,1,0,origin_trail,origintrail,origintrail, , 
MatrixChain,Blockchain,2018-01-17,2018-01-17,12592104,12600000,Normal, ,1,1,1,1,1,0,0,1,1,1,0,1,0,MatrixAINetwork,MatrixAINetwork, , ,https://www.youtube.com/channel/UCPW71zYx0Zlj946twmqEWZA
Envion,Mining,2017-12-15,2018-01-17,100000000,150000000,Low, ,1,1,1,1,1,0,1,1,1,0,1,1,0,Envion_org,envion,envion-ag, , 
InsurePal,Blockchain Service,2018-01-16,2018-01-16,18000000,18000000,Normal, ,1,1,1,1,1,0,0,0,1,1,1,1,0,InsurePal_io,InsurePal, , ,https://www.youtube.com/channel/UCgpEjq3P54FKDmJDyOjJ9vg
AidCoin,Marketplace,2018-01-16,2018-01-16,18632900,18600000,Not rated, ,1,1,1,1,1,0,1,1,1,0,1,1,0,aid_coin,AidCoinCo/aidcoin,aidcoin, , 
Boon.Tech,Marketplace,2017-12-15,2018-01-16,5000000,10000000,Normal, ,1,1,1,1,1,0,0,0,1,1,0,1,0,BoonTechUSA,boontech, , ,https://www.youtube.com/channel/UCy8RUR0x8w-eniyj2OHc86g/videos?flow=grid&sort=p&view=0
PARETO,Media,2017-12-01,2018-01-16,0,0,Normal, ,0,1,1,1,0,0,1,1,1,1,0,1,0, ,ParetoNetwork,pareto-network-ltd, ,https://www.youtube.com/channel/UCWbAwsAEmNksqhhDlgBaSQA
carVertical,Blockchain Service,2017-12-24,2018-01-16,19911150,19900000,Not rated, ,1,1,0,1,1,0,0,0,0,1,0,1,0,carVertical_com, , , ,https://www.youtube.com/channel/UCRqoBXtP2v0H8C844YN8mdA
Thekey.vip,Verification,2018-01-15,2018-01-15,22000000,22000000,High, ,0,1,1,1,1,0,1,1,1,1,1,0,0,thekeyvip,thekeygithub,thekeyofficial, ,https://www.youtube.com/channel/UCDuN2bjI7cAhoIIxJ_nTaCQ
Trinity,Blockchain Service,2018-01-14,2018-01-14,20000000,20000000,Normal, ,1,1,1,0,1,0,0,1,1,1,0,0,0,TrinityProtocol,trinity-project/trinity, , ,https://www.youtube.com/channel/UC7pIGSLLLFVecs14Zn0Dh5A
GatCoin,Marketing,2018-01-14,2018-01-14,14500000,14500000,Normal, ,1,1,1,1,1,0,1,1,1,1,1,1,0,gatcoin,gatcoin,gatcoin, ,https://www.youtube.com/channel/UCWw8bFGvev1wVYDBQ2R3lfg
Selfkey,Verification,2018-01-14,2018-01-14,21776392,21800000,Normal, ,1,1,1,1,1,0,0,1,0,1,0,1,0,SelfKey, , , ,https://www.youtube.com/channel/UCsilze3-MhbCY3_QkKul3PQ
adbank,Blockchain Service,2017-12-14,2018-01-14,13962900,14000000,Not rated, ,1,1,1,1,1,0,1,1,1,1,1,1,0,adbanknetwork,AdBank,adbanknetwork, ,https://www.youtube.com/channel/UCsZg2dWT9Y1qwCUNs9MEuhA
Olympus Labs,Finance, ,2018-01-14,60324750,60300000,Normal, ,0,1,1,1,1,0,0,1,1,0,1,1,0,olympuslabsbc,Olympus-Labs, , , 
LALA World,Finance,2018-01-05,2018-01-13,20191350,20200000,Normal, ,1,1,1,1,1,0,0,1,0,0,1,1,0,MyLaLaWorld, , , , 
Polymath,Blockchain Service, ,2018-01-13,0,0,Normal, ,1,1,1,1,1,0,0,1,0,0,0,1,0,polymathnetwork, , , , 
Latium,Collaboration,2017-11-15,2018-01-13,14400000,15000000,Not rated, ,1,1,1,1,1,0,0,0,0,0,0,0,0,LatiumCoin, , , , 
FortKnoxster,Mobile,2017-02-19,2018-01-12,15000000,15000000,Normal, ,1,1,1,1,1,0,0,1,0,1,1,1,0,FortKnoxster, , , ,https://www.youtube.com/channel/UCZB8URO26cktviSxp3SeHig/videos
aXpire,Finance,2018-01-08,2018-01-12,20000000,20000000,Normal, ,1,1,1,1,1,0,0,1,0,1,1,0,0,aXpire_official, , , ,https://www.youtube.com/channel/UCGk_ARm1Dg0o8VgjYIpouFg
HOQU,Marketing,2017-11-27,2018-01-11,18782400,33200000,Not rated, ,0,1,1,1,1,0,0,1,1,1,0,1,0,HOQU_IO,hoqu-io, , ,https://www.youtube.com/channel/UCcfcY4aMC4liK8FAxmZP2Qw
Loom Network,Blockchain Service,2018-01-05,2018-01-11,45808270,57000000,Normal, ,0,1,0,0,1,0,1,1,1,0,1,0,0,loomnetwork,loomnetwork,loom-network, , 
Cypherium,Blockchain, ,2018-01-11,25000000,25000000,Normal, ,1,1,1,1,1,0,0,1,0,0,0,1,0,CypheriumChain, , , , 
SwissBorg,Banking,2017-12-07,2018-01-10,50000000,50000000,Not rated, ,1,1,1,1,1,0,1,1,1,1,1,1,0,swissborg,SwissBorg,swissborg, ,https://www.youtube.com/channel/UC_Jyx7gJXh3yHFxZSJIlIhQ
CoinFi,Trading,2018-01-10,2018-01-10,0,0,High, ,0,1,1,1,1,0,1,1,1,1,1,0,0,coin_fi,coinfi,coinfi, ,https://www.youtube.com/channel/UCCN5q3_Dk9wwk3h4nt01K1w
Block.array,Blockchain Service,2018-01-05,2018-01-10,14375000,14400000,Not rated, ,0,1,1,0,1,0,1,0,1,0,1,0,0,blockarraygroup,blockarraygroup,blockarray, , 
Ontology Network,Blockchain Service, ,2018-01-08,0,0,High, ,0,1,1,1,1,0,1,1,1,0,1,0,0,OntologyNetwork,ontio,ontology-network-official, , 
Neuromation,Network,2018-01-07,2018-01-08,71669400,71700000,Not rated, ,1,1,1,1,1,0,1,1,0,1,1,1,0,neuromation_io, ,neuromation-technologies, ,https://www.youtube.com/channel/UC43ZGqyRIM30riSlQgmIlgQ
Shipchain,Blockchain Service, ,2018-01-06,30000000,30000000,Normal, ,0,1,1,1,1,0,1,0,1,0,1,1,0,shipchain,ShipChain,shipchain, , 
Crypterium,Banking,2017-10-31,2018-01-06,51656963,47000000,Normal, ,1,1,1,1,1,0,1,0,0,1,1,1,0,crypterium, ,crypterium, ,https://www.youtube.com/channel/UCulhwOW251X2fpRJ7bTCCvg
Theta token,Blockchain Service, ,2018-01-04,20000000,20000000,Normal, ,1,1,1,1,1,0,1,0,1,1,1,0,0,thetatoken,thetatoken,theta-labs-inc, ,https://www.youtube.com/channel/UCTLBcj0nqZR9lrAhHccoPgQ
ZILLIQA,Blockchain,2017-12-27,2018-01-04,22000000,22000000,High, ,1,1,1,0,1,0,1,1,0,1,0,1,0,zilliqa, ,zilliqa, ,https://www.youtube.com/channel/UCvinnFbf0u71cajoxKcfZIQ
trade.io,Trading,2016-12-07,2017-01-04,31169749,135000000,Normal, ,1,1,0,1,1,0,1,1,0,1,1,1,0,TradeToken, ,trade-io, ,https://www.youtube.com/channel/UC4LkJ1sK-nQ3bAC4Xv8sRag
Zipper,Mobile,2016-11-30,2017-01-04,19220000,19200000,Normal, ,1,1,1,1,1,0,0,0,1,1,1,0,0,zipperglobal,zippiehq, , ,https://www.youtube.com/channel/UCVLmaCnsRzEHcKKfi1Wc4GA
IOST,Blockchain, ,2017-01-03,31255000,31300000,Normal, ,1,1,1,0,1,0,1,1,1,1,1,1,0,iostoken,iost-official?tab=repositories,iostproject, ,https://www.youtube.com/channel/UCyyPv5TQ01kRV48drO-ivpQ
Lamden,Blockchain Service, ,2017-01-03,10000000,10000000,Normal, ,1,1,1,1,1,0,1,1,1,1,0,1,0,lamdentau,Lamden/,lamden, ,https://www.youtube.com/channel/UCpk6krHUlmcf0FWnFFHFpZQ
Bloom,Finance,2016-11-30,2017-01-01,41420705,80500000,Normal, ,1,1,1,1,1,0,1,1,0,1,0,0,0,Bloom, ,hellobloom, ,https://www.youtube.com/channel/UCaMfVoHQzwX47XKUawWVCzg
Spectiv,VR,2016-12-09,2017-01-01,7605767,10600000,Normal, ,1,1,1,1,1,0,1,0,0,1,1,0,0,spectivvr, ,spectivvr, ,https://www.youtube.com/channel/UCPrxpI__VFaV0PUh5W_FMug
Covesting,Trading,2017-11-24,2017-12-31,18750000,18800000,Not rated, ,1,1,1,1,1,0,1,0,1,1,1,1,0,covesting,covesting/covesting-io,covesting, ,https://www.youtube.com/channel/UCRFXGbSl6gWa_Fw-u90GTYg
LinkerCoin,Blockchain Service,2017-11-25,2017-12-31,10133235,10100000,Normal, ,1,1,1,1,1,0,1,1,1,1,1,0,0,Linkercoin,linkercoinfoundation/Linker-Coin-Project,linkercoin, ,https://www.youtube.com/channel/UCwlpsYDS75x5ueEAAZUnZBQ/
Finom,Business,2017-11-15,2017-12-31,41285458,102000000,Normal, ,1,1,1,1,1,0,1,0,0,1,1,1,0,finom_company, ,finom.io, ,https://www.youtube.com/channel/UCEKGeWFdNGiuZ6Qh7xtiGNg
Loci,Blockchain Service,2017-12-08,2017-12-31,7376751,19000000,Normal, ,1,1,1,1,1,0,1,1,1,1,1,0,0,lociplatform,Locipro/loci-coin-sale,lociplatform, ,https://www.youtube.com/channel/UCEHKR3SftdjzUNmvkVaensg
Telcoin,Mobile,2017-12-12,2017-12-31,25000000,25000000,High, ,1,1,1,1,1,0,1,1,1,1,1,1,0,telcoin_team,telcoin,telcoin, ,https://www.youtube.com/channel/UCBEKBh64cZy7U3O7VtKsLOg
STK Token,Currency,2017-12-29,2017-12-29,17000000,17000000,High, ,1,1,1,1,1,0,0,1,1,1,1,1,0,stktoken,STKtoken, , ,https://www.youtube.com/channel/UCMxqeutTywTPW-3Z0KBDGFA
Gladius,Security,2017-11-24,2017-12-29,14681250,12500000,Not rated, ,1,1,1,1,1,0,0,0,0,1,1,1,0,gladiusio, , , ,https://www.youtube.com/channel/UCm4Sx7h9MfoQzZtgUuV9aOA
BitDegree,Marketplace,2017-12-01,2017-12-28,22127834,21600000,Normal, ,1,1,1,1,1,0,0,1,1,1,0,1,0,bitdegree_org,bitdegree, , ,https://www.youtube.com/channel/UCuiGDksOmsM8y-_txG3wPYg
BANKEX,Finance,2017-11-28,2017-12-28,70600000,103500000,Normal, ,1,1,1,1,1,0,0,1,1,1,0,1,0,BankExProtocol,BankEx, , ,https://www.youtube.com/bankex
Jibrel Network,Trading,2017-11-27,2017-12-27,30000000,30000000,Normal, ,0,1,1,0,1,0,0,1,1,1,0,1,0,JibrelNetwork,jibrelnetwork, , ,https://www.youtube.com/watch?v=LBMyd7Ql8QU
CanYa,Marketplace,2017-11-26,2017-12-27,8336405,23000000,Not rated, ,1,1,1,0,1,0,0,0,1,1,0,1,0,canya_io,CanYaCoinSale/, , ,https://www.youtube.com/channel/UCbbpsDWjpdC-4LjDnF4Ec6w/
Nitro,Gaming,2017-11-30,2017-12-26,2694156,58000000,Normal, ,1,1,1,1,1,0,0,1,0,1,1,1,0,NitroToken, , , ,https://www.youtube.com/channel/UCsWIHzRA02i2DhSYoQ5deAg
TokenPay,Currency,2017-12-07,2017-12-26,40948500,40900000,Normal, ,1,1,1,1,1,0,0,0,1,1,1,1,0,tokenpay,tokenpay, , ,https://www.youtube.com/channel/UC-79FZjJVb7f5jKDIcjm20g
Sirin Labs,Hi-Tech,2017-12-12,2017-12-26,0,0,Not rated, ,1,1,1,1,1,0,0,1,1,0,1,1,0,SIRINLABS,sirin-labs, , , 
Sola,Social Network,2017-11-27,2017-12-25,2233700,5000000,Normal, ,0,1,1,1,1,0,1,0,1,0,1,1,0,solaplatform,solaplatform,plag-, , 
INS Ecosystem,Marketplace,2017-12-04,2017-12-25,41500000,41500000,Not rated, ,1,1,1,1,1,0,1,1,1,1,0,1,0,ins_ecosystem,ins-ecosystem,insecosystem, ,https://www.youtube.com/channel/UCyAkkLSuxsuwBIRo6u1keHA/featured
Uttoken,Trading,2017-11-30,2017-12-25,30854682,58500000,Normal, ,0,1,1,1,1,0,0,0,1,1,1,1,0,Uttoken,unitedtraders, , ,https://www.youtube.com/user/theunitedtraders
Zen Protocol,Blockchain,2017-11-30,2017-12-24,46368226,46400000,High, ,0,1,1,1,1,0,0,1,1,1,0,1,0,zen_protocol,zenprotocol/zen-wallet, , ,https://www.youtube.com/channel/UCVm4j3TrmD8mSvvExG_CAIw/videos
Hdac,Blockchain,2017-11-27,2017-12-23,20000000,87700000,Not rated, ,1,1,0,1,1,0,1,1,1,0,0,1,0,hdactech,Hdactech,hdac, , 
SingularityNET,Artificial Intelligence,2017-12-21,2017-12-22,32847814,32800000,Normal, ,1,1,1,1,1,0,1,1,1,1,0,1,0,singularity_net,singnet,singularitynet, ,https://www.youtube.com/channel/UCbTE8vfz5zuEK5uRnc2yjrw
Qlink,Mobile,2017-12-22,2017-12-22,19270800,19300000,High, ,0,1,1,1,1,0,1,1,1,1,1,1,0,QlinkMobi,qlcchain/,qlcchain, ,https://www.youtube.com/channel/UCbdnrnM7Zok47NI75NPdcrg
PROPS,Currency,2017-12-22,2017-12-22,25000000,25000000,Normal, ,1,1,1,0,1,0,1,1,0,1,0,0,0,PROPSproject, ,props-younow, ,https://www.youtube.com/channel/UCGT1j-LLcqAp238aO309F_g
AppCoins,Mobile,2017-12-13,2017-12-20,15300000,15300000,Normal, ,1,1,1,1,1,0,0,1,1,0,1,1,0,AppCoinsProject,Aptoide/AppCoins-white-paper, , , 
indaHash,Marketing,2017-11-29,2017-12-20,42715825,67000000,Normal, ,1,1,1,1,1,0,0,1,1,1,1,1,0,indaHash,indahash, , ,https://www.youtube.com/indahash
Aditus,Marketplace,2017-12-01,2017-12-20,7100193,22500000,Normal, ,0,1,1,1,1,0,1,1,1,0,1,1,0,aditusnet,aditus,https:www.linkedin.cominaditus-adi-38b545152, , 
CommerceBlock,Finance,2017-11-28,2017-12-19,8820470,25000000,Not rated, ,1,1,1,1,1,0,1,1,1,0,0,1,0,commerceblock,commerceblock,commerceblock, , 
Bread,Payments,2017-12-19,2017-12-19,20021300,20000000,Normal, ,1,1,1,1,1,0,1,1,1,1,0,0,0,breadtoken,breadwallet,breadwallet, ,https://www.youtube.com/channel/UC33l26omZxKNf81927LjwDg
MiniApps,Blockchain Service,2017-10-18,2017-12-19,3236016,51800000,Normal, ,1,1,1,0,1,0,0,0,0,1,1,1,0,miniapps_pro, , , ,https://www.youtube.com/c/MiniAppsPro
SophiaTX,Blockchain,2017-12-07,2017-12-17,23470356,82300000,High, ,1,1,1,1,1,0,1,1,0,1,0,1,0,Sophia_TX_, ,sophiatx, ,https://www.youtube.com/channel/UC_kD79l5xj4UWA1X6vd6z3Q
Clout,Media,2017-11-17,2017-12-17,2651403,50000000,Normal, ,1,1,0,1,1,0,0,0,0,1,1,1,0,clout_media, , , ,https://www.youtube.com/channel/UC5X6xEcbIYK4GEj6tD58aQg
NeuFund,Crowdfunding,2017-11-17,2017-12-17,0,0,Normal, ,1,1,1,1,1,0,1,1,1,1,0,1,0,neufundorg,orgs/Neufund,neufund, ,https://www.youtube.com/channel/UClkh_1buHXDBIs8s14oboYw
Bounty0x,Marketplace,2017-12-16,2017-12-16,1602927,1500000,Not rated, ,1,1,1,0,1,0,1,1,0,1,0,1,0,bounty0x, ,bounty0xnetwork, ,https://www.youtube.com/channel/UCz6Sy-x4BhFR8CDT2bjGrLw
Nebulas,Blockchain Service, ,2017-12-16,60000000,60000000,High, ,1,1,1,1,1,0,1,1,1,1,1,0,0,nebulasio,nebulasio,nebulas.io, ,https://www.youtube.com/channel/UCjLeXpHykFS71FlXNrk9MWg
Coinlancer,Collaboration,2017-10-04,2017-12-16,11860153,50000000,Not rated, ,1,1,1,1,1,0,1,0,1,1,1,1,0,Coin_Lancer,coinlancer,coinlancer, ,https://www.youtube.com/channel/UCu69wfN4Lq7a0f8H1I1s51Q
Naga,Finance,2017-12-01,2017-12-16,45318896,30000000,Normal, ,1,1,1,0,1,0,1,0,0,1,1,1,0,naga_coin, ,thenagacoin, ,https://www.youtube.com/channel/UCVuYNdaqi-dgRbQiqGx_M3A
MediBloc,Healthcare,2017-11-13,2017-12-15,21271251,30000000,Not rated, ,1,1,1,1,1,0,1,0,1,1,1,1,0,_MediBloc,Medibloc,medibloc, ,https://www.youtube.com/channel/UC_bbdfVECp1qRJCR6P_-UDQ
DreamTeam,Gaming,2017-12-11,2017-12-15,5516229,45000000,Normal,"ETH, BTC",1,1,1,1,1,0,0,1,1,1,0,1,0,DreamTeam_Token,dreamteamgg/smart-contract, , ,https://www.youtube.com/channel/UCoJoacvTWfzTeayIMhmprPw?view_as=subscriber
DeepBrain Chain,Artificial Intelligence,2017-12-15,2017-12-15,11755200,11800000,Normal, ,1,1,1,1,1,0,1,1,1,1,0,0,0,DeepBrainChain,DeepBrainChain,deepbrain-chain, ,https://www.youtube.com/channel/UCq4ARWq5D0Vv9W1mhWJrzgw
UpToken,Real Business,2017-10-16,2017-12-15,18934021,35000000,Normal, ,1,1,1,1,1,0,1,1,1,0,0,0,0,uptoken,coinme,coinme, , 
Aigang,Insurance,2017-11-15,2017-12-15,4228920,31100000,Normal, ,1,1,1,0,1,0,1,0,1,1,1,0,0,AigangNetwork,AigangNetwork,aigang.network, ,https://www.youtube.com/channel/UCz3SOODJDvxV_vx47SYR8bw
GIFTO,Marketplace,2017-12-14,2017-12-14,10000000,10000000,Normal, ,1,1,1,1,1,0,1,1,1,1,1,1,0,GIFTO_io,GIFTO-io,asia-innovations, ,https://www.youtube.com/channel/UCQjmTBnd_wPXhz6pY9nXJmQ
GUTS Tickets,Ticketing,2017-10-25,2017-12-13,7520874,17500000,Normal, ,0,1,1,1,1,0,1,1,0,0,0,1,0,gutstickets, ,guts-tickets, , 
Wala,Finance,2017-12-01,2017-12-11,1195794,30000000,Normal,ETH,1,1,1,0,1,0,1,1,1,1,0,1,0,getwala,GetDala/dala-smart-contracts,dalafoundation, ,https://www.youtube.com/channel/UChGERgmukDJyqysFi-Q2Evw
Spectre,Trading,2017-11-17,2017-12-10,16587120,30000000,Normal, ,1,1,1,1,1,0,1,1,0,1,1,1,0,SpectreAI, ,spectreai, ,https://www.youtube.com/channel/UCiP9p9LJLLZ48724nkOvetw
SportyFi,Blockchain Service,2017-11-21,2017-12-10,5087896,16000000,Normal, ,1,1,1,1,1,0,1,1,1,1,1,1,0,sportyfi_io,sportyfi,25055326, ,https://www.youtube.com/channel/UCASh3Qp4dMiGKOKOOgZ6JsQ
aelf,Blockchain Service,2017-11-28,2017-12-10,24750000,24800000,Normal, ,0,1,1,1,1,0,0,1,1,0,1,0,0,aelfblockchain,aelfProject, , , 
Universa,Blockchain,2017-10-28,2017-12-09,28559233,99000000,High, ,0,1,1,1,1,0,0,1,1,0,1,1,0,Universa_News,UniversaBlockchain/universa, , , 
Storm,Collaboration,2017-11-07,2017-12-08,30716420,27600000,Normal, ,1,1,1,1,1,0,0,1,0,0,0,1,0,Storm_Token, , , , 
Aphelion,Trading,2017-11-15,2017-12-08,4780661,6700000,Normal, ,1,1,1,1,1,0,1,1,1,1,0,1,0,apheliontoken,aphtoken/,11245374, ,https://www.youtube.com/channel/UC2mRNm5zGbV-ZmK0-NiQvgg/featured
Hut34,Cloud Storage,2017-11-02,2017-12-07,3383665,26400000,Normal, ,1,1,1,1,1,0,0,0,1,1,1,1,0,hut34project,hut34, , ,https://www.youtube.com/channel/UCiemFFyT2Sv2ulrRQfNI89Q
Leverj,Trading,2017-11-07,2017-12-07,13049080,51000000,High, ,1,1,1,0,1,0,0,1,1,1,0,0,0,Leverj_io,coinpit, , ,https://www.youtube.com/channel/UC9oq9zNCn5vFuWwtLuNLUfw
Verify,Verification,2017-12-06,2017-12-06,2500000,2500000,Not rated, ,1,1,1,1,1,0,0,1,1,0,1,1,0,verif_yas,verifyas/, , , 
Cashaa,Banking,2017-11-06,2017-12-06,11110000,32000000,Low, ,1,1,1,1,1,0,1,1,1,1,1,1,0,CashaaLTD,cashaadev,cashaa, ,https://www.youtube.com/channel/UCwRJjX6dNz49j3Pc0ROZJbg
fidentiaX,Insurance,2017-11-06,2017-12-05,1566283,2900000,Normal, ,1,1,1,1,1,0,1,1,0,1,1,1,0,fidentiaX, ,fidentiax, ,https://www.youtube.com/channel/UCWbqz0pTA-UJB0EQK_rn-Pg
SmartMesh,Blockchain Service,2017-11-29,2017-12-04,15691200,16800000,Normal, ,0,1,1,1,1,0,1,0,1,1,1,0,0,smart_mesh,SmartMeshFoundation,smartmesh-foundation, ,https://www.youtube.com/channel/UCrrPpnGqu7PJeU13U0VRPBA?
Crypto.tickets,Ticketing,2017-11-02,2017-12-03,1750000,4000000,Normal, ,1,1,1,1,1,0,1,1,0,1,0,1,0,CryptoTickets, ,crypto-tickets, ,https://www.youtube.com/channel/UCQ0DDUcj6To9hjccuvHTUYA/videos
DMarket,Gaming,2017-11-14,2017-12-01,19026768,53300000,Normal, ,1,1,1,1,1,0,1,1,1,0,1,1,0,dmarket_com,suntechsoft/dmarket-smartcontract,d-market, , 
Blockstack,Network,2017-11-16,2017-12-01,50000000,50000000,Normal, ,1,1,1,1,1,0,1,1,1,1,0,1,0,blockstack,blockstack,blockstack-labs, ,https://www.youtube.com/channel/UC3J2iHnyt2JtOvtGVf_jpHQ
Simple Token,Blockchain,2017-11-14,2017-12-01,21728192,20000000,High, ,1,1,1,1,1,0,1,1,1,1,1,1,0,TheSimpleToken,Vezt,vezt, ,https://www.youtube.com/channel/UCrDo4vSElgUa_HzdvYqBZTA
Vezt,Marketplace,2017-11-03,2017-12-01,1378806,15000000,Not rated, ,1,1,0,1,1,0,1,1,0,1,2,0,0,VeztInc, ,vezt, ,https://www.youtube.com/channel/UC9tizTLk-7gaBqSZ8Gtg0sQ
CRYPTO20,CryptoFund,2017-10-16,2017-12-01,37698373,75000000,Low, ,1,1,1,1,1,0,0,1,1,1,1,0,0,CRYPTOtwenty,cryptotwenty, , ,https://www.youtube.com/channel/UCD8q9H_MszuWbT8un5gLDAw
Sense,Smart Contract,2017-11-07,2017-12-01,15000000,15000000,Normal, ,1,1,1,1,1,0,0,1,1,0,1,1,0,sensay,sensetoken, , , 
Playkey,Gaming,2017-11-01,2017-12-01,0,0,Normal, ,0,1,1,1,1,0,1,1,1,1,1,1,0,Playkey_EN,Playkey,playkey, ,https://www.youtube.com/channel/UCNicQqMS8fELXuPAl92_jAw
PallyCoin,Social,2017-10-15,2017-11-30,861408,5000000,Normal, ,1,1,1,1,1,0,1,1,1,1,1,1,1,pally_app,merlox/pally,pally, ,https://www.youtube.com/channel/UC4bi-SwrQGgAhh9BkA5m0aw
LockChain,Marketplace,2017-10-29,2017-11-30,4055130,13200000,Normal, ,1,1,1,1,1,0,1,0,1,1,1,0,0,LockChainCo,LockChainLtd/Smart-Contract,lock-chain-co, ,https://www.youtube.com/channel/UCKXPgotU1HYR-zSGhtF_4Qg
Genaro Network,Cloud Storage,2017-11-17,2017-11-30,11362000,29600000,Normal, ,1,1,1,1,1,0,1,1,1,1,1,0,0,GenaroNetwork,GenaroSanada,genaro-network, ,https://www.youtube.com/channel/UCPkSHMmIM8WONHyRL00mwQg/featured
Esports,Gaming,2017-11-01,2017-11-30,5838211,41200000,Normal, ,1,1,1,1,1,0,1,1,0,1,0,1,0,EsportsDotCom, ,esports-com, ,https://www.youtube.com/channel/UCFtLf5D2YA7ScebNzE1Qm1g/videos
ETHLend,Finance,2017-11-25,2017-11-30,17860000,17900000,High, ,1,1,1,1,1,0,1,1,1,1,0,1,1,ethlend1,ETHLend,ethlend, ,https://www.youtube.com/channel/UCZUFYgrvO7xpxzMjijgqWyQ
WaBi,Blockchain Service,2017-11-28,2017-11-30,11500000,11500000,High, ,1,1,1,1,1,0,1,1,0,1,1,1,0,wabiico, ,wabi-project, ,https://www.youtube.com/channel/UCqPmhEMNHI50oNH0FwyLAPQ
Paycent,Finance,2017-11-02,2017-11-30,15525000,186300000,Normal, ,1,1,1,1,1,0,1,0,1,1,1,1,0,PaycentGlobal,PaycentGlobal,https:www.linkedin.comshowcasepaycentos, ,https://www.youtube.com/channel/UCNOUK_ymLmkN8b0WIBfmApw
Game.com,Gaming,2017-11-01,2017-11-30,0,0,Normal, ,0,1,0,1,1,0,0,1,1,0,1,1,0,gameblockchain,GameLeLe, , , 
Snovio,Business,2017-10-31,2017-11-30,2129106,10000000,Normal, ,1,1,1,1,1,0,1,1,0,1,1,1,0,snovio_ico, ,snovio, ,https://www.youtube.com/channel/UCfvMUI2tXgc0Pcjk0hF5pSw
Presearch,Network,2017-09-09,2017-11-30,0,0,Normal, ,1,1,1,1,1,0,1,0,0,1,1,0,0,presearchnews, ,presearch_org, ,https://www.youtube.com/channel/UCgU-2uscwUP6x27mUpCGWwg
WAX,Gaming,2017-11-15,2017-11-29,9600000,9600000,Normal, ,1,1,1,1,1,0,1,1,0,1,1,0,0,wax_io, ,opskins-com---marketplace, ,https://www.youtube.com/channel/UCQPwMpYKMDiudnw41QwliHQ
Datum,Marketplace,2017-10-29,2017-11-29,7581120,29400000,Normal, ,1,1,1,1,1,0,1,0,0,1,0,1,0,datumnetwork, ,datumfoundation, ,https://www.youtube.com/channel/UCqJepW8CF0havPLdmnJtuew
BitClave,Blockchain Service,2017-11-29,2017-11-29,25547000,25500000,Normal, ,1,1,1,0,1,0,1,0,1,1,1,1,0,bitclave,bitclave/,bitclave, ,https://www.youtube.com/bitclave
Mercury Protocol,Blockchain Service,2017-10-25,2017-11-25,4749479,20000000,Normal, ,1,1,1,0,1,0,1,1,1,1,0,0,0,mercuryprotocol,mercuryprotocol,mercury-protocol, ,https://www.youtube.com/channel/UCa_tIG6rzXFBYpyMM_CuCQA/videos
MyWish,Smart Contract,2017-10-25,2017-11-25,2670000,2700000,Normal, ,1,1,1,1,1,0,1,0,1,1,1,1,0,mywishplatform,mywishplatform,mywill-platform, ,https://www.youtube.com/channel/UCBL6_ojQyXqgHRFRqB-ei-w
Starbase,Crowdfunding,2017-11-09,2017-11-24,8842000,10000000,Normal, ,1,1,1,1,1,0,1,0,1,1,0,0,0,StarbaseCo,starbaseco,starbaseco, ,https://www.youtube.com/channel/UCZRWRaKqeH0OjAreoqkab2g
Flixxo,Social Network,2017-10-24,2017-11-24,4731021,12000000,Normal, ,1,1,1,1,1,0,1,1,0,1,1,1,0,flixxo, ,flixxo, ,https://www.youtube.com/channel/UCBmyuhQgtN88UAMGqSM4nIQ
Divi Project,Masternode,2017-10-27,2017-11-24,2592064,2000000,Normal, ,1,1,1,1,1,0,1,1,1,1,1,1,0,diviproject,divicoin,the-divi-project, ,https://www.youtube.com/channel/UCihooU0crqQkBOvV0_lsRnw
Aion,Blockchain,2017-11-24,2017-11-24,0,0,High, ,1,1,0,1,1,0,1,1,1,1,0,0,0,Aion_Network,aionnetwork,aion-network, ,https://youtube.com/channel/UCu4u9tYEgUyNL9KMgrCZvXQ
ARToken,Marketplace,2017-10-25,2017-11-23,2813147,30000000,Normal, ,1,1,1,1,1,0,1,1,1,1,1,0,0,cappasity,CappasityTech,cappasity-inc-, ,https://www.youtube.com/channel/UCRCSGdmb2ClX-3P9A6oXkAw
Science,Crowdfunding,2017-08-02,2017-11-22,12232781,100000000,Normal,"ETH, BTC, EOS, USD",0,1,1,1,1,0,1,0,1,0,0,0,0,Sciblockchain,SCIToken/SCIToken,science-blockchain , , 
CyberMiles,Blockchain,2017-11-21,2017-11-22,30881582,30900000,High, ,1,1,1,1,1,0,1,1,1,1,1,1,0,cybermiles,cybermiles,cybermiles, ,https://www.youtube.com/watch?v=o3SE_DV9iTs
Bodhi,Market,2017-11-20,2017-11-22,0,0,Normal, ,1,1,1,0,1,0,1,1,0,1,1,1,0,bodhitoken, ,bodhi-foundation-ltd, ,https://www.youtube.com/channel/UCnQERM7WQGfcNUbetmywZXA
Time New Bank,Marketplace,2017-11-14,2017-11-21,14360000,14400000,Not rated, ,0,1,1,0,1,0,0,1,1,0,0,1,0,TimeNewBank,timenewbank, , , 
UTRUST,Finance,2017-11-02,2017-11-20,21000000,21000000,Normal, ,1,1,1,1,1,0,1,1,1,0,1,1,0,UTRUST_Official,utrustdev,utrust-payment-solutions, , 
Zap Store,Blockchain Service,2017-10-21,2017-11-20,2827944,32200000,Normal, ,1,1,1,1,1,0,0,1,1,1,0,1,0,the_zapstore,zapproject/, , ,https://www.youtube.com/channel/UCj53uS32K8UwQCytBwPqmtg
Quantstamp,Security,2017-11-17,2017-11-19,31320000,31300000,High, ,0,1,1,1,1,0,1,1,1,1,1,1,0,Quantstamp,quantstamp/token-distribution/,quantstamp, ,https://www.youtube.com/channel/UCXP3YLX4JdI0gGb9UKSunMg
MicroMoney,Finance,2017-10-18,2017-11-18,10541585,30000000,Normal, ,1,1,1,1,1,0,1,1,1,1,1,1,1,MicromoneyIO,micro-money/prime,micromoney, ,https://www.youtube.com/channel/UCKVXG3WEYPyxmsnwClF5vPg/videos
B2BX,Trading,2017-10-02,2017-11-17,8078602,29500000,Normal, ,1,1,1,1,1,0,1,1,0,1,1,1,0,b2broker_net, ,b2broker, ,https://www.youtube.com/channel/UC4KhGwIE_hoteTMqNjarBVw/featured
Oracles Network,Smart Contract,2017-11-17,2017-11-17,12641032,12600000,High, ,1,1,1,0,1,0,0,1,1,1,1,1,0,poanetwork,oraclesorg, , ,https://www.youtube.com/channel/UCPp7CZ1OPvBVhHOb8CDxU2A
Privatix,Network,2017-10-19,2017-11-16,2391939,15000000,Normal, ,1,1,1,1,1,0,1,1,1,1,1,1,0,Privatix1,Privatix,privatix, ,https://www.youtube.com/channel/UC45KNwm-mmHADAR6jylrklg
Publica,Marketplace,2017-11-01,2017-11-15,1046210,1000000,Normal, ,1,1,1,1,1,0,1,1,1,0,1,1,0,PublicaIO,PublicaIO,publica.io, , 
Genesis Vision,Trading,2017-10-15,2017-11-15,2836732,23000000,Normal, ,1,1,1,0,1,0,0,1,1,0,1,1,0,genesis_vision,GenesisVision, , , 
Soma,Marketplace,2017-09-26,2017-11-15,6049621,39800000,Normal, ,1,1,1,1,1,0,1,0,1,1,1,1,0,SomaToken,Soma-co,soma-decentralized-social-marketplace, ,https://www.youtube.com/channel/UCXOislAVxYbZfb7ajiTcXJQ
Matryx,Collaboration,2017-09-13,2017-11-15,1984347,9000000,Normal, ,0,1,1,1,1,0,1,0,1,0,0,1,0,matryx_ai,matryx,matryx-ai, , 
Grid+,Blockchain Service,2017-10-30,2017-11-12,32226790,89000000,High, ,1,1,1,0,1,0,0,0,1,0,0,0,0,gridplus_energy,gridplus, , , 
QASH,Trading,2017-11-05,2017-11-08,106400000,106400000,Normal, ,1,1,1,1,1,0,1,1,0,1,0,1,1,quoine_SG, ,quoine, ,https://www.youtube.com/channel/UCOR2GJnFoOgTazC5v6mBTSA
COMSA,Blockchain Service,2017-10-02,2017-11-06,0,0,Normal, ,0,1,1,1,1,0,1,0,0,1,0,1,0,comsaglobal, ,comsa-global, ,https://www.youtube.com/channel/UCYlxKrV66AlIu7hRDCoDBeA
Ripio Credit Network,Finance,2017-10-24,2017-11-05,37863045,37900000,Normal, ,1,1,1,1,1,0,1,1,1,1,1,1,0,RCN_token,ripio/rcn-token,ripio-credit-network, ,https://www.youtube.com/channel/UCamqroruWBDSuND_-8tZ-yg
Ignis,Blockchain,2017-08-05,2017-11-04,21600000,21600000,High, ,1,1,1,0,1,0,1,0,0,1,1,0,0,Jelurida, ,jelurida-b.v., ,https://www.youtube.com/user/lyaffe1
Dragonchain,Blockchain Service,2017-10-02,2017-11-03,0,0,High, ,1,1,1,1,1,0,1,0,1,1,0,0,0,dragonchaingang,dragonchain/dragonchain,dragonchain, ,https://www.youtube.com/channel/UC2_StJYNWFrQz2wiL8n6hoA
Raiden Network,Blockchain Service,2017-10-18,2017-11-01,33407260,33400000,High, ,1,1,1,0,1,0,0,1,1,1,1,0,0,raiden_network,raiden-network/raiden, , ,https://www.youtube.com/channel/UCoUP_hnjUddEvbxmtNCcApg
Dentacoin,Business,2017-10-01,2017-11-01,1923507,28800000,Normal, ,1,1,1,1,1,0,1,1,1,1,0,0,0,dentacoin,Dentacoin,dentacoin, ,https://www.youtube.com/channel/UCSL-UsN8dc4CzHWiCv-NfrQ
Enjin Coin,Gaming,2017-10-03,2017-11-01,22959609,25000000,Normal, ,1,1,1,1,1,0,0,1,1,1,1,1,0,enjin,enjin, , ,https://www.youtube.com/channel/UC7F0a-BLue6W5E0Qcg-r5kw
Aeron,Blockchain Service,2017-09-19,2017-10-31,4897723,30000000,Normal, ,1,1,1,1,1,0,1,1,1,1,1,1,0,aeron_aero,aeronaero/aeron,aeronpublic, ,https://www.youtube.com/channel/UC5kHSnnbz8epwZOqVPci98w
CryptoPay,Card,2017-10-02,2017-10-30,18148220,64300000,Normal, ,0,1,1,0,1,0,1,1,1,0,1,1,0,cryptopay,cryptopay-dev,cryptopay, , 
Horizon State,Blockchain Service,2017-10-16,2017-10-30,893520,61200000,Normal, ,1,1,1,1,1,0,1,1,0,1,1,1,0,horizonstate, ,horizonstate, ,https://www.youtube.com/channel/UCnpuPVNY6RkNTaCNq6odOxA
Etherparty,Smart Contract,2017-10-01,2017-10-29,33732274,65000000,Normal, ,1,1,1,1,1,0,0,1,1,1,0,1,0,etherparty_io,etherparty, , ,https://www.youtube.com/c/EtherpartyIo8
Snip,Media,2017-09-29,2017-10-29,4972669,8500000,Normal, ,1,1,1,1,1,0,1,0,1,1,1,1,0,sniptoday,sniptoday,snip-llc, ,https://www.youtube.com/channel/UC6d5FoTGtwWLMjcnfmnHkhQ
Swarm Fund,Real Assets,2017-10-21,2017-10-28,5370258,55000000,Normal, ,1,1,1,0,1,0,1,0,1,1,0,1,0,TheSwarmFund,swarmfund,swarm-fund, ,https://www.youtube.com/channel/UCiA8w1wDJW6iXNvEh_Mr2cw
Polkadot,Blockchain,2017-10-15,2017-10-27,0,0,Very High, ,1,1,1,0,1,0,0,0,1,1,1,0,0,polkadotnetwork,w3f, , ,https://www.youtube.com/channel/UCB7PbjuZLEba_znc7mEGNgw
BLOCKv,Blockchain Service,2017-10-19,2017-10-25,21599100,40000000,Normal, ,1,1,1,1,1,0,0,1,0,0,1,1,0,blockv_io, , , , 
Astronaut,CryptoFund,2017-09-20,2017-10-25,0,0,Normal, ,0,1,1,1,1,0,0,0,0,0,1,0,0,astronautcap, , , , 
UnikoinGold,Bets,2017-09-22,2017-10-23,29436000,86400000,Normal, ,0,1,1,1,1,0,1,1,1,0,0,1,0,UnikrnCo,unikoingold,unikrn, , 
COBINHOOD,Trading,2017-09-13,2017-10-23,13078406,25000000,Normal, ,1,1,1,1,1,0,1,0,1,1,1,1,0,Cobinhood,cobinhood/,cobinhood, ,https://www.youtube.com/channel/UC-G2bQ-0voju8c2IxJJhGfA
Electroneum,Currency,2017-09-14,2017-10-23,39934610,40000000,Normal, ,0,1,1,1,1,0,1,0,1,0,0,1,0,electroneum,electroneum,electroneum, , 
Ambrosus,Blockchain Service,2017-09-22,2017-10-22,32507330,97800000,Normal, ,1,1,1,1,1,0,1,1,1,1,0,1,0,http:twitter.comAmbrosusAMB,http://github.com/ambrosus,ambrosus, ,https://www.youtube.com/channel/UC27wKQU7KBgvtuTAOKD0BJg
Qvolta,Trading,2017-10-10,2017-10-20,729652,4700000,Normal, ,1,1,1,1,1,0,1,1,1,1,1,1,0,Qvolta_Wallet,qvolta?tab=repositories,qvolta, ,https://www.youtube.com/channel/UChxN3r5Qs0jg4dD-E09pMLg
DOVU,Mobile,2017-10-03,2017-10-17,6644682,28400000,Normal, ,1,1,1,1,1,0,0,1,1,1,0,1,0,dovuofficial,TokenMarketNet/ico, , ,https://www.youtube.com/channel/UCxiQtFv5gIaxIr1hnF1PQOw
HEROcoin,Bets,2017-09-14,2017-10-16,2021034,16000000,Normal, ,1,1,1,1,1,0,1,1,0,1,0,1,0,HEROcoinio, ,herocoin, ,https://www.youtube.com/channel/UCi6gLMu21XsrnWcdS0VOwdw
eidoo,Blockchain Service,2017-10-04,2017-10-16,27676992,51700000,Normal, ,0,1,1,1,1,0,1,0,0,0,1,1,0,eidoo_io, ,eidoo, , 
Change Bank,Banking,2017-09-16,2017-10-16,15963255,40000000,Normal, ,1,1,1,1,1,0,1,0,0,1,1,1,0,http:twitter.comchangefinance, ,getchange, ,https://www.youtube.com/channel/UCWK5RDsAh3C7jVclziAVF7w
Request Network,Finance,2017-10-13,2017-10-16,33600000,33600000,Normal, ,0,1,1,1,1,0,1,1,1,0,0,1,0,requestnetwork,RequestNetwork/,request-network, , 
Credit Protocol,Finance,2017-10-01,2017-10-16,15300000,15300000,Normal, ,0,1,1,1,1,0,1,1,1,1,1,1,0,blockmasonio,blockmason,blockmason-inc, ,https://www.youtube.com/channel/UCqv0UBWjgjM5JZkxdQR7DYw
Paragon,Social,2017-09-15,2017-10-16,6000000,100000000,Very Low, ,1,1,1,1,1,0,1,1,0,0,0,1,0,paragoncoin, ,paragoncoin, , 
Doc.ai,Artificial Intelligence,2017-09-28,2017-10-14,11158215,31800000,Normal, ,1,1,1,1,1,0,1,1,0,1,1,1,0,_doc_ai, ,doc.ai, ,https://www.youtube.com/channel/UCAiPK8IxWx-pSLvqljnr6-g
bitJob,Marketplace,2017-09-12,2017-10-13,2726424,12000000,Normal, ,1,1,1,1,1,0,1,1,1,1,1,1,0,BitJob_Team,bitjobteam,bitjob, ,https://www.youtube.com/channel/UCPtjrCU8pUztqQHY75a7npg
Streamr,Blockchain Service,2017-10-12,2017-10-13,27000000,27000000,Normal, ,1,1,1,0,1,0,1,1,0,1,1,0,0,streamrinc, ,streamr-ltd-, ,https://www.youtube.com/channel/UCGWEA61RueG-9DV53s-ZyJQ
Anryze,Blockchain Service,2017-09-12,2017-10-12,1759099,6000000,Normal, ,1,1,0,1,1,0,1,0,0,1,1,0,0,https:www.twitter.comanryze, ,anryze, ,https://www.youtube.com/channel/UCHPXQw55HxzXqF2hGRPjA-w
Ties.Network,Collaboration,2017-09-21,2017-10-12,6399760,33600000,Normal, ,1,1,1,1,1,0,1,1,1,1,0,1,0,tiesnetwork,http://github.com/tiesnetwork,tiesdb, ,https://www.youtube.com/channel/UCjDS8EQ21VEBgKAgQgMIcVQ
AirSwap,Trading,2017-10-10,2017-10-11,12600000,12600000,High, ,1,1,1,1,1,0,1,1,1,1,1,1,0,airswap,airswap,airswap, ,https://www.youtube.com/channel/UCb2tLdHXs72fdtKXGD1uPAg
LAToken,Market,2017-08-22,2017-10-10,18880673,40000000,Not rated, ,1,1,1,1,1,0,1,0,0,1,0,1,0,latokens, ,latoken, ,https://www.youtube.com/channel/UCvTfsRYJYD2X26VXbqDVgTQ
Maecenas,Marketplace,2017-09-07,2017-10-10,15375432,18900000,Normal, ,0,1,1,1,1,0,1,0,0,0,1,0,0,maecenasart, ,maecenas, , 
DomRaider,Blockchain Service,2017-09-12,2017-10-09,67200000,67200000,Normal, ,1,1,1,1,1,0,1,1,0,1,1,1,0,domraider, ,domraider, ,https://www.youtube.com/domraider
PayPie,Finance,2017-10-08,2017-10-08,26000000,26000000,Normal, ,0,1,1,1,1,0,1,1,0,0,0,1,0,PayPiePlatform, ,paypie, , 
Red Pulse,Market,2017-10-08,2017-10-08,14508923,14500000,High, ,0,1,1,1,1,0,1,1,1,1,0,1,0,red_pulse_china,RedPulse,red-pulse, ,https://www.youtube.com/c/RedPulseToken
PowerLedger,Blockchain Service,2017-09-08,2017-10-06,0,0,Normal, ,1,1,1,1,1,0,1,1,0,0,1,1,0,PowerLedger_io, ,power-ledger, , 
AirToken,Mobile,2017-10-01,2017-10-06,15000000,15000000,Normal, ,1,1,1,0,1,0,1,1,0,0,1,1,0,airtoken, ,airfox, , 
Wanchain,Blockchain Service,2017-10-03,2017-10-04,35990000,36000000,High, ,1,1,1,1,1,0,1,1,1,1,0,1,0,wanchain_org,wanchain,wanchain, ,https://www.youtube.com/channel/UCW_i8cncT0d1RyX7YCA_oKQ
Real,Real Estate,2017-08-31,2017-09-30,10604571,33000000,Normal, ,0,1,1,0,1,0,0,0,1,0,1,1,0,real_token,RealEstateAssetLedger/real_contract, , , 
ALIS,Media,2017-09-01,2017-09-29,3705000,35600000,Normal, ,0,1,1,0,1,0,1,1,1,0,1,0,0,ALIS_media,AlisProject,alismedia, , 
Internxt,Cloud Storage,2017-09-07,2017-09-28,220800,41000000,Normal, ,0,1,1,0,1,0,1,0,1,0,1,1,0,Internxt,internxt,internxt, , 
Kin,Currency,2017-09-12,2017-09-25,48594816,75000000,Normal, ,1,1,1,0,1,0,1,1,0,0,1,0,0,kin_foundation, ,kik-interactive-inc, , 
Cindicator,Hybrid Intellingence,2017-09-12,2017-09-24,15000000,15000000,Normal, ,1,1,1,1,1,0,1,0,1,1,1,1,0,crowd_indicator,cindicator,vote-, ,https://www.youtube.com/channel/UCNWkzeqsbFTYnyz3S3EceQg
Modum,Blockchain Service,2017-09-01,2017-09-22,13350000,16400000,Not rated, ,1,1,1,0,1,0,1,1,1,1,0,0,0,modum_io,modum-io,modum.io-ag, ,https://www.youtube.com/channel/UCx-0ppn98Ehy5jL1EPeiv_w
ICON,Blockchain,2017-09-20,2017-09-20,42750000,42800000,Very High, ,1,1,1,1,1,0,1,0,1,1,1,0,0,helloiconworld,icon-project,helloiconworld, ,https://www.youtube.com/channel/UC5SrWL7CKY09cVtuDxHtizw
ChainLink,Blockchain Service,2017-09-19,2017-09-19,32000000,32000000,High, ,0,1,1,0,1,0,1,0,0,0,0,1,0,smart_contract, ,chainlinknetwork, , 
Substratum,Blockchain Service,2017-08-14,2017-09-17,13800000,45000000,Normal, ,1,1,1,0,1,0,1,1,0,1,1,0,0,SubstratumNet, ,substratumnet, ,https://www.youtube.com/channel/UCxUJoTH0XLERKl55zGnFI6g/videos
KICKICO,Crowdfunding,2017-08-29,2017-09-16,21581925,12800000,Normal, ,1,1,1,1,1,0,1,1,0,1,1,0,0,KICKICOplatform, ,kickico, ,https://www.youtube.com/channel/UC_zMuXu_P7idt84qOqDFMcw
KyberNetwork,Trading,2017-09-15,2017-09-16,46000000,46000000,Not rated, ,1,1,1,0,1,0,1,0,1,1,0,0,0,kybernetwork,KyberNetwork,kybernetwork, ,https://www.youtube.com/channel/UCQ-8mEqsKM3x9dTT6rrqgJw
ICOS,Token Discounter,2017-08-15,2017-09-16,0,0,Normal, ,0,1,1,1,1,0,1,0,0,0,1,1,0,http:twitter.comicobox_io, ,icobox, , 
BitDice,Gambling,2017-08-15,2017-09-15,0,0,Not rated, ,0,1,1,0,1,0,0,1,0,0,1,1,1,BitDice, , , , 
Social,Social Network,2017-08-17,2017-09-15,5243080,15000000,Low, ,1,1,1,1,1,0,0,1,0,1,1,1,0,sociall_io, , , ,https://www.youtube.com/channel/UCoSx37iRR5KZ2TgMSzgk_mg
Blackmoon,Trading,2017-09-12,2017-09-13,30000000,30000000,Low, ,1,1,1,1,1,0,1,1,1,1,1,1,0,BlackmoonFG,blackmoonfg,blackmoon-financial-group, ,https://www.youtube.com/channel/UCS34Ybq9NxTibHXKMqcijfg
Enigma,Trading,2017-09-11,2017-09-11,45000000,45000000,High, ,0,1,1,0,1,0,1,1,0,1,0,1,0,enigmaMPC, ,enigma-mpc-, ,https://www.youtube.com/channel/UCyyl1qq8o7uIKd9caF1fanw
Rivetz,Security,2017-08-10,2017-09-10,18653920,20000000,Normal, ,1,1,1,1,1,0,0,1,0,1,0,0,0,rivetzcorp, , , ,https://www.youtube.com/channel/UC5mbk0LwtfOwuK1h-TFPCOw
Filecoin,Cloud Storage,2017-08-10,2017-09-08,257000000,40000000,Not rated, ,1,1,1,0,1,0,1,0,0,1,0,0,0,MineFilecoin, ,protocollabs, ,https://www.youtube.com/channel/UCJvMzILpV3b4AWXTEeQjcng
Hubii Network,Marketplace,2017-08-24,2017-09-07,7130256,50000000,Not rated, ,1,1,1,0,1,0,0,0,0,1,1,0,0,hubiinetwork, , , ,https://www.youtube.com/channel/UCkP1V8rj8pbBQtj1SmG0n0Q
Indorse,Blockchain Service,2017-08-08,2017-09-07,9247392,15000000,Normal, ,1,1,1,1,1,0,0,0,0,0,1,0,0,joinIndorse, , , , 
Aventus,Ticketing,2017-09-06,2017-09-06,18780000,18800000,Not rated, ,1,1,1,1,1,0,1,1,1,1,1,1,0,AventusPF,AventusProtocolFoundation,aventus-systems-limited, ,https://www.youtube.com/channel/UC2Gi9w34uO9RvJ1hxIRHHcw
Viberate,Media,2017-09-05,2017-09-05,12000000,12000000,Not rated, ,1,1,1,1,1,0,1,1,0,1,1,1,0,viberate_com, ,viberate, ,https://www.youtube.com/channel/UCNqR72YOybyCZzVhb5oeQhw
Tron,Blockchain Service,2017-08-31,2017-09-02,70000000,70000000,Not rated, ,0,1,1,1,1,0,1,0,1,1,0,0,0,Tronfoundation,tronprotocol,tronfoundation, ,https://www.youtube.com/channel/UC5OPOGRq02iK-0T9sKse_kA?view_as=subscriber
Everex,Blockchain Service,2017-07-24,2017-08-31,25840000,26000000,Not rated, ,1,1,1,1,1,0,1,0,1,1,0,1,0,http:twitter.comeverexio,http://github.com/everexio,everexio, ,https://www.youtube.com/channel/UC0IYiy2fu66fGBk3MzUlgaQ
Monetha,Currency,2017-08-31,2017-08-31,35910000,35900000,Not rated, ,1,1,1,1,1,0,1,1,1,1,1,1,0,Monetha_io,monetha,monetha, ,https://www.youtube.com/channel/UCtFfGdY6Kfi7qpBsCIAVc9g
ChronoLogic,Blockchain Service,2017-08-28,2017-08-30,7502120,13000000,Not rated, ,1,1,1,0,0,0,1,1,1,1,0,1,0, ,chronologic,chronologic.network, ,https://www.youtube.com/channel/UCTAH_8hSgbzd8Mq84zMsZJQ
DIMCOIN,Currency,2017-07-16,2017-08-27,14005746,13500000,Normal, ,1,1,1,1,1,0,1,0,0,1,0,1,0,DIMCOIN_, ,dimcoin.io, ,https://www.youtube.com/channel/UCT0Sq4kPSYK7oFNbXPiyDng
OPUS,Media,2017-07-24,2017-08-25,5737250,20000000,Not rated, ,1,1,1,1,1,0,0,1,1,1,1,1,0,opusfoundation,Opus-foundation/contracts, , ,https://www.youtube.com/channel/UCo5UJmWcifx6UfsAyHNzQFQ
Lampix,Hi-Tech,2017-08-09,2017-08-19,0,0,Not rated, ,1,1,0,1,1,0,1,1,0,1,0,0,0,lampix_co, ,lampix, ,https://www.youtube.com/channel/UCY3N6_p3fWC76XFrQlid0vQ
Decentraland,VR,2017-08-17,2017-08-19,24137000,20000000,Not rated, ,1,1,1,1,1,0,1,1,1,1,0,0,0,decentraland,decentraland,decentraland-foundation, ,https://www.youtube.com/channel/UCLXcTgzr05cFZaN972nuEXw
Agrello,Smart Contract,2017-07-17,2017-08-18,30100000,43200000,Not rated, ,1,1,1,1,1,0,1,1,0,1,0,0,0,AgrelloOfficial, ,agrellofoundation, ,https://www.youtube.com/channel/UCJ939SlnjwRQvRpaKuA_iOw
0x,Blockchain Service,2017-08-12,2017-08-16,24000000,24000000,Not rated, ,0,1,1,0,1,0,0,1,1,0,0,0,0,0xproject,0xProject, , , 
BlockCAT,Smart Contract,2017-08-15,2017-08-16,6284400,5000000,Not rated, ,1,1,0,1,1,0,0,0,1,1,1,0,0,blockcatio,BlockCatIO, , ,https://www.youtube.com/channel/UCIKcZ8MT_A495kJMpUBRkDg
SALT,Finance,2017-08-01,2017-08-15,48500000,48500000,Normal, ,1,1,1,1,1,0,0,0,0,1,0,0,0,SALTLending, , , ,https://www.youtube.com/channel/UCkjrP9UbwR601fH3yVm_xSA
Tierion,Blockchain Service,2017-08-01,2017-08-09,25000000,25000000,Normal, ,0,1,1,1,1,0,1,1,1,0,1,1,0,Tierion,tierion,tierion, , 
Po.et,Verification,2017-08-08,2017-08-09,10000000,10000000,Not rated, ,1,1,1,0,1,0,0,1,1,0,0,0,0,_poetproject,poetapp, , , 
Tezos,Blockchain,2017-07-01,2017-07-14,0,0,Normal, ,1,1,1,0,1,0,0,1,1,1,0,0,0,tez0s,tezos/tezos, , ,https://www.youtube.com/channel/UCMeXYClRGsIfqS_sqMeolqQ
Polybius,Banking,2017-05-31,2017-06-30,62956169,100000000,Normal, ,1,1,1,0,1,0,1,0,0,1,0,0,0,polybiuseu, ,polybius, ,https://www.youtube.com/channel/UCjvYmhdoQbaO-Yd4XcvT5nQ
EOS,Blockchain,2017-06-26,2017-06-26,0,0,High, ,1,1,1,1,1,0,0,0,1,0,1,0,0,eos_io,eosio, , , 
TenX,Card, ,2017-06-24,0,0,Normal, ,1,1,0,1,1,0,1,1,0,1,0,1,0,tenxwallet, ,tenxwallet, ,https://www.youtube.com/channel/UCrh49JX-9UQJbee6e4EGhog
