name,category,start,end,USD raised,USD aimed,ROI rate,accepted_currency,video,website,whitepaper,facebook,twitter,instagram,linkedin,reddit,github,youtube_channel,medium,bitcointalk,steemit,twitter_link,instagram_link,linkedin_link,youtube_channel_link
Elysian,E-commerce,2018-06-04 00:00:00,2018-06-26 00:00:00,7000000,7000000,,ETH,1,1,1,1,1,0,1,1,1,1,1,1,1,Elysian_ELY,,elysian-ely/,https://www.youtube.com/channel/UCm0BGtPu1nB-7HbeJsHKJTw
DAV Network,Blockchain Service,2018-06-11 00:00:00,2018-06-25 00:00:00,28508200,38000000,,,1,1,1,1,1,0,1,1,1,1,1,1,0,DavNetwork,,dav-foundation/,https://www.youtube.com/channel/UCPuAOygDwCiLOdLosiQJJ1w
GoNetwork,Blockchain Service,2018-06-11 00:00:00,2018-06-25 00:00:00,0,0,Not rated,,1,1,1,0,1,0,1,0,1,1,1,1,0,gonetwork_co,,gotoken/,https://www.youtube.com/channel/UCpu6zDStXGUl5_FvNtTzaag
Metronome,Currency,2018-06-18 00:00:00,2018-06-25 00:00:00,0,0,Normal,,0,1,1,1,1,0,1,1,1,0,1,0,0,MTNToken,,bloq-inc-/,
Multiversum,Blockchain,2018-05-01 00:00:00,2018-06-25 00:00:00,21721869,35000000,,,1,1,1,1,1,0,0,1,1,1,1,1,0,MultiversumBC,,,https://www.youtube.com/watch?v=SsvMFGNTEwQ
Hashgard,Blockchain,2018-01-01 00:00:00,2018-06-01 00:00:00,0,0,,,0,1,1,1,1,0,1,1,0,0,1,0,0,Hashgard1,,hashgard/,
AIRBLOC Protocol,Data Service,2018-06-15 00:00:00,2018-06-19 00:00:00,10427400,10400000,Normal,,1,1,1,1,1,0,0,1,1,1,1,0,0,AirblocOfficial,,,https://www.youtube.com/channel/UCKYRUMFyIYs_h4tyz1tKP3w
OneLedger,Blockchain Service,2018-06-15 00:00:00,2018-06-16 00:00:00,15000015,15000000,Normal,ETH,0,1,1,0,1,0,1,1,1,0,1,0,0,OneLedgerTech,,oneledger-innovative-tech-inc/,
FANTOM,Blockchain,2018-06-15 00:00:00,2018-06-16 00:00:00,39653398,39400000,Very High,,1,1,1,1,1,0,1,0,1,0,1,0,0,FantomFDN,,fantom-foundation/,
Alchemint,Currency,2018-06-09 00:00:00,2018-06-12 00:00:00,30000000,30000000,Normal,"ETH, NEO",0,1,1,1,1,0,1,1,0,1,0,0,0,Alchemint_SDT,,alchemint/,https://www.youtube.com/channel/UCwrtClCx049XDnyYFB6P2qw
MoneyToken,Finance,2018-05-02 00:00:00,2018-06-07 00:00:00,36174400,41500000,,,1,1,1,1,1,0,0,0,1,1,1,1,0,MoneyToken,,,https://www.youtube.com/channel/UCz9r7r5BSoq4eE6guMa7P-w
Atonomi,Blockchain Service,2018-06-06 00:00:00,2018-06-06 00:00:00,25000000,25000000,High,,0,1,1,1,1,0,1,1,1,1,0,0,0,atonomi,,atonomi/,https://www.youtube.com/channel/UCA3uN6KJAD2B0IRWpJIVClQ
Arweave,Data Service,2018-06-03 00:00:00,2018-06-06 00:00:00,8700000,8700000,,,1,1,1,1,1,0,1,1,1,1,1,0,0,ArweaveTeam,,arweave/,https://www.youtube.com/channel/UCdM3INQ5NAsNjWU8-2y_xjw
HybridBlock,Trading,2018-05-23 00:00:00,2018-06-06 00:00:00,47830000,50000000,,"ETH, BTC, NEO",1,1,1,1,1,0,1,1,0,1,1,1,0,HybridBlockHQ,,hybrid-block-official/,https://www.youtube.com/channel/UCbzLOZaEegUfTVBJQeSc0sw
Cool Cousin,Dapp,2018-05-15 00:00:00,2018-06-05 00:00:00,10008209,10400000,Low,ETH,1,1,1,1,1,0,1,1,1,1,1,1,0,coolcousinco,,cool-cousin/,https://www.youtube.com/channel/UClQ-OmPE_Y9moK8iUjJZ3-g
QuarkChain,Blockchain,2018-06-02 00:00:00,2018-06-03 00:00:00,20000000,20000000,Very High,,1,1,1,1,1,0,0,1,1,0,0,0,1,Quark_Chain,,,
Cardstack,Blockchain Service,2018-05-31 00:00:00,2018-06-01 00:00:00,35000000,35000000,Not rated,,1,1,1,0,1,0,1,1,1,0,1,1,0,cardstack,,cardstack-foundation/,
BitRewards,Marketing,2018-04-12 00:00:00,2018-06-01 00:00:00,6715741,15000000,,,1,1,1,1,1,0,0,1,1,1,1,1,0,bitrewards,,,https://www.youtube.com/channel/UCWwXrCr1ofCuADGsFC13HkA
Omnitude,Blockchain Service,2018-03-28 00:00:00,2018-06-01 00:00:00,7497400,25000000,Not rated,,1,1,1,1,1,0,1,1,1,0,1,1,0,Omnitudeorg,,omnitude/,
RightMesh,Mobile,2018-05-30 00:00:00,2018-05-31 00:00:00,30000000,30000000,,,1,1,1,1,1,0,1,1,1,1,1,0,0,Right_Mesh,,right-mesh/,https://www.youtube.com/channel/UCa-am0tFMgJbDP2_yYFhfRA
Bigbom,Advertising,2018-05-28 00:00:00,2018-05-30 00:00:00,6792000,6800000,,,1,1,1,1,1,0,0,0,1,1,1,0,0,bigbomglobal,,,https://www.youtube.com/channel/UCs6LAeB75nLLmHyQtGtl4uA
DCC,Finance,2018-05-28 00:00:00,2018-05-29 00:00:00,49000000,49000000,,,1,1,1,1,1,0,0,1,1,1,1,0,0,DccOfficial2018/,,,https://www.youtube.com/channel/UCX0Y5MQwTLGPtIP1jAJm9Ng
PCHAIN,Blockchain,2018-05-28 00:00:00,2018-05-28 00:00:00,26674000,26700000,High,,1,1,1,0,1,0,0,0,1,0,1,0,0,pchain_org,,,
Phantasma Protocol,Blockchain,2018-05-27 00:00:00,2018-05-28 00:00:00,9650000,9700000,High,,0,1,1,0,1,0,1,1,1,0,1,0,0,phantasma_io,,28608113/,
CarBlock,Real Business,,2018-05-28 00:00:00,22920000,22900000,,,1,1,1,1,1,0,1,0,1,1,1,1,0,CarBlock_io,,carblock/,https://www.youtube.com/channel/UCjgN4_1Jvv1KlETeoWalBVA
Insureum,Insurance,,2018-05-28 00:00:00,20000000,20000000,,,1,1,1,1,1,0,0,0,1,1,0,1,0,insureum_zikto,,,https://www.youtube.com/channel/UCMcCdwW8V3r4uSTY2qxdNIA
Sentinel Protocol,Security,2018-05-27 00:00:00,2018-05-27 00:00:00,27700000,27700000,Normal,,0,1,1,1,1,0,0,1,0,0,1,0,0,s_protocol/,,,
LemoChain,Data Service,2018-05-27 00:00:00,2018-05-27 00:00:00,6295404,6300000,,,1,1,1,1,1,0,0,1,1,1,1,0,0,lemochain,,,https://www.youtube.com/channel/UCdXVejZk2aa8WnEt051G5ZA
Egretia,Blockchain,2018-05-26 00:00:00,2018-05-26 00:00:00,23650450,23700000,Normal,,0,1,1,1,1,0,1,1,1,0,1,1,0,Egretia_io,,egretia/,
EdenChain,Blockchain,2018-05-24 00:00:00,2018-05-25 00:00:00,24000000,24000000,Normal,Token Issue: June 2018,1,1,1,1,1,0,1,1,0,0,1,0,0,edenchainio,,edenpartnersinc/,
MVL Chain,Blockchain Service,2018-05-15 00:00:00,2018-05-24 00:00:00,9971500,20700000,,,1,1,1,1,1,0,1,0,0,1,1,1,0,mvlchain,,mvlchain/,https://www.youtube.com/channel/UCWIwx5KcQIaf7Ti6piFhnKw
Blue Whale,Blockchain Service,2018-05-24 00:00:00,2018-05-24 00:00:00,22700000,22700000,,,0,1,1,1,1,0,1,1,0,1,1,1,0,BlueWhaleFdn,,bwx/,https://www.youtube.com/channel/UCj6pXevvLiO7YHm0fOMvwhw
Rate3 Network,Blockchain Service,,2018-05-21 00:00:00,17500000,17500000,Normal,,1,1,1,0,1,0,0,1,1,1,1,1,0,OfficialRate3,,,https://www.youtube.com/channel/UCFS1YeleAZ-O9W034DfL1iA
XYO Network,Blockchain Service,2018-03-20 00:00:00,2018-05-21 00:00:00,12000000,48000000,,,1,1,1,1,1,0,1,1,1,1,1,1,0,XYOracleNetwork,,xyonetwork/,https://www.youtube.com/channel/UCyZDqb9pgntVHJVt1pxXtsw/featured
ATN,Artificial Intelligence,,2018-05-20 00:00:00,0,0,,,0,1,1,1,1,0,1,1,1,0,0,0,1,atn_io,,atn-io/,
TTC Protocol,Protocol,2018-04-18 00:00:00,2018-05-18 00:00:00,19110000,21200000,Not rated,,0,1,1,1,1,0,1,0,1,0,1,0,0,http://www.twitter.com/ttceco,,ttc-protocol/,
Hero Node,Blockchain,2018-05-17 00:00:00,2018-05-17 00:00:00,21765720,21800000,Normal,,0,1,1,0,1,0,1,1,1,0,1,0,0,hero_node,,heronode/,
The Abyss (DAICO),Gaming,2018-04-18 00:00:00,2018-05-16 00:00:00,15352418,18000000,,,1,1,1,1,1,0,1,1,1,0,1,1,0,theabyss,,theabyss/,
VideoCoin,Blockchain Service,2018-01-01 00:00:00,2018-05-01 00:00:00,50000000,50000000,,,0,1,1,1,1,0,1,1,0,1,1,1,0,VideoCoinHQ,,live-planet-inc./,https://www.youtube.com/channel/UChyso79nMDhzDm0l0e7UuYQ
Academy,Blockchain Service,2018-03-15 00:00:00,2018-05-15 00:00:00,0,0,Low,,1,1,1,1,1,0,1,0,0,0,1,0,0,AcademyToken,,academytoken/,
Orbs,Blockchain,,2018-05-15 00:00:00,0,0,,,1,1,1,0,1,0,1,1,1,1,1,0,0,orbs_network,,orbs/,https://www.youtube.com/channel/UCfpV4z-MGxeiabFkht1LNPQ
Quant Network,Blockchain Service,2018-05-01 00:00:00,2018-05-12 00:00:00,0,0,,ETH,1,1,1,1,1,0,1,1,1,1,1,0,0,quant_network,,quantnetwork/,https://www.youtube.com/channel/UCsz53-6ZYJCI0TtE4M_kdkA
Bezant,Payments,2018-05-03 00:00:00,2018-05-11 00:00:00,27500000,40000000,,,1,1,1,1,1,0,1,1,0,1,1,1,0,bezant_io,,bezantofficial/,https://www.youtube.com/channel/UCNBH-gqh6_q0Tf1gbbQJzCw
HYCON,Blockchain,2018-03-30 00:00:00,2018-05-10 00:00:00,22932600,22900000,Normal,,1,1,1,1,1,0,1,1,1,1,1,0,0,teamhycon,,teamhycon/,https://www.youtube.com/channel/UCG70VYa9wVjYB_rZ3cRSPyQ
Virtue Poker,Gambling,2018-04-25 00:00:00,2018-05-09 00:00:00,18548000,18500000,,,1,1,1,1,1,0,1,0,0,0,0,0,0,Virtue_Poker,,virtue-poker/,
Eligma,Blockchain Service,2018-04-17 00:00:00,2018-05-08 00:00:00,11250740,24000000,,,1,1,1,1,1,0,1,1,1,1,1,1,0,eligmacom,,eligma/,https://www.youtube.com/channel/UCfshAN27bKPe4f3uBIr7jjA
DAOstack,Blockchain Service,2018-05-08 00:00:00,2018-05-08 00:00:00,30000000,30000000,Normal,,1,1,1,0,1,0,0,1,1,1,1,1,0,daostack,,,https://www.youtube.com/channel/UCX4GNxoP4GdGQk7pUp0j6JA/videos
HOLD,Finance,2018-05-04 00:00:00,2018-05-07 00:00:00,11300000,11300000,Normal,,0,1,1,0,1,0,1,0,0,0,1,0,0,HoldHQ,,holdplatformltd/,
Grain,Smart Contract,2018-04-16 00:00:00,2018-05-07 00:00:00,11303218,14800000,,ETH,1,1,1,1,1,0,1,0,1,1,1,1,0,Grain_io,,grain-io/,https://www.youtube.com/channel/UCGSjeO28gA7EhtLjpJ8vldA
Skrumble Network,Social Network,2018-05-05 00:00:00,2018-05-05 00:00:00,16472800,16500000,Normal,,1,1,1,1,1,0,1,0,1,0,0,0,0,skrumblehq,,skrumble/,
Libra Credit,Finance,2018-05-01 00:00:00,2018-05-05 00:00:00,26400000,26400000,Normal,,0,1,1,1,1,0,1,1,1,0,1,1,0,LibraCredit,,libracredit/,
Merculet,Blockchain Service,2018-05-04 00:00:00,2018-05-04 00:00:00,28686240,28700000,Normal,,1,1,1,1,1,0,1,1,1,0,1,1,0,Merculet_io,,merculet/,
Project SHIVOM,Healthcare,2018-05-03 00:00:00,2018-05-03 00:00:00,35000000,35000000,,,1,1,1,1,1,0,1,1,0,1,1,1,0,projectshivom,,project-shivom/,https://www.youtube.com/c/ProjectShivom
GoChain,Blockchain,2018-05-02 00:00:00,2018-05-03 00:00:00,13685000,13700000,High,,0,1,1,1,1,0,1,1,1,0,1,1,0,go_chain,,gochain/,
Unibright,Blockchain Service,2018-04-21 00:00:00,2018-05-02 00:00:00,13542375,13500000,Not rated,,1,1,1,1,1,0,1,1,0,1,1,1,0,UnibrightIO,,unibright/,https://www.youtube.com/channel/UC5rs94G9ZsUvce73PEWrV4w
Solve.Care,Healthcare,2018-03-31 00:00:00,2018-05-01 00:00:00,20000000,20000000,,,1,1,1,1,1,0,0,1,1,1,1,1,0,Solve_Care,,,https://www.youtube.com/channel/UCt75sklUcLfwYjTrn4asOBA
Blockchain Terminal,Trading,2018-04-01 00:00:00,2018-05-01 00:00:00,21500000,51500000,,,1,1,1,1,1,0,0,1,0,1,1,0,0,BCTerminal,,,https://www.youtube.com/channel/UCyq4KYf3n1wTwkBRigt5AYw?view_as=subscriber
KodakOne,Blockchain Service,,2018-05-01 00:00:00,0,0,,,0,1,0,1,1,0,1,0,0,1,1,0,0,KodakOne,,kodakone/,https://www.youtube.com/channel/UCf5zbB1P-p_qWjgC4yRVVzw
CloudMoolah,Gaming,2018-03-30 00:00:00,2018-04-30 00:00:00,12300000,15000000,Not rated,ETH,1,1,1,1,1,0,0,1,0,0,1,1,0,cloud_moolah,,,
Mainframe,Blockchain Service,2018-03-01 00:00:00,2018-04-01 00:00:00,0,0,Normal,,1,1,1,1,1,0,1,1,1,1,0,0,0,Mainframe_HQ,,mainframehq/,https://www.youtube.com/channel/UCOhQaYVAUypRWHucouG3Sjg
DAEX,Blockchain,2018-04-28 00:00:00,2018-04-29 00:00:00,0,0,,,0,1,1,0,1,0,0,0,0,0,0,0,0,daexblockchain,,,
Holo,Cloud Storage,2018-03-29 00:00:00,2018-04-28 00:00:00,20388500,20400000,,,1,1,1,1,1,0,0,1,1,1,0,1,0,H_O_L_O_,,,https://www.youtube.com/channel/UCSRJRJvkZHk3f1PemqT-R0g
Morpheus Network,Payments,2018-03-22 00:00:00,2018-04-22 00:00:00,9883347,18000000,,,1,1,1,1,0,0,1,1,0,0,1,1,0,,,morpheus-network/,
DML,Blockchain Service,2018-04-16 00:00:00,2018-04-22 00:00:00,10425492,17900000,,,1,1,1,1,1,0,0,1,1,1,1,0,0,DecentralizedML,,,https://www.youtube.com/channel/UCT_qj3gQri8uARHWjHw1JNw
Nebula AI,Blockchain,2018-04-02 00:00:00,2018-04-20 00:00:00,5874054,17700000,Not rated,,1,1,1,1,1,0,1,0,1,1,0,1,0,nebula_ai,,nebula-ai/,https://www.youtube.com/channel/UCWltsUAyiser4-_eLLGmpdg
NKN,Blockchain,2018-04-19 00:00:00,2018-04-19 00:00:00,12600000,12600000,High,,0,1,1,0,1,0,1,1,1,0,1,1,0,NKN_ORG,,nknetwork/,
Lendingblock,Finance,2018-04-15 00:00:00,2018-04-18 00:00:00,10000000,10000000,Normal,,1,1,1,1,1,0,1,1,1,1,0,1,0,lendingblock,,lendingblock/,https://www.youtube.com/channel/UCSW4xLO-6zXYI6BVT0o64Eg
Auctus,Finance,2018-03-27 00:00:00,2018-04-17 00:00:00,3865575,3900000,,,1,1,1,1,1,0,1,1,1,0,1,0,0,AuctusProject,,auctus-project/,
Open Platform,Blockchain Service,,2018-04-17 00:00:00,18000000,18000000,,,1,1,1,1,1,0,1,1,0,1,1,1,0,OpenPlatformICO,,theopenplatform/,https://www.youtube.com/channel/UCoNIXk5AUROlMy1XwIbbEvQ
Block Collider,Blockchain Service,2018-04-13 00:00:00,2018-04-16 00:00:00,7012829,7000000,High,,1,1,1,1,1,0,1,1,1,0,0,0,0,blockcollider,,blockcollider/,
Repux,Data Service,2018-03-06 00:00:00,2018-04-07 00:00:00,4700000,33100000,,,1,1,1,1,1,0,1,1,1,1,1,1,0,repu_x,,repux/,https://www.youtube.com/channel/UCCcDC1u2aGUUAV108zxC_8Q
Coinvest,Trading,2018-03-09 00:00:00,2018-04-06 00:00:00,5300000,30000000,Not rated,,0,1,1,1,1,0,1,0,1,1,1,1,0,CoinvestHQ,,coinvesthq/,https://www.youtube.com/channel/UCX-pE6nXFg3uK2_cMQ5n6jA
BitGuild,Gaming,2018-03-16 00:00:00,2018-04-06 00:00:00,13408025,16700000,Not rated,,0,1,1,1,1,0,1,1,0,1,1,1,0,BitGuildPLAT,,bitguild/,https://www.youtube.com/channel/UCvk-Ir3FoksiHMa2qqiymJQ
Thrive,Advertising,2018-03-10 00:00:00,2018-04-05 00:00:00,26031250,30600000,,"ETH, BTC, LTC",1,1,1,1,1,0,1,0,1,1,1,1,0,WeareThrivelabs,,thrivelabs.io/,https://www.youtube.com/channel/UC-mEhSbHxY8tIG7T9MK-nZg
Chainium,Trading,2018-03-28 00:00:00,2018-04-04 00:00:00,3434946,5500000,Not rated,,1,1,1,1,1,0,1,0,1,1,1,1,0,ChainiumIO,,chainium/,https://www.youtube.com/channel/UCeOea6Kxx-2DoPjc97E8a-w/featured
Seele,Blockchain,2018-04-03 00:00:00,2018-04-03 00:00:00,12133800,12100000,Not rated,,0,1,1,1,1,0,1,1,1,0,1,1,0,SeeleTech,,seeletech/,
Nexo,Banking,2018-03-06 00:00:00,2018-04-01 00:00:00,52500000,52500000,,,1,1,1,1,1,0,1,0,0,1,1,0,0,NexoFinance,,nexofinance/,https://www.youtube.com/channel/UCDMuAzBypoeEV9i6v-dmQwA
Faceter,Verification,2018-02-15 00:00:00,2018-03-30 00:00:00,28610352,40800000,,,1,1,1,1,1,0,1,1,1,1,1,1,0,FaceterOfficial,,faceter/,https://www.youtube.com/channel/UCNuni06vUuSyi_D5rQm6pww
Narrative network,Social Network,2018-02-20 00:00:00,2018-03-29 00:00:00,14642183,22800000,,NEO,0,1,1,0,1,0,1,0,1,0,0,1,0,narrative_hq,,narrativehq/,
Effect.ai,Artificial Intelligence,2018-03-24 00:00:00,2018-03-28 00:00:00,13591090,18400000,Normal,,1,1,1,1,1,0,1,1,1,1,1,1,0,effectaix,,effectai/,https://www.youtube.com/channel/UCWzHpI310baipgvVMCxcwHA
Consensus,Artificial Intelligence,,2018-03-28 00:00:00,0,0,,,0,1,1,1,1,0,1,1,0,0,1,1,0,consensus_ai,,consensus-ai/,
Loki,Currency,2018-03-01 00:00:00,2018-03-26 00:00:00,0,0,,,0,1,1,0,1,0,1,1,1,1,0,1,0,loki_project,,lokiproject/,https://www.youtube.com/channel/UCN7LL0dEffQ7FSjbY5wwlnw
Cappasity,Marketplace,2018-02-22 00:00:00,2018-03-23 00:00:00,5100000,20000000,,,1,1,1,1,1,0,1,1,1,1,0,1,0,cappasity,,cappasity-inc-/,https://www.youtube.com/channel/UCRCSGdmb2ClX-3P9A6oXkAw
Celsius,Finance,2018-03-16 00:00:00,2018-03-22 00:00:00,50000000,50000000,,,1,1,1,1,1,0,1,1,0,1,1,1,0,CelsiusNetwork,,celsiusnetwork/,https://www.youtube.com/channel/UC3yZY7UVs-zPKBuyNuPinbQ
PolySwarm,Security,2018-02-20 00:00:00,2018-03-22 00:00:00,25930000,50000000,,,1,1,1,1,1,0,1,0,1,1,1,1,0,polyswarm,,polyswarm/,https://www.youtube.com/channel/UClkA8JVQ--oMsPomOKM85fA
Viewly,Blockchain Service,2018-02-20 00:00:00,2018-03-22 00:00:00,12000000,12000000,,,0,1,0,1,1,0,1,0,1,0,1,0,0,OfficialViewly,,view-ly/,
Friendz,Marketing,2018-03-01 00:00:00,2018-03-21 00:00:00,18118800,50300000,Not rated,,1,1,1,1,1,0,1,1,0,0,1,1,0,Friendz_ICO,,friendz-app/,
Sapien Network,Social Network,2018-03-21 00:00:00,2018-03-21 00:00:00,11740619,30000000,Low,,1,1,1,1,1,0,1,1,1,0,0,1,0,sapien_network,,sapien.network/,
Valid,Verification,2018-02-24 00:00:00,2018-03-17 00:00:00,10730000,25000000,Not rated,"ETH, BTC, USD",1,1,1,1,1,0,1,1,1,1,0,1,0,valid_global,,valid.global/,https://www.youtube.com/channel/UCCjK3Sblx-Jxx8je84XakbQ
Switcheo Network,Exchange,2018-03-16 00:00:00,2018-03-17 00:00:00,8700000,8700000,Normal,,0,1,1,0,1,0,1,1,1,0,1,0,0,switcheonetwork,,switcheonetwork/,
Socialmedia.market,Marketing,2018-02-09 00:00:00,2018-03-16 00:00:00,8462740,9700000,,,1,1,1,0,1,0,1,1,1,1,1,1,0,SocialMedia_io,,socialmedia-market/,https://www.youtube.com/channel/UCPJ919jN8eCcVDkzbCR06nw
Dragon,Currency,2018-02-15 00:00:00,2018-03-15 00:00:00,320000000,407500000,,,1,1,1,1,1,0,1,1,0,1,1,1,0,dragoncoin,,dragon-corporation/,https://www.youtube.com/channel/UCG9Ep0pYsSujqcfmCjHSlAQ
SyncFab,Blockchain Service,2018-02-15 00:00:00,2018-03-15 00:00:00,9155717,19700000,,,1,1,1,1,1,0,1,1,1,1,1,1,0,syncfab,,syncfab/,https://www.youtube.com/user/syncfab
Endor,Hybrid Intellingence,2018-02-19 00:00:00,2018-03-14 00:00:00,45000000,45000000,Normal,,1,1,1,1,1,0,1,1,1,1,1,0,0,endorscience,,endor-software-ltd,https://www.youtube.com/channel/UCnFEc86wGKq58we4mXyftRA
YGGDRASH,Blockchain,2018-03-12 00:00:00,2018-03-13 00:00:00,40000000,40000000,Not rated,,1,1,1,1,1,0,1,1,1,0,1,1,0,YggdrashNews,,akashic-foundation/,
Ocean Protocol,Blockchain Service,2018-03-07 00:00:00,2018-03-09 00:00:00,22100000,22100000,High,,1,1,1,0,1,0,1,1,1,1,0,0,0,oceanprotocol,,ocean-protocol/,https://www.youtube.com/channel/UCH8TXwmWWAE9TZO0yTBHB3A
Sentinel Chain,Marketplace,2018-03-06 00:00:00,2018-03-09 00:00:00,14400000,14400000,Normal,,1,1,1,0,1,0,1,1,1,1,1,1,0,sentinelchain,,sentinelchain/,https://www.youtube.com/channel/UCvfvoCTvnH2OMAArfwXLaLA
